timestamp,local_time,inverter_name,inverter_port,inverter_id,category,address,name,unit,value,message
timestamp,local_time,inverter_name,inverter_port,inverter_id,category,address,name,unit,value,message
"2025-04-01T00:00:01.209Z","01.04.2025 03:00:01","INV1","COM3","slave_4","info",20000,"Тип устройства (старший байт)","-",20566,
"2025-04-01T00:00:01.518Z","01.04.2025 03:00:01","INV1","COM3","slave_4","info",20001,"Тип устройства (младший байт)","-",1800,
"2025-04-01T00:00:01.827Z","01.04.2025 03:00:01","INV1","COM3","slave_4","info",20002,"Серийный номер (старший байт)","-",65535,
"2025-04-01T00:00:02.127Z","01.04.2025 03:00:02","INV1","COM3","slave_4","info",20003,"Серийный номер (младший байт)","-",65535,
"2025-04-01T00:00:02.440Z","01.04.2025 03:00:02","INV1","COM3","slave_4","info",20004,"Версия оборудования","-",10101,
"2025-04-01T00:00:02.742Z","01.04.2025 03:00:02","INV1","COM3","slave_4","info",20005,"Версия программного обеспечения","-",21706,
"2025-04-01T00:00:03.037Z","01.04.2025 03:00:03","INV1","COM3","slave_4","info",20006,"Версия протокола","-",10414,
"2025-04-01T00:00:03.329Z","01.04.2025 03:00:03","INV1","COM3","slave_4","status",25201,"Состояние работы","-",3,
"2025-04-01T00:00:03.642Z","01.04.2025 03:00:03","INV1","COM3","slave_4","status",25205,"Напряжение АКБ","V",548,
"2025-04-01T00:00:03.943Z","01.04.2025 03:00:03","INV1","COM3","slave_4","status",25206,"Выходное напряжение инвертора","V",2191,
"2025-04-01T00:00:04.253Z","01.04.2025 03:00:04","INV1","COM3","slave_4","status",25207,"Сетевое напряжение","V",2206,
"2025-04-01T00:00:04.555Z","01.04.2025 03:00:04","INV1","COM3","slave_4","status",25210,"Ток инвертора","A",5,
"2025-04-01T00:00:04.863Z","01.04.2025 03:00:04","INV1","COM3","slave_4","status",25213,"Мощность инвертора","W",65463,
"2025-04-01T00:00:05.180Z","01.04.2025 03:00:05","INV1","COM3","slave_4","status",25214,"Мощность сети","W",65292,
"2025-04-01T00:00:05.485Z","01.04.2025 03:00:05","INV1","COM3","slave_4","status",25215,"Мощность нагрузки","W",153,
"2025-04-01T00:00:05.812Z","01.04.2025 03:00:05","INV1","COM3","slave_4","status",25216,"Процент нагрузки","%",3,
"2025-04-01T00:00:06.122Z","01.04.2025 03:00:06","INV1","COM3","slave_4","status",25233,"Температура радиатора AC","C",55,
"2025-04-01T00:00:06.430Z","01.04.2025 03:00:06","INV1","COM3","slave_4","status",25234,"Температура трансформатора","C",62,
"2025-04-01T00:00:06.737Z","01.04.2025 03:00:06","INV1","COM3","slave_4","status",25235,"Температура радиатора DC","C",43,
"2025-04-01T00:00:07.039Z","01.04.2025 03:00:07","INV1","COM3","slave_4","energy",25245,"Накопленная зарядная энергия (старший байт)","kWh",0,
"2025-04-01T00:00:07.356Z","01.04.2025 03:00:07","INV1","COM3","slave_4","energy",25246,"Накопленная зарядная энергия (младший байт)","kWh",1060,
"2025-04-01T00:00:07.656Z","01.04.2025 03:00:07","INV1","COM3","slave_4","energy",25247,"Накопленная разрядная энергия (старший байт)","kWh",0,
"2025-04-01T00:00:07.960Z","01.04.2025 03:00:07","INV1","COM3","slave_4","energy",25248,"Накопленная разрядная энергия (младший байт)","kWh",44,
"2025-04-01T00:00:08.265Z","01.04.2025 03:00:08","INV1","COM3","slave_4","energy",25253,"Накопленная нагрузочная энергия (старший байт)","kWh",0,
"2025-04-01T00:00:08.571Z","01.04.2025 03:00:08","INV1","COM3","slave_4","energy",25254,"Накопленная нагрузочная энергия (младший байт)","kWh",3779,
"2025-04-01T00:00:08.874Z","01.04.2025 03:00:08","INV1","COM3","slave_4","error",25261,"Сообщение об ошибке 1","-",0,
"2025-04-01T00:00:09.191Z","01.04.2025 03:00:09","INV1","COM3","slave_4","error",25262,"Сообщение об ошибке 2","-",0,
"2025-04-01T00:00:09.498Z","01.04.2025 03:00:09","INV1","COM3","slave_4","error",25265,"Сообщение о предупреждении 1","-",0,
"2025-04-01T00:00:09.804Z","01.04.2025 03:00:09","INV1","COM3","slave_4","error",25266,"Сообщение о предупреждении 2","-",0,
"2025-04-01T00:00:10.114Z","01.04.2025 03:00:10","INV2","COM4","slave_4","info",20000,"Тип устройства (старший байт)","-",20566,
"2025-04-01T00:00:10.424Z","01.04.2025 03:00:10","INV2","COM4","slave_4","info",20001,"Тип устройства (младший байт)","-",1800,
"2025-04-01T00:00:10.735Z","01.04.2025 03:00:10","INV2","COM4","slave_4","info",20002,"Серийный номер (старший байт)","-",65535,
"2025-04-01T00:00:11.051Z","01.04.2025 03:00:11","INV2","COM4","slave_4","info",20003,"Серийный номер (младший байт)","-",65535,
"2025-04-01T00:00:11.373Z","01.04.2025 03:00:11","INV2","COM4","slave_4","info",20004,"Версия оборудования","-",10101,
"2025-04-01T00:00:11.693Z","01.04.2025 03:00:11","INV2","COM4","slave_4","info",20005,"Версия программного обеспечения","-",21706,
"2025-04-01T00:00:12.004Z","01.04.2025 03:00:12","INV2","COM4","slave_4","info",20006,"Версия протокола","-",10414,
"2025-04-01T00:00:12.299Z","01.04.2025 03:00:12","INV2","COM4","slave_4","status",25201,"Состояние работы","-",3,
"2025-04-01T00:00:12.600Z","01.04.2025 03:00:12","INV2","COM4","slave_4","status",25205,"Напряжение АКБ","V",548,
"2025-04-01T00:00:12.899Z","01.04.2025 03:00:12","INV2","COM4","slave_4","status",25206,"Выходное напряжение инвертора","V",2206,
"2025-04-01T00:00:13.209Z","01.04.2025 03:00:13","INV2","COM4","slave_4","status",25207,"Сетевое напряжение","V",2218,
"2025-04-01T00:00:13.522Z","01.04.2025 03:00:13","INV2","COM4","slave_4","status",25210,"Ток инвертора","A",3,
"2025-04-01T00:00:13.827Z","01.04.2025 03:00:13","INV2","COM4","slave_4","status",25213,"Мощность инвертора","W",65468,
"2025-04-01T00:00:14.124Z","01.04.2025 03:00:14","INV2","COM4","slave_4","status",25214,"Мощность сети","W",65143,
"2025-04-01T00:00:14.426Z","01.04.2025 03:00:14","INV2","COM4","slave_4","status",25215,"Мощность нагрузки","W",303,
"2025-04-01T00:00:14.739Z","01.04.2025 03:00:14","INV2","COM4","slave_4","status",25216,"Процент нагрузки","%",6,
"2025-04-01T00:00:15.054Z","01.04.2025 03:00:15","INV2","COM4","slave_4","status",25233,"Температура радиатора AC","C",49,
"2025-04-01T00:00:15.376Z","01.04.2025 03:00:15","INV2","COM4","slave_4","status",25234,"Температура трансформатора","C",63,
"2025-04-01T00:00:15.685Z","01.04.2025 03:00:15","INV2","COM4","slave_4","status",25235,"Температура радиатора DC","C",43,
"2025-04-01T00:00:15.994Z","01.04.2025 03:00:15","INV2","COM4","slave_4","energy",25245,"Накопленная зарядная энергия (старший байт)","kWh",0,
"2025-04-01T00:00:16.314Z","01.04.2025 03:00:16","INV2","COM4","slave_4","energy",25246,"Накопленная зарядная энергия (младший байт)","kWh",1075,
"2025-04-01T00:00:16.616Z","01.04.2025 03:00:16","INV2","COM4","slave_4","energy",25247,"Накопленная разрядная энергия (старший байт)","kWh",0,
"2025-04-01T00:00:16.917Z","01.04.2025 03:00:16","INV2","COM4","slave_4","energy",25248,"Накопленная разрядная энергия (младший байт)","kWh",43,
"2025-04-01T00:00:17.230Z","01.04.2025 03:00:17","INV2","COM4","slave_4","energy",25253,"Накопленная нагрузочная энергия (старший байт)","kWh",0,
"2025-04-01T00:00:17.538Z","01.04.2025 03:00:17","INV2","COM4","slave_4","energy",25254,"Накопленная нагрузочная энергия (младший байт)","kWh",7482,
"2025-04-01T00:00:17.849Z","01.04.2025 03:00:17","INV2","COM4","slave_4","error",25261,"Сообщение об ошибке 1","-",0,
"2025-04-01T00:00:18.160Z","01.04.2025 03:00:18","INV2","COM4","slave_4","error",25262,"Сообщение об ошибке 2","-",0,
"2025-04-01T00:00:18.468Z","01.04.2025 03:00:18","INV2","COM4","slave_4","error",25265,"Сообщение о предупреждении 1","-",0,
"2025-04-01T00:00:18.773Z","01.04.2025 03:00:18","INV2","COM4","slave_4","error",25266,"Сообщение о предупреждении 2","-",0,
"2025-04-01T00:00:19.080Z","01.04.2025 03:00:19","INV3","COM5","slave_4","info",20000,"Тип устройства (старший байт)","-",20566,
"2025-04-01T00:00:19.379Z","01.04.2025 03:00:19","INV3","COM5","slave_4","info",20001,"Тип устройства (младший байт)","-",1800,
"2025-04-01T00:00:19.686Z","01.04.2025 03:00:19","INV3","COM5","slave_4","info",20002,"Серийный номер (старший байт)","-",65535,
"2025-04-01T00:00:19.985Z","01.04.2025 03:00:19","INV3","COM5","slave_4","info",20003,"Серийный номер (младший байт)","-",65535,
"2025-04-01T00:00:20.292Z","01.04.2025 03:00:20","INV3","COM5","slave_4","info",20004,"Версия оборудования","-",10101,
"2025-04-01T00:00:20.592Z","01.04.2025 03:00:20","INV3","COM5","slave_4","info",20005,"Версия программного обеспечения","-",21706,
"2025-04-01T00:00:20.900Z","01.04.2025 03:00:20","INV3","COM5","slave_4","info",20006,"Версия протокола","-",10414,
"2025-04-01T00:00:21.199Z","01.04.2025 03:00:21","INV3","COM5","slave_4","status",25201,"Состояние работы","-",3,
"2025-04-01T00:00:21.508Z","01.04.2025 03:00:21","INV3","COM5","slave_4","status",25205,"Напряжение АКБ","V",548,
"2025-04-01T00:00:21.806Z","01.04.2025 03:00:21","INV3","COM5","slave_4","status",25206,"Выходное напряжение инвертора","V",2190,
"2025-04-01T00:00:22.123Z","01.04.2025 03:00:22","INV3","COM5","slave_4","status",25207,"Сетевое напряжение","V",2198,
"2025-04-01T00:00:22.428Z","01.04.2025 03:00:22","INV3","COM5","slave_4","status",25210,"Ток инвертора","A",4,
"2025-04-01T00:00:22.727Z","01.04.2025 03:00:22","INV3","COM5","slave_4","status",25213,"Мощность инвертора","W",65462,
"2025-04-01T00:00:23.037Z","01.04.2025 03:00:23","INV3","COM5","slave_4","status",25214,"Мощность сети","W",65004,
"2025-04-01T00:00:23.346Z","01.04.2025 03:00:23","INV3","COM5","slave_4","status",25215,"Мощность нагрузки","W",434,
"2025-04-01T00:00:23.653Z","01.04.2025 03:00:23","INV3","COM5","slave_4","status",25216,"Процент нагрузки","%",8,
"2025-04-01T00:00:23.953Z","01.04.2025 03:00:23","INV3","COM5","slave_4","status",25233,"Температура радиатора AC","C",52,
"2025-04-01T00:00:24.264Z","01.04.2025 03:00:24","INV3","COM5","slave_4","status",25234,"Температура трансформатора","C",64,
"2025-04-01T00:00:24.567Z","01.04.2025 03:00:24","INV3","COM5","slave_4","status",25235,"Температура радиатора DC","C",46,
"2025-04-01T00:00:24.873Z","01.04.2025 03:00:24","INV3","COM5","slave_4","energy",25245,"Накопленная зарядная энергия (старший байт)","kWh",0,
"2025-04-01T00:00:25.176Z","01.04.2025 03:00:25","INV3","COM5","slave_4","energy",25246,"Накопленная зарядная энергия (младший байт)","kWh",1084,
"2025-04-01T00:00:25.474Z","01.04.2025 03:00:25","INV3","COM5","slave_4","energy",25247,"Накопленная разрядная энергия (старший байт)","kWh",0,
"2025-04-01T00:00:25.790Z","01.04.2025 03:00:25","INV3","COM5","slave_4","energy",25248,"Накопленная разрядная энергия (младший байт)","kWh",44,
"2025-04-01T00:00:26.091Z","01.04.2025 03:00:26","INV3","COM5","slave_4","energy",25253,"Накопленная нагрузочная энергия (старший байт)","kWh",0,
"2025-04-01T00:00:26.391Z","01.04.2025 03:00:26","INV3","COM5","slave_4","energy",25254,"Накопленная нагрузочная энергия (младший байт)","kWh",6223,
"2025-04-01T00:00:26.701Z","01.04.2025 03:00:26","INV3","COM5","slave_4","error",25261,"Сообщение об ошибке 1","-",0,
"2025-04-01T00:00:27.023Z","01.04.2025 03:00:27","INV3","COM5","slave_4","error",25262,"Сообщение об ошибке 2","-",0,
"2025-04-01T00:00:27.323Z","01.04.2025 03:00:27","INV3","COM5","slave_4","error",25265,"Сообщение о предупреждении 1","-",0,
"2025-04-01T00:00:27.626Z","01.04.2025 03:00:27","INV3","COM5","slave_4","error",25266,"Сообщение о предупреждении 2","-",0,
"2025-04-01T00:15:01.006Z","01.04.2025 03:15:01","INV1","COM3","slave_4","info",20000,"Тип устройства (старший байт)","-",20566,
"2025-04-01T00:15:01.307Z","01.04.2025 03:15:01","INV1","COM3","slave_4","info",20001,"Тип устройства (младший байт)","-",1800,
"2025-04-01T00:15:01.613Z","01.04.2025 03:15:01","INV1","COM3","slave_4","info",20002,"Серийный номер (старший байт)","-",65535,
"2025-04-01T00:15:01.918Z","01.04.2025 03:15:01","INV1","COM3","slave_4","info",20003,"Серийный номер (младший байт)","-",65535,
"2025-04-01T00:15:02.214Z","01.04.2025 03:15:02","INV1","COM3","slave_4","info",20004,"Версия оборудования","-",10101,
"2025-04-01T00:15:02.517Z","01.04.2025 03:15:02","INV1","COM3","slave_4","info",20005,"Версия программного обеспечения","-",21706,
"2025-04-01T00:15:02.822Z","01.04.2025 03:15:02","INV1","COM3","slave_4","info",20006,"Версия протокола","-",10414,
"2025-04-01T00:15:03.121Z","01.04.2025 03:15:03","INV1","COM3","slave_4","status",25201,"Состояние работы","-",3,
"2025-04-01T00:15:03.421Z","01.04.2025 03:15:03","INV1","COM3","slave_4","status",25205,"Напряжение АКБ","V",548,
"2025-04-01T00:15:03.728Z","01.04.2025 03:15:03","INV1","COM3","slave_4","status",25206,"Выходное напряжение инвертора","V",2192,
"2025-04-01T00:15:04.034Z","01.04.2025 03:15:04","INV1","COM3","slave_4","status",25207,"Сетевое напряжение","V",2205,
"2025-04-01T00:15:04.353Z","01.04.2025 03:15:04","INV1","COM3","slave_4","status",25210,"Ток инвертора","A",6,
"2025-04-01T00:15:04.659Z","01.04.2025 03:15:04","INV1","COM3","slave_4","status",25213,"Мощность инвертора","W",65472,
"2025-04-01T00:15:04.961Z","01.04.2025 03:15:04","INV1","COM3","slave_4","status",25214,"Мощность сети","W",65307,
"2025-04-01T00:15:05.264Z","01.04.2025 03:15:05","INV1","COM3","slave_4","status",25215,"Мощность нагрузки","W",157,
"2025-04-01T00:15:05.568Z","01.04.2025 03:15:05","INV1","COM3","slave_4","status",25216,"Процент нагрузки","%",2,
"2025-04-01T00:15:05.879Z","01.04.2025 03:15:05","INV1","COM3","slave_4","status",25233,"Температура радиатора AC","C",55,
"2025-04-01T00:15:06.185Z","01.04.2025 03:15:06","INV1","COM3","slave_4","status",25234,"Температура трансформатора","C",62,
"2025-04-01T00:15:06.486Z","01.04.2025 03:15:06","INV1","COM3","slave_4","status",25235,"Температура радиатора DC","C",43,
"2025-04-01T00:15:06.796Z","01.04.2025 03:15:06","INV1","COM3","slave_4","energy",25245,"Накопленная зарядная энергия (старший байт)","kWh",0,
"2025-04-01T00:15:07.099Z","01.04.2025 03:15:07","INV1","COM3","slave_4","energy",25246,"Накопленная зарядная энергия (младший байт)","kWh",1060,
"2025-04-01T00:15:07.401Z","01.04.2025 03:15:07","INV1","COM3","slave_4","energy",25247,"Накопленная разрядная энергия (старший байт)","kWh",0,
"2025-04-01T00:15:07.711Z","01.04.2025 03:15:07","INV1","COM3","slave_4","energy",25248,"Накопленная разрядная энергия (младший байт)","kWh",44,
"2025-04-01T00:15:08.011Z","01.04.2025 03:15:08","INV1","COM3","slave_4","energy",25253,"Накопленная нагрузочная энергия (старший байт)","kWh",0,
"2025-04-01T00:15:08.330Z","01.04.2025 03:15:08","INV1","COM3","slave_4","energy",25254,"Накопленная нагрузочная энергия (младший байт)","kWh",3779,
"2025-04-01T00:15:08.633Z","01.04.2025 03:15:08","INV1","COM3","slave_4","error",25261,"Сообщение об ошибке 1","-",0,
"2025-04-01T00:15:08.947Z","01.04.2025 03:15:08","INV1","COM3","slave_4","error",25262,"Сообщение об ошибке 2","-",0,
"2025-04-01T00:15:09.255Z","01.04.2025 03:15:09","INV1","COM3","slave_4","error",25265,"Сообщение о предупреждении 1","-",0,
"2025-04-01T00:15:09.568Z","01.04.2025 03:15:09","INV1","COM3","slave_4","error",25266,"Сообщение о предупреждении 2","-",0,
"2025-04-01T00:15:09.878Z","01.04.2025 03:15:09","INV2","COM4","slave_4","info",20000,"Тип устройства (старший байт)","-",20566,
"2025-04-01T00:15:10.174Z","01.04.2025 03:15:10","INV2","COM4","slave_4","info",20001,"Тип устройства (младший байт)","-",1800,
"2025-04-01T00:15:10.487Z","01.04.2025 03:15:10","INV2","COM4","slave_4","info",20002,"Серийный номер (старший байт)","-",65535,
"2025-04-01T00:15:10.794Z","01.04.2025 03:15:10","INV2","COM4","slave_4","info",20003,"Серийный номер (младший байт)","-",65535,
"2025-04-01T00:15:11.105Z","01.04.2025 03:15:11","INV2","COM4","slave_4","info",20004,"Версия оборудования","-",10101,
"2025-04-01T00:15:11.418Z","01.04.2025 03:15:11","INV2","COM4","slave_4","info",20005,"Версия программного обеспечения","-",21706,
"2025-04-01T00:15:11.718Z","01.04.2025 03:15:11","INV2","COM4","slave_4","info",20006,"Версия протокола","-",10414,
"2025-04-01T00:15:12.023Z","01.04.2025 03:15:12","INV2","COM4","slave_4","status",25201,"Состояние работы","-",3,
"2025-04-01T00:15:12.332Z","01.04.2025 03:15:12","INV2","COM4","slave_4","status",25205,"Напряжение АКБ","V",548,
"2025-04-01T00:15:12.638Z","01.04.2025 03:15:12","INV2","COM4","slave_4","status",25206,"Выходное напряжение инвертора","V",2206,
"2025-04-01T00:15:12.952Z","01.04.2025 03:15:12","INV2","COM4","slave_4","status",25207,"Сетевое напряжение","V",2219,
"2025-04-01T00:15:13.248Z","01.04.2025 03:15:13","INV2","COM4","slave_4","status",25210,"Ток инвертора","A",7,
"2025-04-01T00:15:13.554Z","01.04.2025 03:15:13","INV2","COM4","slave_4","status",25213,"Мощность инвертора","W",65462,
"2025-04-01T00:15:13.849Z","01.04.2025 03:15:13","INV2","COM4","slave_4","status",25214,"Мощность сети","W",65138,
"2025-04-01T00:15:14.155Z","01.04.2025 03:15:14","INV2","COM4","slave_4","status",25215,"Мощность нагрузки","W",298,
"2025-04-01T00:15:14.470Z","01.04.2025 03:15:14","INV2","COM4","slave_4","status",25216,"Процент нагрузки","%",5,
"2025-04-01T00:15:14.782Z","01.04.2025 03:15:14","INV2","COM4","slave_4","status",25233,"Температура радиатора AC","C",49,
"2025-04-01T00:15:15.093Z","01.04.2025 03:15:15","INV2","COM4","slave_4","status",25234,"Температура трансформатора","C",63,
"2025-04-01T00:15:15.405Z","01.04.2025 03:15:15","INV2","COM4","slave_4","status",25235,"Температура радиатора DC","C",43,
"2025-04-01T00:15:15.720Z","01.04.2025 03:15:15","INV2","COM4","slave_4","energy",25245,"Накопленная зарядная энергия (старший байт)","kWh",0,
"2025-04-01T00:15:16.026Z","01.04.2025 03:15:16","INV2","COM4","slave_4","energy",25246,"Накопленная зарядная энергия (младший байт)","kWh",1076,
"2025-04-01T00:15:16.336Z","01.04.2025 03:15:16","INV2","COM4","slave_4","energy",25247,"Накопленная разрядная энергия (старший байт)","kWh",0,
"2025-04-01T00:15:16.648Z","01.04.2025 03:15:16","INV2","COM4","slave_4","energy",25248,"Накопленная разрядная энергия (младший байт)","kWh",43,
"2025-04-01T00:15:16.964Z","01.04.2025 03:15:16","INV2","COM4","slave_4","energy",25253,"Накопленная нагрузочная энергия (старший байт)","kWh",0,
"2025-04-01T00:15:17.277Z","01.04.2025 03:15:17","INV2","COM4","slave_4","energy",25254,"Накопленная нагрузочная энергия (младший байт)","kWh",7482,
"2025-04-01T00:15:17.574Z","01.04.2025 03:15:17","INV2","COM4","slave_4","error",25261,"Сообщение об ошибке 1","-",0,
"2025-04-01T00:15:17.891Z","01.04.2025 03:15:17","INV2","COM4","slave_4","error",25262,"Сообщение об ошибке 2","-",0,
"2025-04-01T00:15:18.208Z","01.04.2025 03:15:18","INV2","COM4","slave_4","error",25265,"Сообщение о предупреждении 1","-",0,
"2025-04-01T00:15:18.516Z","01.04.2025 03:15:18","INV2","COM4","slave_4","error",25266,"Сообщение о предупреждении 2","-",0,
"2025-04-01T00:15:18.820Z","01.04.2025 03:15:18","INV3","COM5","slave_4","info",20000,"Тип устройства (старший байт)","-",20566,
"2025-04-01T00:15:19.112Z","01.04.2025 03:15:19","INV3","COM5","slave_4","info",20001,"Тип устройства (младший байт)","-",1800,
"2025-04-01T00:15:19.420Z","01.04.2025 03:15:19","INV3","COM5","slave_4","info",20002,"Серийный номер (старший байт)","-",65535,
"2025-04-01T00:15:19.728Z","01.04.2025 03:15:19","INV3","COM5","slave_4","info",20003,"Серийный номер (младший байт)","-",65535,
"2025-04-01T00:15:20.028Z","01.04.2025 03:15:20","INV3","COM5","slave_4","info",20004,"Версия оборудования","-",10101,
"2025-04-01T00:15:20.332Z","01.04.2025 03:15:20","INV3","COM5","slave_4","info",20005,"Версия программного обеспечения","-",21706,
"2025-04-01T00:15:20.637Z","01.04.2025 03:15:20","INV3","COM5","slave_4","info",20006,"Версия протокола","-",10414,
"2025-04-01T00:15:20.937Z","01.04.2025 03:15:20","INV3","COM5","slave_4","status",25201,"Состояние работы","-",3,
"2025-04-01T00:15:21.237Z","01.04.2025 03:15:21","INV3","COM5","slave_4","status",25205,"Напряжение АКБ","V",548,
"2025-04-01T00:15:21.539Z","01.04.2025 03:15:21","INV3","COM5","slave_4","status",25206,"Выходное напряжение инвертора","V",2187,
"2025-04-01T00:15:21.843Z","01.04.2025 03:15:21","INV3","COM5","slave_4","status",25207,"Сетевое напряжение","V",2197,
"2025-04-01T00:15:22.151Z","01.04.2025 03:15:22","INV3","COM5","slave_4","status",25210,"Ток инвертора","A",7,
"2025-04-01T00:15:22.449Z","01.04.2025 03:15:22","INV3","COM5","slave_4","status",25213,"Мощность инвертора","W",65460,
"2025-04-01T00:15:22.749Z","01.04.2025 03:15:22","INV3","COM5","slave_4","status",25214,"Мощность сети","W",65047,
"2025-04-01T00:15:23.054Z","01.04.2025 03:15:23","INV3","COM5","slave_4","status",25215,"Мощность нагрузки","W",408,
"2025-04-01T00:15:23.350Z","01.04.2025 03:15:23","INV3","COM5","slave_4","status",25216,"Процент нагрузки","%",8,
"2025-04-01T00:15:23.651Z","01.04.2025 03:15:23","INV3","COM5","slave_4","status",25233,"Температура радиатора AC","C",52,
"2025-04-01T00:15:23.955Z","01.04.2025 03:15:23","INV3","COM5","slave_4","status",25234,"Температура трансформатора","C",64,
"2025-04-01T00:15:24.276Z","01.04.2025 03:15:24","INV3","COM5","slave_4","status",25235,"Температура радиатора DC","C",46,
"2025-04-01T00:15:24.587Z","01.04.2025 03:15:24","INV3","COM5","slave_4","energy",25245,"Накопленная зарядная энергия (старший байт)","kWh",0,
"2025-04-01T00:15:24.888Z","01.04.2025 03:15:24","INV3","COM5","slave_4","energy",25246,"Накопленная зарядная энергия (младший байт)","kWh",1085,
"2025-04-01T00:15:25.203Z","01.04.2025 03:15:25","INV3","COM5","slave_4","energy",25247,"Накопленная разрядная энергия (старший байт)","kWh",0,
"2025-04-01T00:15:25.506Z","01.04.2025 03:15:25","INV3","COM5","slave_4","energy",25248,"Накопленная разрядная энергия (младший байт)","kWh",44,
"2025-04-01T00:15:25.816Z","01.04.2025 03:15:25","INV3","COM5","slave_4","energy",25253,"Накопленная нагрузочная энергия (старший байт)","kWh",0,
"2025-04-01T00:15:26.131Z","01.04.2025 03:15:26","INV3","COM5","slave_4","energy",25254,"Накопленная нагрузочная энергия (младший байт)","kWh",6224,
"2025-04-01T00:15:26.445Z","01.04.2025 03:15:26","INV3","COM5","slave_4","error",25261,"Сообщение об ошибке 1","-",0,
"2025-04-01T00:15:26.751Z","01.04.2025 03:15:26","INV3","COM5","slave_4","error",25262,"Сообщение об ошибке 2","-",0,
"2025-04-01T00:15:27.051Z","01.04.2025 03:15:27","INV3","COM5","slave_4","error",25265,"Сообщение о предупреждении 1","-",0,
"2025-04-01T00:15:27.361Z","01.04.2025 03:15:27","INV3","COM5","slave_4","error",25266,"Сообщение о предупреждении 2","-",0,
"2025-04-01T00:30:00.377Z","01.04.2025 03:30:00","INV1","COM3","slave_4","info",20000,"Тип устройства (старший байт)","-",20566,
"2025-04-01T00:30:00.677Z","01.04.2025 03:30:00","INV1","COM3","slave_4","info",20001,"Тип устройства (младший байт)","-",1800,
"2025-04-01T00:30:00.989Z","01.04.2025 03:30:00","INV1","COM3","slave_4","info",20002,"Серийный номер (старший байт)","-",65535,
"2025-04-01T00:30:01.285Z","01.04.2025 03:30:01","INV1","COM3","slave_4","info",20003,"Серийный номер (младший байт)","-",65535,
"2025-04-01T00:30:01.590Z","01.04.2025 03:30:01","INV1","COM3","slave_4","info",20004,"Версия оборудования","-",10101,
"2025-04-01T00:30:01.896Z","01.04.2025 03:30:01","INV1","COM3","slave_4","info",20005,"Версия программного обеспечения","-",21706,
"2025-04-01T00:30:02.196Z","01.04.2025 03:30:02","INV1","COM3","slave_4","info",20006,"Версия протокола","-",10414,
"2025-04-01T00:30:02.488Z","01.04.2025 03:30:02","INV1","COM3","slave_4","status",25201,"Состояние работы","-",3,
"2025-04-01T00:30:02.806Z","01.04.2025 03:30:02","INV1","COM3","slave_4","status",25205,"Напряжение АКБ","V",548,
"2025-04-01T00:30:03.114Z","01.04.2025 03:30:03","INV1","COM3","slave_4","status",25206,"Выходное напряжение инвертора","V",2193,
"2025-04-01T00:30:03.422Z","01.04.2025 03:30:03","INV1","COM3","slave_4","status",25207,"Сетевое напряжение","V",2206,
"2025-04-01T00:30:03.733Z","01.04.2025 03:30:03","INV1","COM3","slave_4","status",25210,"Ток инвертора","A",6,
"2025-04-01T00:30:04.047Z","01.04.2025 03:30:04","INV1","COM3","slave_4","status",25213,"Мощность инвертора","W",65469,
"2025-04-01T00:30:04.344Z","01.04.2025 03:30:04","INV1","COM3","slave_4","status",25214,"Мощность сети","W",65301,
"2025-04-01T00:30:04.648Z","01.04.2025 03:30:04","INV1","COM3","slave_4","status",25215,"Мощность нагрузки","W",159,
"2025-04-01T00:30:04.964Z","01.04.2025 03:30:04","INV1","COM3","slave_4","status",25216,"Процент нагрузки","%",3,
"2025-04-01T00:30:05.265Z","01.04.2025 03:30:05","INV1","COM3","slave_4","status",25233,"Температура радиатора AC","C",55,
"2025-04-01T00:30:05.588Z","01.04.2025 03:30:05","INV1","COM3","slave_4","status",25234,"Температура трансформатора","C",62,
"2025-04-01T00:30:05.903Z","01.04.2025 03:30:05","INV1","COM3","slave_4","status",25235,"Температура радиатора DC","C",42,
"2025-04-01T00:30:06.230Z","01.04.2025 03:30:06","INV1","COM3","slave_4","energy",25245,"Накопленная зарядная энергия (старший байт)","kWh",0,
"2025-04-01T00:30:06.532Z","01.04.2025 03:30:06","INV1","COM3","slave_4","energy",25246,"Накопленная зарядная энергия (младший байт)","kWh",1060,
"2025-04-01T00:30:06.828Z","01.04.2025 03:30:06","INV1","COM3","slave_4","energy",25247,"Накопленная разрядная энергия (старший байт)","kWh",0,
"2025-04-01T00:30:07.137Z","01.04.2025 03:30:07","INV1","COM3","slave_4","energy",25248,"Накопленная разрядная энергия (младший байт)","kWh",44,
"2025-04-01T00:30:07.445Z","01.04.2025 03:30:07","INV1","COM3","slave_4","energy",25253,"Накопленная нагрузочная энергия (старший байт)","kWh",0,
"2025-04-01T00:30:07.754Z","01.04.2025 03:30:07","INV1","COM3","slave_4","energy",25254,"Накопленная нагрузочная энергия (младший байт)","kWh",3780,
"2025-04-01T00:30:08.068Z","01.04.2025 03:30:08","INV1","COM3","slave_4","error",25261,"Сообщение об ошибке 1","-",0,
"2025-04-01T00:30:08.380Z","01.04.2025 03:30:08","INV1","COM3","slave_4","error",25262,"Сообщение об ошибке 2","-",0,
"2025-04-01T00:30:08.687Z","01.04.2025 03:30:08","INV1","COM3","slave_4","error",25265,"Сообщение о предупреждении 1","-",0,
"2025-04-01T00:30:08.999Z","01.04.2025 03:30:08","INV1","COM3","slave_4","error",25266,"Сообщение о предупреждении 2","-",0,
"2025-04-01T00:30:09.312Z","01.04.2025 03:30:09","INV2","COM4","slave_4","info",20000,"Тип устройства (старший байт)","-",20566,
"2025-04-01T00:30:09.621Z","01.04.2025 03:30:09","INV2","COM4","slave_4","info",20001,"Тип устройства (младший байт)","-",1800,
"2025-04-01T00:30:09.920Z","01.04.2025 03:30:09","INV2","COM4","slave_4","info",20002,"Серийный номер (старший байт)","-",65535,
"2025-04-01T00:30:10.221Z","01.04.2025 03:30:10","INV2","COM4","slave_4","info",20003,"Серийный номер (младший байт)","-",65535,
"2025-04-01T00:30:10.518Z","01.04.2025 03:30:10","INV2","COM4","slave_4","info",20004,"Версия оборудования","-",10101,
"2025-04-01T00:30:10.822Z","01.04.2025 03:30:10","INV2","COM4","slave_4","info",20005,"Версия программного обеспечения","-",21706,
"2025-04-01T00:30:11.123Z","01.04.2025 03:30:11","INV2","COM4","slave_4","info",20006,"Версия протокола","-",10414,
"2025-04-01T00:30:11.427Z","01.04.2025 03:30:11","INV2","COM4","slave_4","status",25201,"Состояние работы","-",3,
"2025-04-01T00:30:11.737Z","01.04.2025 03:30:11","INV2","COM4","slave_4","status",25205,"Напряжение АКБ","V",548,
"2025-04-01T00:30:12.042Z","01.04.2025 03:30:12","INV2","COM4","slave_4","status",25206,"Выходное напряжение инвертора","V",2206,
"2025-04-01T00:30:12.350Z","01.04.2025 03:30:12","INV2","COM4","slave_4","status",25207,"Сетевое напряжение","V",2215,
"2025-04-01T00:30:12.655Z","01.04.2025 03:30:12","INV2","COM4","slave_4","status",25210,"Ток инвертора","A",6,
"2025-04-01T00:30:12.964Z","01.04.2025 03:30:12","INV2","COM4","slave_4","status",25213,"Мощность инвертора","W",65463,
"2025-04-01T00:30:13.264Z","01.04.2025 03:30:13","INV2","COM4","slave_4","status",25214,"Мощность сети","W",65155,
"2025-04-01T00:30:13.574Z","01.04.2025 03:30:13","INV2","COM4","slave_4","status",25215,"Мощность нагрузки","W",296,
"2025-04-01T00:30:13.879Z","01.04.2025 03:30:13","INV2","COM4","slave_4","status",25216,"Процент нагрузки","%",6,
"2025-04-01T00:30:14.179Z","01.04.2025 03:30:14","INV2","COM4","slave_4","status",25233,"Температура радиатора AC","C",49,
"2025-04-01T00:30:14.491Z","01.04.2025 03:30:14","INV2","COM4","slave_4","status",25234,"Температура трансформатора","C",63,
"2025-04-01T00:30:14.800Z","01.04.2025 03:30:14","INV2","COM4","slave_4","status",25235,"Температура радиатора DC","C",44,
"2025-04-01T00:30:15.103Z","01.04.2025 03:30:15","INV2","COM4","slave_4","energy",25245,"Накопленная зарядная энергия (старший байт)","kWh",0,
"2025-04-01T00:30:15.416Z","01.04.2025 03:30:15","INV2","COM4","slave_4","energy",25246,"Накопленная зарядная энергия (младший байт)","kWh",1076,
"2025-04-01T00:30:15.731Z","01.04.2025 03:30:15","INV2","COM4","slave_4","energy",25247,"Накопленная разрядная энергия (старший байт)","kWh",0,
"2025-04-01T00:30:16.055Z","01.04.2025 03:30:16","INV2","COM4","slave_4","energy",25248,"Накопленная разрядная энергия (младший байт)","kWh",43,
"2025-04-01T00:30:16.351Z","01.04.2025 03:30:16","INV2","COM4","slave_4","energy",25253,"Накопленная нагрузочная энергия (старший байт)","kWh",0,
"2025-04-01T00:30:16.668Z","01.04.2025 03:30:16","INV2","COM4","slave_4","energy",25254,"Накопленная нагрузочная энергия (младший байт)","kWh",7483,
"2025-04-01T00:30:16.970Z","01.04.2025 03:30:16","INV2","COM4","slave_4","error",25261,"Сообщение об ошибке 1","-",0,
"2025-04-01T00:30:17.277Z","01.04.2025 03:30:17","INV2","COM4","slave_4","error",25262,"Сообщение об ошибке 2","-",0,
"2025-04-01T00:30:17.583Z","01.04.2025 03:30:17","INV2","COM4","slave_4","error",25265,"Сообщение о предупреждении 1","-",0,
"2025-04-01T00:30:17.881Z","01.04.2025 03:30:17","INV2","COM4","slave_4","error",25266,"Сообщение о предупреждении 2","-",0,
"2025-04-01T00:30:18.185Z","01.04.2025 03:30:18","INV3","COM5","slave_4","info",20000,"Тип устройства (старший байт)","-",20566,
"2025-04-01T00:30:18.492Z","01.04.2025 03:30:18","INV3","COM5","slave_4","info",20001,"Тип устройства (младший байт)","-",1800,
"2025-04-01T00:30:18.804Z","01.04.2025 03:30:18","INV3","COM5","slave_4","info",20002,"Серийный номер (старший байт)","-",65535,
"2025-04-01T00:30:19.112Z","01.04.2025 03:30:19","INV3","COM5","slave_4","info",20003,"Серийный номер (младший байт)","-",65535,
"2025-04-01T00:30:19.416Z","01.04.2025 03:30:19","INV3","COM5","slave_4","info",20004,"Версия оборудования","-",10101,
"2025-04-01T00:30:19.727Z","01.04.2025 03:30:19","INV3","COM5","slave_4","info",20005,"Версия программного обеспечения","-",21706,
"2025-04-01T00:30:20.024Z","01.04.2025 03:30:20","INV3","COM5","slave_4","info",20006,"Версия протокола","-",10414,
"2025-04-01T00:30:20.334Z","01.04.2025 03:30:20","INV3","COM5","slave_4","status",25201,"Состояние работы","-",3,
"2025-04-01T00:30:20.639Z","01.04.2025 03:30:20","INV3","COM5","slave_4","status",25205,"Напряжение АКБ","V",548,
"2025-04-01T00:30:20.943Z","01.04.2025 03:30:20","INV3","COM5","slave_4","status",25206,"Выходное напряжение инвертора","V",2188,
"2025-04-01T00:30:21.258Z","01.04.2025 03:30:21","INV3","COM5","slave_4","status",25207,"Сетевое напряжение","V",2198,
"2025-04-01T00:30:21.559Z","01.04.2025 03:30:21","INV3","COM5","slave_4","status",25210,"Ток инвертора","A",6,
"2025-04-01T00:30:21.867Z","01.04.2025 03:30:21","INV3","COM5","slave_4","status",25213,"Мощность инвертора","W",65457,
"2025-04-01T00:30:22.172Z","01.04.2025 03:30:22","INV3","COM5","slave_4","status",25214,"Мощность сети","W",65008,
"2025-04-01T00:30:22.475Z","01.04.2025 03:30:22","INV3","COM5","slave_4","status",25215,"Мощность нагрузки","W",442,
"2025-04-01T00:30:22.775Z","01.04.2025 03:30:22","INV3","COM5","slave_4","status",25216,"Процент нагрузки","%",8,
"2025-04-01T00:30:23.086Z","01.04.2025 03:30:23","INV3","COM5","slave_4","status",25233,"Температура радиатора AC","C",52,
"2025-04-01T00:30:23.399Z","01.04.2025 03:30:23","INV3","COM5","slave_4","status",25234,"Температура трансформатора","C",64,
"2025-04-01T00:30:23.707Z","01.04.2025 03:30:23","INV3","COM5","slave_4","status",25235,"Температура радиатора DC","C",46,
"2025-04-01T00:30:24.005Z","01.04.2025 03:30:24","INV3","COM5","slave_4","energy",25245,"Накопленная зарядная энергия (старший байт)","kWh",0,
"2025-04-01T00:30:24.315Z","01.04.2025 03:30:24","INV3","COM5","slave_4","energy",25246,"Накопленная зарядная энергия (младший байт)","kWh",1085,
"2025-04-01T00:30:24.617Z","01.04.2025 03:30:24","INV3","COM5","slave_4","energy",25247,"Накопленная разрядная энергия (старший байт)","kWh",0,
"2025-04-01T00:30:24.931Z","01.04.2025 03:30:24","INV3","COM5","slave_4","energy",25248,"Накопленная разрядная энергия (младший байт)","kWh",44,
"2025-04-01T00:30:25.225Z","01.04.2025 03:30:25","INV3","COM5","slave_4","energy",25253,"Накопленная нагрузочная энергия (старший байт)","kWh",0,
"2025-04-01T00:30:25.537Z","01.04.2025 03:30:25","INV3","COM5","slave_4","energy",25254,"Накопленная нагрузочная энергия (младший байт)","kWh",6225,
"2025-04-01T00:30:25.837Z","01.04.2025 03:30:25","INV3","COM5","slave_4","error",25261,"Сообщение об ошибке 1","-",0,
"2025-04-01T00:30:26.142Z","01.04.2025 03:30:26","INV3","COM5","slave_4","error",25262,"Сообщение об ошибке 2","-",0,
"2025-04-01T00:30:26.450Z","01.04.2025 03:30:26","INV3","COM5","slave_4","error",25265,"Сообщение о предупреждении 1","-",0,
"2025-04-01T00:30:26.752Z","01.04.2025 03:30:26","INV3","COM5","slave_4","error",25266,"Сообщение о предупреждении 2","-",0,
"2025-04-01T00:45:00.756Z","01.04.2025 03:45:00","INV1","COM3","slave_4","info",20000,"Тип устройства (старший байт)","-",20566,
"2025-04-01T00:45:01.068Z","01.04.2025 03:45:01","INV1","COM3","slave_4","info",20001,"Тип устройства (младший байт)","-",1800,
"2025-04-01T00:45:01.367Z","01.04.2025 03:45:01","INV1","COM3","slave_4","info",20002,"Серийный номер (старший байт)","-",65535,
"2025-04-01T00:45:01.673Z","01.04.2025 03:45:01","INV1","COM3","slave_4","info",20003,"Серийный номер (младший байт)","-",65535,
"2025-04-01T00:45:01.976Z","01.04.2025 03:45:01","INV1","COM3","slave_4","info",20004,"Версия оборудования","-",10101,
"2025-04-01T00:45:02.275Z","01.04.2025 03:45:02","INV1","COM3","slave_4","info",20005,"Версия программного обеспечения","-",21706,
"2025-04-01T00:45:02.584Z","01.04.2025 03:45:02","INV1","COM3","slave_4","info",20006,"Версия протокола","-",10414,
"2025-04-01T00:45:02.891Z","01.04.2025 03:45:02","INV1","COM3","slave_4","status",25201,"Состояние работы","-",3,
"2025-04-01T00:45:03.194Z","01.04.2025 03:45:03","INV1","COM3","slave_4","status",25205,"Напряжение АКБ","V",548,
"2025-04-01T00:45:03.497Z","01.04.2025 03:45:03","INV1","COM3","slave_4","status",25206,"Выходное напряжение инвертора","V",2193,
"2025-04-01T00:45:03.808Z","01.04.2025 03:45:03","INV1","COM3","slave_4","status",25207,"Сетевое напряжение","V",2205,
"2025-04-01T00:45:04.116Z","01.04.2025 03:45:04","INV1","COM3","slave_4","status",25210,"Ток инвертора","A",4,
"2025-04-01T00:45:04.423Z","01.04.2025 03:45:04","INV1","COM3","slave_4","status",25213,"Мощность инвертора","W",65458,
"2025-04-01T00:45:04.740Z","01.04.2025 03:45:04","INV1","COM3","slave_4","status",25214,"Мощность сети","W",65295,
"2025-04-01T00:45:05.037Z","01.04.2025 03:45:05","INV1","COM3","slave_4","status",25215,"Мощность нагрузки","W",157,
"2025-04-01T00:45:05.354Z","01.04.2025 03:45:05","INV1","COM3","slave_4","status",25216,"Процент нагрузки","%",3,
"2025-04-01T00:45:05.663Z","01.04.2025 03:45:05","INV1","COM3","slave_4","status",25233,"Температура радиатора AC","C",55,
"2025-04-01T00:45:05.976Z","01.04.2025 03:45:05","INV1","COM3","slave_4","status",25234,"Температура трансформатора","C",62,
"2025-04-01T00:45:06.286Z","01.04.2025 03:45:06","INV1","COM3","slave_4","status",25235,"Температура радиатора DC","C",42,
"2025-04-01T00:45:06.594Z","01.04.2025 03:45:06","INV1","COM3","slave_4","energy",25245,"Накопленная зарядная энергия (старший байт)","kWh",0,
"2025-04-01T00:45:06.908Z","01.04.2025 03:45:06","INV1","COM3","slave_4","energy",25246,"Накопленная зарядная энергия (младший байт)","kWh",1060,
"2025-04-01T00:45:07.225Z","01.04.2025 03:45:07","INV1","COM3","slave_4","energy",25247,"Накопленная разрядная энергия (старший байт)","kWh",0,
"2025-04-01T00:45:07.536Z","01.04.2025 03:45:07","INV1","COM3","slave_4","energy",25248,"Накопленная разрядная энергия (младший байт)","kWh",44,
"2025-04-01T00:45:07.841Z","01.04.2025 03:45:07","INV1","COM3","slave_4","energy",25253,"Накопленная нагрузочная энергия (старший байт)","kWh",0,
"2025-04-01T00:45:08.148Z","01.04.2025 03:45:08","INV1","COM3","slave_4","energy",25254,"Накопленная нагрузочная энергия (младший байт)","kWh",3780,
"2025-04-01T00:45:08.460Z","01.04.2025 03:45:08","INV1","COM3","slave_4","error",25261,"Сообщение об ошибке 1","-",0,
"2025-04-01T00:45:08.777Z","01.04.2025 03:45:08","INV1","COM3","slave_4","error",25262,"Сообщение об ошибке 2","-",0,
"2025-04-01T00:45:09.080Z","01.04.2025 03:45:09","INV1","COM3","slave_4","error",25265,"Сообщение о предупреждении 1","-",0,
"2025-04-01T00:45:09.383Z","01.04.2025 03:45:09","INV1","COM3","slave_4","error",25266,"Сообщение о предупреждении 2","-",0,
"2025-04-01T00:45:09.695Z","01.04.2025 03:45:09","INV2","COM4","slave_4","info",20000,"Тип устройства (старший байт)","-",20566,
"2025-04-01T00:45:09.995Z","01.04.2025 03:45:09","INV2","COM4","slave_4","info",20001,"Тип устройства (младший байт)","-",1800,
"2025-04-01T00:45:10.292Z","01.04.2025 03:45:10","INV2","COM4","slave_4","info",20002,"Серийный номер (старший байт)","-",65535,
"2025-04-01T00:45:10.602Z","01.04.2025 03:45:10","INV2","COM4","slave_4","info",20003,"Серийный номер (младший байт)","-",65535,
"2025-04-01T00:45:10.904Z","01.04.2025 03:45:10","INV2","COM4","slave_4","info",20004,"Версия оборудования","-",10101,
"2025-04-01T00:45:11.208Z","01.04.2025 03:45:11","INV2","COM4","slave_4","info",20005,"Версия программного обеспечения","-",21706,
"2025-04-01T00:45:11.513Z","01.04.2025 03:45:11","INV2","COM4","slave_4","info",20006,"Версия протокола","-",10414,
"2025-04-01T00:45:11.810Z","01.04.2025 03:45:11","INV2","COM4","slave_4","status",25201,"Состояние работы","-",3,
"2025-04-01T00:45:12.111Z","01.04.2025 03:45:12","INV2","COM4","slave_4","status",25205,"Напряжение АКБ","V",548,
"2025-04-01T00:45:12.411Z","01.04.2025 03:45:12","INV2","COM4","slave_4","status",25206,"Выходное напряжение инвертора","V",2207,
"2025-04-01T00:45:12.735Z","01.04.2025 03:45:12","INV2","COM4","slave_4","status",25207,"Сетевое напряжение","V",2219,
"2025-04-01T00:45:13.051Z","01.04.2025 03:45:13","INV2","COM4","slave_4","status",25210,"Ток инвертора","A",3,
"2025-04-01T00:45:13.352Z","01.04.2025 03:45:13","INV2","COM4","slave_4","status",25213,"Мощность инвертора","W",65467,
"2025-04-01T00:45:13.662Z","01.04.2025 03:45:13","INV2","COM4","slave_4","status",25214,"Мощность сети","W",65266,
"2025-04-01T00:45:13.967Z","01.04.2025 03:45:13","INV2","COM4","slave_4","status",25215,"Мощность нагрузки","W",191,
"2025-04-01T00:45:14.281Z","01.04.2025 03:45:14","INV2","COM4","slave_4","status",25216,"Процент нагрузки","%",3,
"2025-04-01T00:45:14.582Z","01.04.2025 03:45:14","INV2","COM4","slave_4","status",25233,"Температура радиатора AC","C",49,
"2025-04-01T00:45:14.909Z","01.04.2025 03:45:14","INV2","COM4","slave_4","status",25234,"Температура трансформатора","C",63,
"2025-04-01T00:45:15.216Z","01.04.2025 03:45:15","INV2","COM4","slave_4","status",25235,"Температура радиатора DC","C",44,
"2025-04-01T00:45:15.522Z","01.04.2025 03:45:15","INV2","COM4","slave_4","energy",25245,"Накопленная зарядная энергия (старший байт)","kWh",0,
"2025-04-01T00:45:15.825Z","01.04.2025 03:45:15","INV2","COM4","slave_4","energy",25246,"Накопленная зарядная энергия (младший байт)","kWh",1076,
"2025-04-01T00:45:16.135Z","01.04.2025 03:45:16","INV2","COM4","slave_4","energy",25247,"Накопленная разрядная энергия (старший байт)","kWh",0,
"2025-04-01T00:45:16.462Z","01.04.2025 03:45:16","INV2","COM4","slave_4","energy",25248,"Накопленная разрядная энергия (младший байт)","kWh",43,
"2025-04-01T00:45:16.771Z","01.04.2025 03:45:16","INV2","COM4","slave_4","energy",25253,"Накопленная нагрузочная энергия (старший байт)","kWh",0,
"2025-04-01T00:45:17.094Z","01.04.2025 03:45:17","INV2","COM4","slave_4","energy",25254,"Накопленная нагрузочная энергия (младший байт)","kWh",7484,
"2025-04-01T00:45:17.409Z","01.04.2025 03:45:17","INV2","COM4","slave_4","error",25261,"Сообщение об ошибке 1","-",0,
"2025-04-01T00:45:17.703Z","01.04.2025 03:45:17","INV2","COM4","slave_4","error",25262,"Сообщение об ошибке 2","-",0,
"2025-04-01T00:45:18.009Z","01.04.2025 03:45:18","INV2","COM4","slave_4","error",25265,"Сообщение о предупреждении 1","-",0,
"2025-04-01T00:45:18.309Z","01.04.2025 03:45:18","INV2","COM4","slave_4","error",25266,"Сообщение о предупреждении 2","-",0,
"2025-04-01T00:45:18.613Z","01.04.2025 03:45:18","INV3","COM5","slave_4","info",20000,"Тип устройства (старший байт)","-",20566,
"2025-04-01T00:45:18.932Z","01.04.2025 03:45:18","INV3","COM5","slave_4","info",20001,"Тип устройства (младший байт)","-",1800,
"2025-04-01T00:45:19.247Z","01.04.2025 03:45:19","INV3","COM5","slave_4","info",20002,"Серийный номер (старший байт)","-",65535,
"2025-04-01T00:45:19.565Z","01.04.2025 03:45:19","INV3","COM5","slave_4","info",20003,"Серийный номер (младший байт)","-",65535,
"2025-04-01T00:45:19.869Z","01.04.2025 03:45:19","INV3","COM5","slave_4","info",20004,"Версия оборудования","-",10101,
"2025-04-01T00:45:20.175Z","01.04.2025 03:45:20","INV3","COM5","slave_4","info",20005,"Версия программного обеспечения","-",21706,
"2025-04-01T00:45:20.476Z","01.04.2025 03:45:20","INV3","COM5","slave_4","info",20006,"Версия протокола","-",10414,
"2025-04-01T00:45:20.789Z","01.04.2025 03:45:20","INV3","COM5","slave_4","status",25201,"Состояние работы","-",3,
"2025-04-01T00:45:21.095Z","01.04.2025 03:45:21","INV3","COM5","slave_4","status",25205,"Напряжение АКБ","V",542,
"2025-04-01T00:45:21.393Z","01.04.2025 03:45:21","INV3","COM5","slave_4","status",25206,"Выходное напряжение инвертора","V",2199,
"2025-04-01T00:45:21.714Z","01.04.2025 03:45:21","INV3","COM5","slave_4","status",25207,"Сетевое напряжение","V",2199,
"2025-04-01T00:45:22.019Z","01.04.2025 03:45:22","INV3","COM5","slave_4","status",25210,"Ток инвертора","A",0,
"2025-04-01T00:45:22.333Z","01.04.2025 03:45:22","INV3","COM5","slave_4","status",25213,"Мощность инвертора","W",0,
"2025-04-01T00:45:22.640Z","01.04.2025 03:45:22","INV3","COM5","slave_4","status",25214,"Мощность сети","W",65052,
"2025-04-01T00:45:22.937Z","01.04.2025 03:45:22","INV3","COM5","slave_4","status",25215,"Мощность нагрузки","W",473,
"2025-04-01T00:45:23.243Z","01.04.2025 03:45:23","INV3","COM5","slave_4","status",25216,"Процент нагрузки","%",9,
"2025-04-01T00:45:23.549Z","01.04.2025 03:45:23","INV3","COM5","slave_4","status",25233,"Температура радиатора AC","C",52,
"2025-04-01T00:45:23.866Z","01.04.2025 03:45:23","INV3","COM5","slave_4","status",25234,"Температура трансформатора","C",64,
"2025-04-01T00:45:24.178Z","01.04.2025 03:45:24","INV3","COM5","slave_4","status",25235,"Температура радиатора DC","C",47,
"2025-04-01T00:45:24.490Z","01.04.2025 03:45:24","INV3","COM5","slave_4","energy",25245,"Накопленная зарядная энергия (старший байт)","kWh",0,
"2025-04-01T00:45:24.791Z","01.04.2025 03:45:24","INV3","COM5","slave_4","energy",25246,"Накопленная зарядная энергия (младший байт)","kWh",1085,
"2025-04-01T00:45:25.094Z","01.04.2025 03:45:25","INV3","COM5","slave_4","energy",25247,"Накопленная разрядная энергия (старший байт)","kWh",0,
"2025-04-01T00:45:25.405Z","01.04.2025 03:45:25","INV3","COM5","slave_4","energy",25248,"Накопленная разрядная энергия (младший байт)","kWh",44,
"2025-04-01T00:45:25.712Z","01.04.2025 03:45:25","INV3","COM5","slave_4","energy",25253,"Накопленная нагрузочная энергия (старший байт)","kWh",0,
"2025-04-01T00:45:26.024Z","01.04.2025 03:45:26","INV3","COM5","slave_4","energy",25254,"Накопленная нагрузочная энергия (младший байт)","kWh",6226,
"2025-04-01T00:45:26.332Z","01.04.2025 03:45:26","INV3","COM5","slave_4","error",25261,"Сообщение об ошибке 1","-",0,
"2025-04-01T00:45:26.632Z","01.04.2025 03:45:26","INV3","COM5","slave_4","error",25262,"Сообщение об ошибке 2","-",0,
"2025-04-01T00:45:26.935Z","01.04.2025 03:45:26","INV3","COM5","slave_4","error",25265,"Сообщение о предупреждении 1","-",0,
"2025-04-01T00:45:27.236Z","01.04.2025 03:45:27","INV3","COM5","slave_4","error",25266,"Сообщение о предупреждении 2","-",0,
"2025-04-01T01:00:00.842Z","01.04.2025 04:00:00","INV1","COM3","slave_4","info",20000,"Тип устройства (старший байт)","-",20566,
"2025-04-01T01:00:01.146Z","01.04.2025 04:00:01","INV1","COM3","slave_4","info",20001,"Тип устройства (младший байт)","-",1800,
"2025-04-01T01:00:01.448Z","01.04.2025 04:00:01","INV1","COM3","slave_4","info",20002,"Серийный номер (старший байт)","-",65535,
"2025-04-01T01:00:01.747Z","01.04.2025 04:00:01","INV1","COM3","slave_4","info",20003,"Серийный номер (младший байт)","-",65535,
"2025-04-01T01:00:02.053Z","01.04.2025 04:00:02","INV1","COM3","slave_4","info",20004,"Версия оборудования","-",10101,
"2025-04-01T01:00:02.353Z","01.04.2025 04:00:02","INV1","COM3","slave_4","info",20005,"Версия программного обеспечения","-",21706,
"2025-04-01T01:00:02.648Z","01.04.2025 04:00:02","INV1","COM3","slave_4","info",20006,"Версия протокола","-",10414,
"2025-04-01T01:00:02.950Z","01.04.2025 04:00:02","INV1","COM3","slave_4","status",25201,"Состояние работы","-",3,
"2025-04-01T01:00:03.256Z","01.04.2025 04:00:03","INV1","COM3","slave_4","status",25205,"Напряжение АКБ","V",548,
"2025-04-01T01:00:03.570Z","01.04.2025 04:00:03","INV1","COM3","slave_4","status",25206,"Выходное напряжение инвертора","V",2194,
"2025-04-01T01:00:03.887Z","01.04.2025 04:00:03","INV1","COM3","slave_4","status",25207,"Сетевое напряжение","V",2206,
"2025-04-01T01:00:04.201Z","01.04.2025 04:00:04","INV1","COM3","slave_4","status",25210,"Ток инвертора","A",4,
"2025-04-01T01:00:04.514Z","01.04.2025 04:00:04","INV1","COM3","slave_4","status",25213,"Мощность инвертора","W",65460,
"2025-04-01T01:00:04.835Z","01.04.2025 04:00:04","INV1","COM3","slave_4","status",25214,"Мощность сети","W",65298,
"2025-04-01T01:00:05.147Z","01.04.2025 04:00:05","INV1","COM3","slave_4","status",25215,"Мощность нагрузки","W",150,
"2025-04-01T01:00:05.464Z","01.04.2025 04:00:05","INV1","COM3","slave_4","status",25216,"Процент нагрузки","%",2,
"2025-04-01T01:00:05.770Z","01.04.2025 04:00:05","INV1","COM3","slave_4","status",25233,"Температура радиатора AC","C",55,
"2025-04-01T01:00:06.073Z","01.04.2025 04:00:06","INV1","COM3","slave_4","status",25234,"Температура трансформатора","C",62,
"2025-04-01T01:00:06.383Z","01.04.2025 04:00:06","INV1","COM3","slave_4","status",25235,"Температура радиатора DC","C",42,
"2025-04-01T01:00:06.701Z","01.04.2025 04:00:06","INV1","COM3","slave_4","energy",25245,"Накопленная зарядная энергия (старший байт)","kWh",0,
"2025-04-01T01:00:07.012Z","01.04.2025 04:00:07","INV1","COM3","slave_4","energy",25246,"Накопленная зарядная энергия (младший байт)","kWh",1060,
"2025-04-01T01:00:07.329Z","01.04.2025 04:00:07","INV1","COM3","slave_4","energy",25247,"Накопленная разрядная энергия (старший байт)","kWh",0,
"2025-04-01T01:00:07.648Z","01.04.2025 04:00:07","INV1","COM3","slave_4","energy",25248,"Накопленная разрядная энергия (младший байт)","kWh",44,
"2025-04-01T01:00:07.955Z","01.04.2025 04:00:07","INV1","COM3","slave_4","energy",25253,"Накопленная нагрузочная энергия (старший байт)","kWh",0,
"2025-04-01T01:00:08.261Z","01.04.2025 04:00:08","INV1","COM3","slave_4","energy",25254,"Накопленная нагрузочная энергия (младший байт)","kWh",3780,
"2025-04-01T01:00:08.559Z","01.04.2025 04:00:08","INV1","COM3","slave_4","error",25261,"Сообщение об ошибке 1","-",0,
"2025-04-01T01:00:08.865Z","01.04.2025 04:00:08","INV1","COM3","slave_4","error",25262,"Сообщение об ошибке 2","-",0,
"2025-04-01T01:00:09.168Z","01.04.2025 04:00:09","INV1","COM3","slave_4","error",25265,"Сообщение о предупреждении 1","-",0,
"2025-04-01T01:00:09.475Z","01.04.2025 04:00:09","INV1","COM3","slave_4","error",25266,"Сообщение о предупреждении 2","-",0,
"2025-04-01T01:00:09.781Z","01.04.2025 04:00:09","INV2","COM4","slave_4","info",20000,"Тип устройства (старший байт)","-",20566,
"2025-04-01T01:00:10.082Z","01.04.2025 04:00:10","INV2","COM4","slave_4","info",20001,"Тип устройства (младший байт)","-",1800,
"2025-04-01T01:00:10.400Z","01.04.2025 04:00:10","INV2","COM4","slave_4","info",20002,"Серийный номер (старший байт)","-",65535,
"2025-04-01T01:00:10.712Z","01.04.2025 04:00:10","INV2","COM4","slave_4","info",20003,"Серийный номер (младший байт)","-",65535,
"2025-04-01T01:00:11.013Z","01.04.2025 04:00:11","INV2","COM4","slave_4","info",20004,"Версия оборудования","-",10101,
"2025-04-01T01:00:11.325Z","01.04.2025 04:00:11","INV2","COM4","slave_4","info",20005,"Версия программного обеспечения","-",21706,
"2025-04-01T01:00:11.625Z","01.04.2025 04:00:11","INV2","COM4","slave_4","info",20006,"Версия протокола","-",10414,
"2025-04-01T01:00:11.926Z","01.04.2025 04:00:11","INV2","COM4","slave_4","status",25201,"Состояние работы","-",3,
"2025-04-01T01:00:12.241Z","01.04.2025 04:00:12","INV2","COM4","slave_4","status",25205,"Напряжение АКБ","V",548,
"2025-04-01T01:00:12.542Z","01.04.2025 04:00:12","INV2","COM4","slave_4","status",25206,"Выходное напряжение инвертора","V",2207,
"2025-04-01T01:00:12.853Z","01.04.2025 04:00:12","INV2","COM4","slave_4","status",25207,"Сетевое напряжение","V",2220,
"2025-04-01T01:00:13.157Z","01.04.2025 04:00:13","INV2","COM4","slave_4","status",25210,"Ток инвертора","A",4,
"2025-04-01T01:00:13.480Z","01.04.2025 04:00:13","INV2","COM4","slave_4","status",25213,"Мощность инвертора","W",65466,
"2025-04-01T01:00:13.787Z","01.04.2025 04:00:13","INV2","COM4","slave_4","status",25214,"Мощность сети","W",65275,
"2025-04-01T01:00:14.100Z","01.04.2025 04:00:14","INV2","COM4","slave_4","status",25215,"Мощность нагрузки","W",167,
"2025-04-01T01:00:14.405Z","01.04.2025 04:00:14","INV2","COM4","slave_4","status",25216,"Процент нагрузки","%",3,
"2025-04-01T01:00:14.706Z","01.04.2025 04:00:14","INV2","COM4","slave_4","status",25233,"Температура радиатора AC","C",49,
"2025-04-01T01:00:15.016Z","01.04.2025 04:00:15","INV2","COM4","slave_4","status",25234,"Температура трансформатора","C",63,
"2025-04-01T01:00:15.326Z","01.04.2025 04:00:15","INV2","COM4","slave_4","status",25235,"Температура радиатора DC","C",44,
"2025-04-01T01:00:15.632Z","01.04.2025 04:00:15","INV2","COM4","slave_4","energy",25245,"Накопленная зарядная энергия (старший байт)","kWh",0,
"2025-04-01T01:00:15.944Z","01.04.2025 04:00:15","INV2","COM4","slave_4","energy",25246,"Накопленная зарядная энергия (младший байт)","kWh",1076,
"2025-04-01T01:00:16.242Z","01.04.2025 04:00:16","INV2","COM4","slave_4","energy",25247,"Накопленная разрядная энергия (старший байт)","kWh",0,
"2025-04-01T01:00:16.545Z","01.04.2025 04:00:16","INV2","COM4","slave_4","energy",25248,"Накопленная разрядная энергия (младший байт)","kWh",43,
"2025-04-01T01:00:16.854Z","01.04.2025 04:00:16","INV2","COM4","slave_4","energy",25253,"Накопленная нагрузочная энергия (старший байт)","kWh",0,
"2025-04-01T01:00:17.168Z","01.04.2025 04:00:17","INV2","COM4","slave_4","energy",25254,"Накопленная нагрузочная энергия (младший байт)","kWh",7485,
"2025-04-01T01:00:17.473Z","01.04.2025 04:00:17","INV2","COM4","slave_4","error",25261,"Сообщение об ошибке 1","-",0,
"2025-04-01T01:00:17.774Z","01.04.2025 04:00:17","INV2","COM4","slave_4","error",25262,"Сообщение об ошибке 2","-",0,
"2025-04-01T01:00:18.082Z","01.04.2025 04:00:18","INV2","COM4","slave_4","error",25265,"Сообщение о предупреждении 1","-",0,
"2025-04-01T01:00:18.384Z","01.04.2025 04:00:18","INV2","COM4","slave_4","error",25266,"Сообщение о предупреждении 2","-",0,
"2025-04-01T01:00:18.697Z","01.04.2025 04:00:18","INV3","COM5","slave_4","info",20000,"Тип устройства (старший байт)","-",20566,
"2025-04-01T01:00:19.002Z","01.04.2025 04:00:19","INV3","COM5","slave_4","info",20001,"Тип устройства (младший байт)","-",1800,
"2025-04-01T01:00:19.312Z","01.04.2025 04:00:19","INV3","COM5","slave_4","info",20002,"Серийный номер (старший байт)","-",65535,
"2025-04-01T01:00:19.621Z","01.04.2025 04:00:19","INV3","COM5","slave_4","info",20003,"Серийный номер (младший байт)","-",65535,
"2025-04-01T01:00:19.926Z","01.04.2025 04:00:19","INV3","COM5","slave_4","info",20004,"Версия оборудования","-",10101,
"2025-04-01T01:00:20.252Z","01.04.2025 04:00:20","INV3","COM5","slave_4","info",20005,"Версия программного обеспечения","-",21706,
"2025-04-01T01:00:20.556Z","01.04.2025 04:00:20","INV3","COM5","slave_4","info",20006,"Версия протокола","-",10414,
"2025-04-01T01:00:20.879Z","01.04.2025 04:00:20","INV3","COM5","slave_4","status",25201,"Состояние работы","-",3,
"2025-04-01T01:00:21.190Z","01.04.2025 04:00:21","INV3","COM5","slave_4","status",25205,"Напряжение АКБ","V",548,
"2025-04-01T01:00:21.505Z","01.04.2025 04:00:21","INV3","COM5","slave_4","status",25206,"Выходное напряжение инвертора","V",2189,
"2025-04-01T01:00:21.804Z","01.04.2025 04:00:21","INV3","COM5","slave_4","status",25207,"Сетевое напряжение","V",2200,
"2025-04-01T01:00:22.109Z","01.04.2025 04:00:22","INV3","COM5","slave_4","status",25210,"Ток инвертора","A",4,
"2025-04-01T01:00:22.419Z","01.04.2025 04:00:22","INV3","COM5","slave_4","status",25213,"Мощность инвертора","W",65467,
"2025-04-01T01:00:22.737Z","01.04.2025 04:00:22","INV3","COM5","slave_4","status",25214,"Мощность сети","W",65138,
"2025-04-01T01:00:23.040Z","01.04.2025 04:00:23","INV3","COM5","slave_4","status",25215,"Мощность нагрузки","W",320,
"2025-04-01T01:00:23.352Z","01.04.2025 04:00:23","INV3","COM5","slave_4","status",25216,"Процент нагрузки","%",6,
"2025-04-01T01:00:23.653Z","01.04.2025 04:00:23","INV3","COM5","slave_4","status",25233,"Температура радиатора AC","C",52,
"2025-04-01T01:00:23.967Z","01.04.2025 04:00:23","INV3","COM5","slave_4","status",25234,"Температура трансформатора","C",64,
"2025-04-01T01:00:24.267Z","01.04.2025 04:00:24","INV3","COM5","slave_4","status",25235,"Температура радиатора DC","C",46,
"2025-04-01T01:00:24.585Z","01.04.2025 04:00:24","INV3","COM5","slave_4","energy",25245,"Накопленная зарядная энергия (старший байт)","kWh",0,
"2025-04-01T01:00:24.891Z","01.04.2025 04:00:24","INV3","COM5","slave_4","energy",25246,"Накопленная зарядная энергия (младший байт)","kWh",1085,
"2025-04-01T01:00:25.209Z","01.04.2025 04:00:25","INV3","COM5","slave_4","energy",25247,"Накопленная разрядная энергия (старший байт)","kWh",0,
"2025-04-01T01:00:25.518Z","01.04.2025 04:00:25","INV3","COM5","slave_4","energy",25248,"Накопленная разрядная энергия (младший байт)","kWh",44,
"2025-04-01T01:00:25.815Z","01.04.2025 04:00:25","INV3","COM5","slave_4","energy",25253,"Накопленная нагрузочная энергия (старший байт)","kWh",0,
"2025-04-01T01:00:26.121Z","01.04.2025 04:00:26","INV3","COM5","slave_4","energy",25254,"Накопленная нагрузочная энергия (младший байт)","kWh",6227,
"2025-04-01T01:00:26.435Z","01.04.2025 04:00:26","INV3","COM5","slave_4","error",25261,"Сообщение об ошибке 1","-",0,
"2025-04-01T01:00:26.754Z","01.04.2025 04:00:26","INV3","COM5","slave_4","error",25262,"Сообщение об ошибке 2","-",0,
"2025-04-01T01:00:27.068Z","01.04.2025 04:00:27","INV3","COM5","slave_4","error",25265,"Сообщение о предупреждении 1","-",0,
"2025-04-01T01:00:27.384Z","01.04.2025 04:00:27","INV3","COM5","slave_4","error",25266,"Сообщение о предупреждении 2","-",0,
"2025-04-01T01:15:00.765Z","01.04.2025 04:15:00","INV1","COM3","slave_4","info",20000,"Тип устройства (старший байт)","-",20566,
"2025-04-01T01:15:01.073Z","01.04.2025 04:15:01","INV1","COM3","slave_4","info",20001,"Тип устройства (младший байт)","-",1800,
"2025-04-01T01:15:01.373Z","01.04.2025 04:15:01","INV1","COM3","slave_4","info",20002,"Серийный номер (старший байт)","-",65535,
"2025-04-01T01:15:01.688Z","01.04.2025 04:15:01","INV1","COM3","slave_4","info",20003,"Серийный номер (младший байт)","-",65535,
"2025-04-01T01:15:01.994Z","01.04.2025 04:15:01","INV1","COM3","slave_4","info",20004,"Версия оборудования","-",10101,
"2025-04-01T01:15:02.302Z","01.04.2025 04:15:02","INV1","COM3","slave_4","info",20005,"Версия программного обеспечения","-",21706,
"2025-04-01T01:15:02.601Z","01.04.2025 04:15:02","INV1","COM3","slave_4","info",20006,"Версия протокола","-",10414,
"2025-04-01T01:15:02.910Z","01.04.2025 04:15:02","INV1","COM3","slave_4","status",25201,"Состояние работы","-",3,
"2025-04-01T01:15:03.217Z","01.04.2025 04:15:03","INV1","COM3","slave_4","status",25205,"Напряжение АКБ","V",534,
"2025-04-01T01:15:03.538Z","01.04.2025 04:15:03","INV1","COM3","slave_4","status",25206,"Выходное напряжение инвертора","V",2201,
"2025-04-01T01:15:03.840Z","01.04.2025 04:15:03","INV1","COM3","slave_4","status",25207,"Сетевое напряжение","V",2204,
"2025-04-01T01:15:04.159Z","01.04.2025 04:15:04","INV1","COM3","slave_4","status",25210,"Ток инвертора","A",13,
"2025-04-01T01:15:04.461Z","01.04.2025 04:15:04","INV1","COM3","slave_4","status",25213,"Мощность инвертора","W",65367,
"2025-04-01T01:15:04.764Z","01.04.2025 04:15:04","INV1","COM3","slave_4","status",25214,"Мощность сети","W",65209,
"2025-04-01T01:15:05.067Z","01.04.2025 04:15:05","INV1","COM3","slave_4","status",25215,"Мощность нагрузки","W",151,
"2025-04-01T01:15:05.380Z","01.04.2025 04:15:05","INV1","COM3","slave_4","status",25216,"Процент нагрузки","%",3,
"2025-04-01T01:15:05.695Z","01.04.2025 04:15:05","INV1","COM3","slave_4","status",25233,"Температура радиатора AC","C",54,
"2025-04-01T01:15:06.016Z","01.04.2025 04:15:06","INV1","COM3","slave_4","status",25234,"Температура трансформатора","C",62,
"2025-04-01T01:15:06.331Z","01.04.2025 04:15:06","INV1","COM3","slave_4","status",25235,"Температура радиатора DC","C",42,
"2025-04-01T01:15:06.640Z","01.04.2025 04:15:06","INV1","COM3","slave_4","energy",25245,"Накопленная зарядная энергия (старший байт)","kWh",0,
"2025-04-01T01:15:06.968Z","01.04.2025 04:15:06","INV1","COM3","slave_4","energy",25246,"Накопленная зарядная энергия (младший байт)","kWh",1060,
"2025-04-01T01:15:07.275Z","01.04.2025 04:15:07","INV1","COM3","slave_4","energy",25247,"Накопленная разрядная энергия (старший байт)","kWh",0,
"2025-04-01T01:15:07.585Z","01.04.2025 04:15:07","INV1","COM3","slave_4","energy",25248,"Накопленная разрядная энергия (младший байт)","kWh",44,
"2025-04-01T01:15:07.907Z","01.04.2025 04:15:07","INV1","COM3","slave_4","energy",25253,"Накопленная нагрузочная энергия (старший байт)","kWh",0,
"2025-04-01T01:15:08.230Z","01.04.2025 04:15:08","INV1","COM3","slave_4","energy",25254,"Накопленная нагрузочная энергия (младший байт)","kWh",3781,
"2025-04-01T01:15:08.542Z","01.04.2025 04:15:08","INV1","COM3","slave_4","error",25261,"Сообщение об ошибке 1","-",0,
"2025-04-01T01:15:08.840Z","01.04.2025 04:15:08","INV1","COM3","slave_4","error",25262,"Сообщение об ошибке 2","-",0,
"2025-04-01T01:15:09.140Z","01.04.2025 04:15:09","INV1","COM3","slave_4","error",25265,"Сообщение о предупреждении 1","-",0,
"2025-04-01T01:15:09.456Z","01.04.2025 04:15:09","INV1","COM3","slave_4","error",25266,"Сообщение о предупреждении 2","-",0,
"2025-04-01T01:15:09.776Z","01.04.2025 04:15:09","INV2","COM4","slave_4","info",20000,"Тип устройства (старший байт)","-",20566,
"2025-04-01T01:15:10.087Z","01.04.2025 04:15:10","INV2","COM4","slave_4","info",20001,"Тип устройства (младший байт)","-",1800,
"2025-04-01T01:15:10.405Z","01.04.2025 04:15:10","INV2","COM4","slave_4","info",20002,"Серийный номер (старший байт)","-",65535,
"2025-04-01T01:15:10.721Z","01.04.2025 04:15:10","INV2","COM4","slave_4","info",20003,"Серийный номер (младший байт)","-",65535,
"2025-04-01T01:15:11.031Z","01.04.2025 04:15:11","INV2","COM4","slave_4","info",20004,"Версия оборудования","-",10101,
"2025-04-01T01:15:11.341Z","01.04.2025 04:15:11","INV2","COM4","slave_4","info",20005,"Версия программного обеспечения","-",21706,
"2025-04-01T01:15:11.646Z","01.04.2025 04:15:11","INV2","COM4","slave_4","info",20006,"Версия протокола","-",10414,
"2025-04-01T01:15:11.946Z","01.04.2025 04:15:11","INV2","COM4","slave_4","status",25201,"Состояние работы","-",3,
"2025-04-01T01:15:12.252Z","01.04.2025 04:15:12","INV2","COM4","slave_4","status",25205,"Напряжение АКБ","V",548,
"2025-04-01T01:15:12.565Z","01.04.2025 04:15:12","INV2","COM4","slave_4","status",25206,"Выходное напряжение инвертора","V",2221,
"2025-04-01T01:15:12.880Z","01.04.2025 04:15:12","INV2","COM4","slave_4","status",25207,"Сетевое напряжение","V",2233,
"2025-04-01T01:15:13.195Z","01.04.2025 04:15:13","INV2","COM4","slave_4","status",25210,"Ток инвертора","A",4,
"2025-04-01T01:15:13.509Z","01.04.2025 04:15:13","INV2","COM4","slave_4","status",25213,"Мощность инвертора","W",65471,
"2025-04-01T01:15:13.817Z","01.04.2025 04:15:13","INV2","COM4","slave_4","status",25214,"Мощность сети","W",65275,
"2025-04-01T01:15:14.133Z","01.04.2025 04:15:14","INV2","COM4","slave_4","status",25215,"Мощность нагрузки","W",176,
"2025-04-01T01:15:14.448Z","01.04.2025 04:15:14","INV2","COM4","slave_4","status",25216,"Процент нагрузки","%",3,
"2025-04-01T01:15:14.767Z","01.04.2025 04:15:14","INV2","COM4","slave_4","status",25233,"Температура радиатора AC","C",49,
"2025-04-01T01:15:15.069Z","01.04.2025 04:15:15","INV2","COM4","slave_4","status",25234,"Температура трансформатора","C",63,
"2025-04-01T01:15:15.376Z","01.04.2025 04:15:15","INV2","COM4","slave_4","status",25235,"Температура радиатора DC","C",44,
"2025-04-01T01:15:15.690Z","01.04.2025 04:15:15","INV2","COM4","slave_4","energy",25245,"Накопленная зарядная энергия (старший байт)","kWh",0,
"2025-04-01T01:15:15.997Z","01.04.2025 04:15:15","INV2","COM4","slave_4","energy",25246,"Накопленная зарядная энергия (младший байт)","kWh",1076,
"2025-04-01T01:15:16.301Z","01.04.2025 04:15:16","INV2","COM4","slave_4","energy",25247,"Накопленная разрядная энергия (старший байт)","kWh",0,
"2025-04-01T01:15:16.609Z","01.04.2025 04:15:16","INV2","COM4","slave_4","energy",25248,"Накопленная разрядная энергия (младший байт)","kWh",43,
"2025-04-01T01:15:16.920Z","01.04.2025 04:15:16","INV2","COM4","slave_4","energy",25253,"Накопленная нагрузочная энергия (старший байт)","kWh",0,
"2025-04-01T01:15:17.235Z","01.04.2025 04:15:17","INV2","COM4","slave_4","energy",25254,"Накопленная нагрузочная энергия (младший байт)","kWh",7485,
"2025-04-01T01:15:17.545Z","01.04.2025 04:15:17","INV2","COM4","slave_4","error",25261,"Сообщение об ошибке 1","-",0,
"2025-04-01T01:15:17.851Z","01.04.2025 04:15:17","INV2","COM4","slave_4","error",25262,"Сообщение об ошибке 2","-",0,
"2025-04-01T01:15:18.166Z","01.04.2025 04:15:18","INV2","COM4","slave_4","error",25265,"Сообщение о предупреждении 1","-",0,
"2025-04-01T01:15:18.474Z","01.04.2025 04:15:18","INV2","COM4","slave_4","error",25266,"Сообщение о предупреждении 2","-",0,
"2025-04-01T01:15:18.797Z","01.04.2025 04:15:18","INV3","COM5","slave_4","info",20000,"Тип устройства (старший байт)","-",20566,
"2025-04-01T01:15:19.108Z","01.04.2025 04:15:19","INV3","COM5","slave_4","info",20001,"Тип устройства (младший байт)","-",1800,
"2025-04-01T01:15:19.422Z","01.04.2025 04:15:19","INV3","COM5","slave_4","info",20002,"Серийный номер (старший байт)","-",65535,
"2025-04-01T01:15:19.721Z","01.04.2025 04:15:19","INV3","COM5","slave_4","info",20003,"Серийный номер (младший байт)","-",65535,
"2025-04-01T01:15:20.031Z","01.04.2025 04:15:20","INV3","COM5","slave_4","info",20004,"Версия оборудования","-",10101,
"2025-04-01T01:15:20.333Z","01.04.2025 04:15:20","INV3","COM5","slave_4","info",20005,"Версия программного обеспечения","-",21706,
"2025-04-01T01:15:20.642Z","01.04.2025 04:15:20","INV3","COM5","slave_4","info",20006,"Версия протокола","-",10414,
"2025-04-01T01:15:20.958Z","01.04.2025 04:15:20","INV3","COM5","slave_4","status",25201,"Состояние работы","-",3,
"2025-04-01T01:15:21.268Z","01.04.2025 04:15:21","INV3","COM5","slave_4","status",25205,"Напряжение АКБ","V",548,
"2025-04-01T01:15:21.578Z","01.04.2025 04:15:21","INV3","COM5","slave_4","status",25206,"Выходное напряжение инвертора","V",2187,
"2025-04-01T01:15:21.898Z","01.04.2025 04:15:21","INV3","COM5","slave_4","status",25207,"Сетевое напряжение","V",2200,
"2025-04-01T01:15:22.206Z","01.04.2025 04:15:22","INV3","COM5","slave_4","status",25210,"Ток инвертора","A",3,
"2025-04-01T01:15:22.519Z","01.04.2025 04:15:22","INV3","COM5","slave_4","status",25213,"Мощность инвертора","W",65466,
"2025-04-01T01:15:22.830Z","01.04.2025 04:15:22","INV3","COM5","slave_4","status",25214,"Мощность сети","W",65170,
"2025-04-01T01:15:23.143Z","01.04.2025 04:15:23","INV3","COM5","slave_4","status",25215,"Мощность нагрузки","W",277,
"2025-04-01T01:15:23.457Z","01.04.2025 04:15:23","INV3","COM5","slave_4","status",25216,"Процент нагрузки","%",5,
"2025-04-01T01:15:23.771Z","01.04.2025 04:15:23","INV3","COM5","slave_4","status",25233,"Температура радиатора AC","C",52,
"2025-04-01T01:15:24.071Z","01.04.2025 04:15:24","INV3","COM5","slave_4","status",25234,"Температура трансформатора","C",64,
"2025-04-01T01:15:24.383Z","01.04.2025 04:15:24","INV3","COM5","slave_4","status",25235,"Температура радиатора DC","C",46,
"2025-04-01T01:15:24.691Z","01.04.2025 04:15:24","INV3","COM5","slave_4","energy",25245,"Накопленная зарядная энергия (старший байт)","kWh",0,
"2025-04-01T01:15:25.004Z","01.04.2025 04:15:25","INV3","COM5","slave_4","energy",25246,"Накопленная зарядная энергия (младший байт)","kWh",1085,
"2025-04-01T01:15:25.320Z","01.04.2025 04:15:25","INV3","COM5","slave_4","energy",25247,"Накопленная разрядная энергия (старший байт)","kWh",0,
"2025-04-01T01:15:25.620Z","01.04.2025 04:15:25","INV3","COM5","slave_4","energy",25248,"Накопленная разрядная энергия (младший байт)","kWh",44,
"2025-04-01T01:15:25.924Z","01.04.2025 04:15:25","INV3","COM5","slave_4","energy",25253,"Накопленная нагрузочная энергия (старший байт)","kWh",0,
"2025-04-01T01:15:26.234Z","01.04.2025 04:15:26","INV3","COM5","slave_4","energy",25254,"Накопленная нагрузочная энергия (младший байт)","kWh",6228,
"2025-04-01T01:15:26.546Z","01.04.2025 04:15:26","INV3","COM5","slave_4","error",25261,"Сообщение об ошибке 1","-",0,
"2025-04-01T01:15:26.856Z","01.04.2025 04:15:26","INV3","COM5","slave_4","error",25262,"Сообщение об ошибке 2","-",0,
"2025-04-01T01:15:27.173Z","01.04.2025 04:15:27","INV3","COM5","slave_4","error",25265,"Сообщение о предупреждении 1","-",0,
"2025-04-01T01:15:27.490Z","01.04.2025 04:15:27","INV3","COM5","slave_4","error",25266,"Сообщение о предупреждении 2","-",0,
"2025-04-01T01:30:00.490Z","01.04.2025 04:30:00","INV1","COM3","slave_4","info",20000,"Тип устройства (старший байт)","-",20566,
"2025-04-01T01:30:00.790Z","01.04.2025 04:30:00","INV1","COM3","slave_4","info",20001,"Тип устройства (младший байт)","-",1800,
"2025-04-01T01:30:01.100Z","01.04.2025 04:30:01","INV1","COM3","slave_4","info",20002,"Серийный номер (старший байт)","-",65535,
"2025-04-01T01:30:01.401Z","01.04.2025 04:30:01","INV1","COM3","slave_4","info",20003,"Серийный номер (младший байт)","-",65535,
"2025-04-01T01:30:01.713Z","01.04.2025 04:30:01","INV1","COM3","slave_4","info",20004,"Версия оборудования","-",10101,
"2025-04-01T01:30:02.033Z","01.04.2025 04:30:02","INV1","COM3","slave_4","info",20005,"Версия программного обеспечения","-",21706,
"2025-04-01T01:30:02.342Z","01.04.2025 04:30:02","INV1","COM3","slave_4","info",20006,"Версия протокола","-",10414,
"2025-04-01T01:30:02.640Z","01.04.2025 04:30:02","INV1","COM3","slave_4","status",25201,"Состояние работы","-",3,
"2025-04-01T01:30:02.954Z","01.04.2025 04:30:02","INV1","COM3","slave_4","status",25205,"Напряжение АКБ","V",547,
"2025-04-01T01:30:03.265Z","01.04.2025 04:30:03","INV1","COM3","slave_4","status",25206,"Выходное напряжение инвертора","V",2192,
"2025-04-01T01:30:03.569Z","01.04.2025 04:30:03","INV1","COM3","slave_4","status",25207,"Сетевое напряжение","V",2205,
"2025-04-01T01:30:03.878Z","01.04.2025 04:30:03","INV1","COM3","slave_4","status",25210,"Ток инвертора","A",4,
"2025-04-01T01:30:04.177Z","01.04.2025 04:30:04","INV1","COM3","slave_4","status",25213,"Мощность инвертора","W",65467,
"2025-04-01T01:30:04.475Z","01.04.2025 04:30:04","INV1","COM3","slave_4","status",25214,"Мощность сети","W",65308,
"2025-04-01T01:30:04.782Z","01.04.2025 04:30:04","INV1","COM3","slave_4","status",25215,"Мощность нагрузки","W",150,
"2025-04-01T01:30:05.106Z","01.04.2025 04:30:05","INV1","COM3","slave_4","status",25216,"Процент нагрузки","%",2,
"2025-04-01T01:30:05.432Z","01.04.2025 04:30:05","INV1","COM3","slave_4","status",25233,"Температура радиатора AC","C",54,
"2025-04-01T01:30:05.739Z","01.04.2025 04:30:05","INV1","COM3","slave_4","status",25234,"Температура трансформатора","C",62,
"2025-04-01T01:30:06.039Z","01.04.2025 04:30:06","INV1","COM3","slave_4","status",25235,"Температура радиатора DC","C",42,
"2025-04-01T01:30:06.362Z","01.04.2025 04:30:06","INV1","COM3","slave_4","energy",25245,"Накопленная зарядная энергия (старший байт)","kWh",0,
"2025-04-01T01:30:06.668Z","01.04.2025 04:30:06","INV1","COM3","slave_4","energy",25246,"Накопленная зарядная энергия (младший байт)","kWh",1061,
"2025-04-01T01:30:06.984Z","01.04.2025 04:30:06","INV1","COM3","slave_4","energy",25247,"Накопленная разрядная энергия (старший байт)","kWh",0,
"2025-04-01T01:30:07.298Z","01.04.2025 04:30:07","INV1","COM3","slave_4","energy",25248,"Накопленная разрядная энергия (младший байт)","kWh",44,
"2025-04-01T01:30:07.611Z","01.04.2025 04:30:07","INV1","COM3","slave_4","energy",25253,"Накопленная нагрузочная энергия (старший байт)","kWh",0,
"2025-04-01T01:30:07.909Z","01.04.2025 04:30:07","INV1","COM3","slave_4","energy",25254,"Накопленная нагрузочная энергия (младший байт)","kWh",3781,
"2025-04-01T01:30:08.234Z","01.04.2025 04:30:08","INV1","COM3","slave_4","error",25261,"Сообщение об ошибке 1","-",0,
"2025-04-01T01:30:08.535Z","01.04.2025 04:30:08","INV1","COM3","slave_4","error",25262,"Сообщение об ошибке 2","-",0,
"2025-04-01T01:30:08.856Z","01.04.2025 04:30:08","INV1","COM3","slave_4","error",25265,"Сообщение о предупреждении 1","-",0,
"2025-04-01T01:30:09.159Z","01.04.2025 04:30:09","INV1","COM3","slave_4","error",25266,"Сообщение о предупреждении 2","-",0,
"2025-04-01T01:30:09.479Z","01.04.2025 04:30:09","INV2","COM4","slave_4","info",20000,"Тип устройства (старший байт)","-",20566,
"2025-04-01T01:30:09.789Z","01.04.2025 04:30:09","INV2","COM4","slave_4","info",20001,"Тип устройства (младший байт)","-",1800,
"2025-04-01T01:30:10.105Z","01.04.2025 04:30:10","INV2","COM4","slave_4","info",20002,"Серийный номер (старший байт)","-",65535,
"2025-04-01T01:30:10.411Z","01.04.2025 04:30:10","INV2","COM4","slave_4","info",20003,"Серийный номер (младший байт)","-",65535,
"2025-04-01T01:30:10.724Z","01.04.2025 04:30:10","INV2","COM4","slave_4","info",20004,"Версия оборудования","-",10101,
"2025-04-01T01:30:11.034Z","01.04.2025 04:30:11","INV2","COM4","slave_4","info",20005,"Версия программного обеспечения","-",21706,
"2025-04-01T01:30:11.335Z","01.04.2025 04:30:11","INV2","COM4","slave_4","info",20006,"Версия протокола","-",10414,
"2025-04-01T01:30:11.635Z","01.04.2025 04:30:11","INV2","COM4","slave_4","status",25201,"Состояние работы","-",3,
"2025-04-01T01:30:11.936Z","01.04.2025 04:30:11","INV2","COM4","slave_4","status",25205,"Напряжение АКБ","V",548,
"2025-04-01T01:30:12.237Z","01.04.2025 04:30:12","INV2","COM4","slave_4","status",25206,"Выходное напряжение инвертора","V",2221,
"2025-04-01T01:30:12.546Z","01.04.2025 04:30:12","INV2","COM4","slave_4","status",25207,"Сетевое напряжение","V",2234,
"2025-04-01T01:30:12.862Z","01.04.2025 04:30:12","INV2","COM4","slave_4","status",25210,"Ток инвертора","A",3,
"2025-04-01T01:30:13.164Z","01.04.2025 04:30:13","INV2","COM4","slave_4","status",25213,"Мощность инвертора","W",65470,
"2025-04-01T01:30:13.478Z","01.04.2025 04:30:13","INV2","COM4","slave_4","status",25214,"Мощность сети","W",65281,
"2025-04-01T01:30:13.777Z","01.04.2025 04:30:13","INV2","COM4","slave_4","status",25215,"Мощность нагрузки","W",175,
"2025-04-01T01:30:14.084Z","01.04.2025 04:30:14","INV2","COM4","slave_4","status",25216,"Процент нагрузки","%",3,
"2025-04-01T01:30:14.388Z","01.04.2025 04:30:14","INV2","COM4","slave_4","status",25233,"Температура радиатора AC","C",49,
"2025-04-01T01:30:14.692Z","01.04.2025 04:30:14","INV2","COM4","slave_4","status",25234,"Температура трансформатора","C",63,
"2025-04-01T01:30:15.003Z","01.04.2025 04:30:15","INV2","COM4","slave_4","status",25235,"Температура радиатора DC","C",44,
"2025-04-01T01:30:15.308Z","01.04.2025 04:30:15","INV2","COM4","slave_4","energy",25245,"Накопленная зарядная энергия (старший байт)","kWh",0,
"2025-04-01T01:30:15.620Z","01.04.2025 04:30:15","INV2","COM4","slave_4","energy",25246,"Накопленная зарядная энергия (младший байт)","kWh",1077,
"2025-04-01T01:30:15.930Z","01.04.2025 04:30:15","INV2","COM4","slave_4","energy",25247,"Накопленная разрядная энергия (старший байт)","kWh",0,
"2025-04-01T01:30:16.246Z","01.04.2025 04:30:16","INV2","COM4","slave_4","energy",25248,"Накопленная разрядная энергия (младший байт)","kWh",43,
"2025-04-01T01:30:16.553Z","01.04.2025 04:30:16","INV2","COM4","slave_4","energy",25253,"Накопленная нагрузочная энергия (старший байт)","kWh",0,
"2025-04-01T01:30:16.852Z","01.04.2025 04:30:16","INV2","COM4","slave_4","energy",25254,"Накопленная нагрузочная энергия (младший байт)","kWh",7485,
"2025-04-01T01:30:17.154Z","01.04.2025 04:30:17","INV2","COM4","slave_4","error",25261,"Сообщение об ошибке 1","-",0,
"2025-04-01T01:30:17.457Z","01.04.2025 04:30:17","INV2","COM4","slave_4","error",25262,"Сообщение об ошибке 2","-",0,
"2025-04-01T01:30:17.767Z","01.04.2025 04:30:17","INV2","COM4","slave_4","error",25265,"Сообщение о предупреждении 1","-",0,
"2025-04-01T01:30:18.079Z","01.04.2025 04:30:18","INV2","COM4","slave_4","error",25266,"Сообщение о предупреждении 2","-",0,
"2025-04-01T01:30:18.386Z","01.04.2025 04:30:18","INV3","COM5","slave_4","info",20000,"Тип устройства (старший байт)","-",20566,
"2025-04-01T01:30:18.691Z","01.04.2025 04:30:18","INV3","COM5","slave_4","info",20001,"Тип устройства (младший байт)","-",1800,
"2025-04-01T01:30:18.989Z","01.04.2025 04:30:18","INV3","COM5","slave_4","info",20002,"Серийный номер (старший байт)","-",65535,
"2025-04-01T01:30:19.303Z","01.04.2025 04:30:19","INV3","COM5","slave_4","info",20003,"Серийный номер (младший байт)","-",65535,
"2025-04-01T01:30:19.600Z","01.04.2025 04:30:19","INV3","COM5","slave_4","info",20004,"Версия оборудования","-",10101,
"2025-04-01T01:30:19.907Z","01.04.2025 04:30:19","INV3","COM5","slave_4","info",20005,"Версия программного обеспечения","-",21706,
"2025-04-01T01:30:20.219Z","01.04.2025 04:30:20","INV3","COM5","slave_4","info",20006,"Версия протокола","-",10414,
"2025-04-01T01:30:20.528Z","01.04.2025 04:30:20","INV3","COM5","slave_4","status",25201,"Состояние работы","-",3,
"2025-04-01T01:30:20.829Z","01.04.2025 04:30:20","INV3","COM5","slave_4","status",25205,"Напряжение АКБ","V",548,
"2025-04-01T01:30:21.136Z","01.04.2025 04:30:21","INV3","COM5","slave_4","status",25206,"Выходное напряжение инвертора","V",2187,
"2025-04-01T01:30:21.444Z","01.04.2025 04:30:21","INV3","COM5","slave_4","status",25207,"Сетевое напряжение","V",2198,
"2025-04-01T01:30:21.752Z","01.04.2025 04:30:21","INV3","COM5","slave_4","status",25210,"Ток инвертора","A",4,
"2025-04-01T01:30:22.053Z","01.04.2025 04:30:22","INV3","COM5","slave_4","status",25213,"Мощность инвертора","W",65475,
"2025-04-01T01:30:22.359Z","01.04.2025 04:30:22","INV3","COM5","slave_4","status",25214,"Мощность сети","W",65147,
"2025-04-01T01:30:22.670Z","01.04.2025 04:30:22","INV3","COM5","slave_4","status",25215,"Мощность нагрузки","W",310,
"2025-04-01T01:30:22.988Z","01.04.2025 04:30:22","INV3","COM5","slave_4","status",25216,"Процент нагрузки","%",6,
"2025-04-01T01:30:23.284Z","01.04.2025 04:30:23","INV3","COM5","slave_4","status",25233,"Температура радиатора AC","C",52,
"2025-04-01T01:30:23.598Z","01.04.2025 04:30:23","INV3","COM5","slave_4","status",25234,"Температура трансформатора","C",64,
"2025-04-01T01:30:23.912Z","01.04.2025 04:30:23","INV3","COM5","slave_4","status",25235,"Температура радиатора DC","C",46,
"2025-04-01T01:30:24.215Z","01.04.2025 04:30:24","INV3","COM5","slave_4","energy",25245,"Накопленная зарядная энергия (старший байт)","kWh",0,
"2025-04-01T01:30:24.530Z","01.04.2025 04:30:24","INV3","COM5","slave_4","energy",25246,"Накопленная зарядная энергия (младший байт)","kWh",1085,
"2025-04-01T01:30:24.829Z","01.04.2025 04:30:24","INV3","COM5","slave_4","energy",25247,"Накопленная разрядная энергия (старший байт)","kWh",0,
"2025-04-01T01:30:25.133Z","01.04.2025 04:30:25","INV3","COM5","slave_4","energy",25248,"Накопленная разрядная энергия (младший байт)","kWh",44,
"2025-04-01T01:30:25.434Z","01.04.2025 04:30:25","INV3","COM5","slave_4","energy",25253,"Накопленная нагрузочная энергия (старший байт)","kWh",0,
"2025-04-01T01:30:25.747Z","01.04.2025 04:30:25","INV3","COM5","slave_4","energy",25254,"Накопленная нагрузочная энергия (младший байт)","kWh",6228,
"2025-04-01T01:30:26.052Z","01.04.2025 04:30:26","INV3","COM5","slave_4","error",25261,"Сообщение об ошибке 1","-",0,
"2025-04-01T01:30:26.370Z","01.04.2025 04:30:26","INV3","COM5","slave_4","error",25262,"Сообщение об ошибке 2","-",0,
"2025-04-01T01:30:26.680Z","01.04.2025 04:30:26","INV3","COM5","slave_4","error",25265,"Сообщение о предупреждении 1","-",0,
"2025-04-01T01:30:26.989Z","01.04.2025 04:30:26","INV3","COM5","slave_4","error",25266,"Сообщение о предупреждении 2","-",0,
"2025-04-01T01:45:00.497Z","01.04.2025 04:45:00","INV1","COM3","slave_4","info",20000,"Тип устройства (старший байт)","-",20566,
"2025-04-01T01:45:00.798Z","01.04.2025 04:45:00","INV1","COM3","slave_4","info",20001,"Тип устройства (младший байт)","-",1800,
"2025-04-01T01:45:01.116Z","01.04.2025 04:45:01","INV1","COM3","slave_4","info",20002,"Серийный номер (старший байт)","-",65535,
"2025-04-01T01:45:01.417Z","01.04.2025 04:45:01","INV1","COM3","slave_4","info",20003,"Серийный номер (младший байт)","-",65535,
"2025-04-01T01:45:01.728Z","01.04.2025 04:45:01","INV1","COM3","slave_4","info",20004,"Версия оборудования","-",10101,
"2025-04-01T01:45:02.025Z","01.04.2025 04:45:02","INV1","COM3","slave_4","info",20005,"Версия программного обеспечения","-",21706,
"2025-04-01T01:45:02.334Z","01.04.2025 04:45:02","INV1","COM3","slave_4","info",20006,"Версия протокола","-",10414,
"2025-04-01T01:45:02.640Z","01.04.2025 04:45:02","INV1","COM3","slave_4","status",25201,"Состояние работы","-",3,
"2025-04-01T01:45:02.953Z","01.04.2025 04:45:02","INV1","COM3","slave_4","status",25205,"Напряжение АКБ","V",548,
"2025-04-01T01:45:03.248Z","01.04.2025 04:45:03","INV1","COM3","slave_4","status",25206,"Выходное напряжение инвертора","V",2191,
"2025-04-01T01:45:03.553Z","01.04.2025 04:45:03","INV1","COM3","slave_4","status",25207,"Сетевое напряжение","V",2204,
"2025-04-01T01:45:03.866Z","01.04.2025 04:45:03","INV1","COM3","slave_4","status",25210,"Ток инвертора","A",7,
"2025-04-01T01:45:04.180Z","01.04.2025 04:45:04","INV1","COM3","slave_4","status",25213,"Мощность инвертора","W",65463,
"2025-04-01T01:45:04.491Z","01.04.2025 04:45:04","INV1","COM3","slave_4","status",25214,"Мощность сети","W",65304,
"2025-04-01T01:45:04.784Z","01.04.2025 04:45:04","INV1","COM3","slave_4","status",25215,"Мощность нагрузки","W",139,
"2025-04-01T01:45:05.094Z","01.04.2025 04:45:05","INV1","COM3","slave_4","status",25216,"Процент нагрузки","%",2,
"2025-04-01T01:45:05.399Z","01.04.2025 04:45:05","INV1","COM3","slave_4","status",25233,"Температура радиатора AC","C",55,
"2025-04-01T01:45:05.706Z","01.04.2025 04:45:05","INV1","COM3","slave_4","status",25234,"Температура трансформатора","C",62,
"2025-04-01T01:45:06.011Z","01.04.2025 04:45:06","INV1","COM3","slave_4","status",25235,"Температура радиатора DC","C",42,
"2025-04-01T01:45:06.312Z","01.04.2025 04:45:06","INV1","COM3","slave_4","energy",25245,"Накопленная зарядная энергия (старший байт)","kWh",0,
"2025-04-01T01:45:06.616Z","01.04.2025 04:45:06","INV1","COM3","slave_4","energy",25246,"Накопленная зарядная энергия (младший байт)","kWh",1061,
"2025-04-01T01:45:06.926Z","01.04.2025 04:45:06","INV1","COM3","slave_4","energy",25247,"Накопленная разрядная энергия (старший байт)","kWh",0,
"2025-04-01T01:45:07.229Z","01.04.2025 04:45:07","INV1","COM3","slave_4","energy",25248,"Накопленная разрядная энергия (младший байт)","kWh",44,
"2025-04-01T01:45:07.535Z","01.04.2025 04:45:07","INV1","COM3","slave_4","energy",25253,"Накопленная нагрузочная энергия (старший байт)","kWh",0,
"2025-04-01T01:45:07.840Z","01.04.2025 04:45:07","INV1","COM3","slave_4","energy",25254,"Накопленная нагрузочная энергия (младший байт)","kWh",3782,
"2025-04-01T01:45:08.144Z","01.04.2025 04:45:08","INV1","COM3","slave_4","error",25261,"Сообщение об ошибке 1","-",0,
"2025-04-01T01:45:08.454Z","01.04.2025 04:45:08","INV1","COM3","slave_4","error",25262,"Сообщение об ошибке 2","-",0,
"2025-04-01T01:45:08.763Z","01.04.2025 04:45:08","INV1","COM3","slave_4","error",25265,"Сообщение о предупреждении 1","-",0,
"2025-04-01T01:45:09.058Z","01.04.2025 04:45:09","INV1","COM3","slave_4","error",25266,"Сообщение о предупреждении 2","-",0,
"2025-04-01T01:45:09.388Z","01.04.2025 04:45:09","INV2","COM4","slave_4","info",20000,"Тип устройства (старший байт)","-",20566,
"2025-04-01T01:45:09.692Z","01.04.2025 04:45:09","INV2","COM4","slave_4","info",20001,"Тип устройства (младший байт)","-",1800,
"2025-04-01T01:45:09.990Z","01.04.2025 04:45:09","INV2","COM4","slave_4","info",20002,"Серийный номер (старший байт)","-",65535,
"2025-04-01T01:45:10.296Z","01.04.2025 04:45:10","INV2","COM4","slave_4","info",20003,"Серийный номер (младший байт)","-",65535,
"2025-04-01T01:45:10.601Z","01.04.2025 04:45:10","INV2","COM4","slave_4","info",20004,"Версия оборудования","-",10101,
"2025-04-01T01:45:10.910Z","01.04.2025 04:45:10","INV2","COM4","slave_4","info",20005,"Версия программного обеспечения","-",21706,
"2025-04-01T01:45:11.213Z","01.04.2025 04:45:11","INV2","COM4","slave_4","info",20006,"Версия протокола","-",10414,
"2025-04-01T01:45:11.514Z","01.04.2025 04:45:11","INV2","COM4","slave_4","status",25201,"Состояние работы","-",3,
"2025-04-01T01:45:11.813Z","01.04.2025 04:45:11","INV2","COM4","slave_4","status",25205,"Напряжение АКБ","V",547,
"2025-04-01T01:45:12.111Z","01.04.2025 04:45:12","INV2","COM4","slave_4","status",25206,"Выходное напряжение инвертора","V",2221,
"2025-04-01T01:45:12.409Z","01.04.2025 04:45:12","INV2","COM4","slave_4","status",25207,"Сетевое напряжение","V",2234,
"2025-04-01T01:45:12.711Z","01.04.2025 04:45:12","INV2","COM4","slave_4","status",25210,"Ток инвертора","A",6,
"2025-04-01T01:45:13.011Z","01.04.2025 04:45:13","INV2","COM4","slave_4","status",25213,"Мощность инвертора","W",65471,
"2025-04-01T01:45:13.313Z","01.04.2025 04:45:13","INV2","COM4","slave_4","status",25214,"Мощность сети","W",65283,
"2025-04-01T01:45:13.616Z","01.04.2025 04:45:13","INV2","COM4","slave_4","status",25215,"Мощность нагрузки","W",172,
"2025-04-01T01:45:13.924Z","01.04.2025 04:45:13","INV2","COM4","slave_4","status",25216,"Процент нагрузки","%",3,
"2025-04-01T01:45:14.225Z","01.04.2025 04:45:14","INV2","COM4","slave_4","status",25233,"Температура радиатора AC","C",49,
"2025-04-01T01:45:14.525Z","01.04.2025 04:45:14","INV2","COM4","slave_4","status",25234,"Температура трансформатора","C",63,
"2025-04-01T01:45:14.823Z","01.04.2025 04:45:14","INV2","COM4","slave_4","status",25235,"Температура радиатора DC","C",44,
"2025-04-01T01:45:15.128Z","01.04.2025 04:45:15","INV2","COM4","slave_4","energy",25245,"Накопленная зарядная энергия (старший байт)","kWh",0,
"2025-04-01T01:45:15.450Z","01.04.2025 04:45:15","INV2","COM4","slave_4","energy",25246,"Накопленная зарядная энергия (младший байт)","kWh",1077,
"2025-04-01T01:45:15.757Z","01.04.2025 04:45:15","INV2","COM4","slave_4","energy",25247,"Накопленная разрядная энергия (старший байт)","kWh",0,
"2025-04-01T01:45:16.063Z","01.04.2025 04:45:16","INV2","COM4","slave_4","energy",25248,"Накопленная разрядная энергия (младший байт)","kWh",43,
"2025-04-01T01:45:16.363Z","01.04.2025 04:45:16","INV2","COM4","slave_4","energy",25253,"Накопленная нагрузочная энергия (старший байт)","kWh",0,
"2025-04-01T01:45:16.675Z","01.04.2025 04:45:16","INV2","COM4","slave_4","energy",25254,"Накопленная нагрузочная энергия (младший байт)","kWh",7486,
"2025-04-01T01:45:16.985Z","01.04.2025 04:45:16","INV2","COM4","slave_4","error",25261,"Сообщение об ошибке 1","-",0,
"2025-04-01T01:45:17.305Z","01.04.2025 04:45:17","INV2","COM4","slave_4","error",25262,"Сообщение об ошибке 2","-",0,
"2025-04-01T01:45:17.620Z","01.04.2025 04:45:17","INV2","COM4","slave_4","error",25265,"Сообщение о предупреждении 1","-",0,
"2025-04-01T01:45:17.927Z","01.04.2025 04:45:17","INV2","COM4","slave_4","error",25266,"Сообщение о предупреждении 2","-",0,
"2025-04-01T01:45:18.241Z","01.04.2025 04:45:18","INV3","COM5","slave_4","info",20000,"Тип устройства (старший байт)","-",20566,
"2025-04-01T01:45:18.546Z","01.04.2025 04:45:18","INV3","COM5","slave_4","info",20001,"Тип устройства (младший байт)","-",1800,
"2025-04-01T01:45:18.858Z","01.04.2025 04:45:18","INV3","COM5","slave_4","info",20002,"Серийный номер (старший байт)","-",65535,
"2025-04-01T01:45:19.159Z","01.04.2025 04:45:19","INV3","COM5","slave_4","info",20003,"Серийный номер (младший байт)","-",65535,
"2025-04-01T01:45:19.473Z","01.04.2025 04:45:19","INV3","COM5","slave_4","info",20004,"Версия оборудования","-",10101,
"2025-04-01T01:45:19.792Z","01.04.2025 04:45:19","INV3","COM5","slave_4","info",20005,"Версия программного обеспечения","-",21706,
"2025-04-01T01:45:20.093Z","01.04.2025 04:45:20","INV3","COM5","slave_4","info",20006,"Версия протокола","-",10414,
"2025-04-01T01:45:20.392Z","01.04.2025 04:45:20","INV3","COM5","slave_4","status",25201,"Состояние работы","-",3,
"2025-04-01T01:45:20.692Z","01.04.2025 04:45:20","INV3","COM5","slave_4","status",25205,"Напряжение АКБ","V",548,
"2025-04-01T01:45:21.006Z","01.04.2025 04:45:21","INV3","COM5","slave_4","status",25206,"Выходное напряжение инвертора","V",2189,
"2025-04-01T01:45:21.320Z","01.04.2025 04:45:21","INV3","COM5","slave_4","status",25207,"Сетевое напряжение","V",2198,
"2025-04-01T01:45:21.631Z","01.04.2025 04:45:21","INV3","COM5","slave_4","status",25210,"Ток инвертора","A",6,
"2025-04-01T01:45:21.932Z","01.04.2025 04:45:21","INV3","COM5","slave_4","status",25213,"Мощность инвертора","W",65465,
"2025-04-01T01:45:22.225Z","01.04.2025 04:45:22","INV3","COM5","slave_4","status",25214,"Мощность сети","W",65151,
"2025-04-01T01:45:22.524Z","01.04.2025 04:45:22","INV3","COM5","slave_4","status",25215,"Мощность нагрузки","W",300,
"2025-04-01T01:45:22.820Z","01.04.2025 04:45:22","INV3","COM5","slave_4","status",25216,"Процент нагрузки","%",5,
"2025-04-01T01:45:23.124Z","01.04.2025 04:45:23","INV3","COM5","slave_4","status",25233,"Температура радиатора AC","C",52,
"2025-04-01T01:45:23.427Z","01.04.2025 04:45:23","INV3","COM5","slave_4","status",25234,"Температура трансформатора","C",64,
"2025-04-01T01:45:23.735Z","01.04.2025 04:45:23","INV3","COM5","slave_4","status",25235,"Температура радиатора DC","C",46,
"2025-04-01T01:45:24.037Z","01.04.2025 04:45:24","INV3","COM5","slave_4","energy",25245,"Накопленная зарядная энергия (старший байт)","kWh",0,
"2025-04-01T01:45:24.348Z","01.04.2025 04:45:24","INV3","COM5","slave_4","energy",25246,"Накопленная зарядная энергия (младший байт)","kWh",1086,
"2025-04-01T01:45:24.650Z","01.04.2025 04:45:24","INV3","COM5","slave_4","energy",25247,"Накопленная разрядная энергия (старший байт)","kWh",0,
"2025-04-01T01:45:24.951Z","01.04.2025 04:45:24","INV3","COM5","slave_4","energy",25248,"Накопленная разрядная энергия (младший байт)","kWh",44,
"2025-04-01T01:45:25.259Z","01.04.2025 04:45:25","INV3","COM5","slave_4","energy",25253,"Накопленная нагрузочная энергия (старший байт)","kWh",0,
"2025-04-01T01:45:25.564Z","01.04.2025 04:45:25","INV3","COM5","slave_4","energy",25254,"Накопленная нагрузочная энергия (младший байт)","kWh",6229,
"2025-04-01T01:45:25.866Z","01.04.2025 04:45:25","INV3","COM5","slave_4","error",25261,"Сообщение об ошибке 1","-",0,
"2025-04-01T01:45:26.165Z","01.04.2025 04:45:26","INV3","COM5","slave_4","error",25262,"Сообщение об ошибке 2","-",0,
"2025-04-01T01:45:26.462Z","01.04.2025 04:45:26","INV3","COM5","slave_4","error",25265,"Сообщение о предупреждении 1","-",0,
"2025-04-01T01:45:26.773Z","01.04.2025 04:45:26","INV3","COM5","slave_4","error",25266,"Сообщение о предупреждении 2","-",0,
"2025-04-01T02:00:00.635Z","01.04.2025 05:00:00","INV1","COM3","slave_4","info",20000,"Тип устройства (старший байт)","-",20566,
"2025-04-01T02:00:00.934Z","01.04.2025 05:00:00","INV1","COM3","slave_4","info",20001,"Тип устройства (младший байт)","-",1800,
"2025-04-01T02:00:01.236Z","01.04.2025 05:00:01","INV1","COM3","slave_4","info",20002,"Серийный номер (старший байт)","-",65535,
"2025-04-01T02:00:01.554Z","01.04.2025 05:00:01","INV1","COM3","slave_4","info",20003,"Серийный номер (младший байт)","-",65535,
"2025-04-01T02:00:01.851Z","01.04.2025 05:00:01","INV1","COM3","slave_4","info",20004,"Версия оборудования","-",10101,
"2025-04-01T02:00:02.153Z","01.04.2025 05:00:02","INV1","COM3","slave_4","info",20005,"Версия программного обеспечения","-",21706,
"2025-04-01T02:00:02.452Z","01.04.2025 05:00:02","INV1","COM3","slave_4","info",20006,"Версия протокола","-",10414,
"2025-04-01T02:00:02.751Z","01.04.2025 05:00:02","INV1","COM3","slave_4","status",25201,"Состояние работы","-",3,
"2025-04-01T02:00:03.058Z","01.04.2025 05:00:03","INV1","COM3","slave_4","status",25205,"Напряжение АКБ","V",548,
"2025-04-01T02:00:03.357Z","01.04.2025 05:00:03","INV1","COM3","slave_4","status",25206,"Выходное напряжение инвертора","V",2192,
"2025-04-01T02:00:03.671Z","01.04.2025 05:00:03","INV1","COM3","slave_4","status",25207,"Сетевое напряжение","V",2199,
"2025-04-01T02:00:03.988Z","01.04.2025 05:00:03","INV1","COM3","slave_4","status",25210,"Ток инвертора","A",5,
"2025-04-01T02:00:04.294Z","01.04.2025 05:00:04","INV1","COM3","slave_4","status",25213,"Мощность инвертора","W",65467,
"2025-04-01T02:00:04.605Z","01.04.2025 05:00:04","INV1","COM3","slave_4","status",25214,"Мощность сети","W",65301,
"2025-04-01T02:00:04.915Z","01.04.2025 05:00:04","INV1","COM3","slave_4","status",25215,"Мощность нагрузки","W",155,
"2025-04-01T02:00:05.220Z","01.04.2025 05:00:05","INV1","COM3","slave_4","status",25216,"Процент нагрузки","%",3,
"2025-04-01T02:00:05.523Z","01.04.2025 05:00:05","INV1","COM3","slave_4","status",25233,"Температура радиатора AC","C",55,
"2025-04-01T02:00:05.833Z","01.04.2025 05:00:05","INV1","COM3","slave_4","status",25234,"Температура трансформатора","C",62,
"2025-04-01T02:00:06.147Z","01.04.2025 05:00:06","INV1","COM3","slave_4","status",25235,"Температура радиатора DC","C",42,
"2025-04-01T02:00:06.451Z","01.04.2025 05:00:06","INV1","COM3","slave_4","energy",25245,"Накопленная зарядная энергия (старший байт)","kWh",0,
"2025-04-01T02:00:06.768Z","01.04.2025 05:00:06","INV1","COM3","slave_4","energy",25246,"Накопленная зарядная энергия (младший байт)","kWh",1061,
"2025-04-01T02:00:07.085Z","01.04.2025 05:00:07","INV1","COM3","slave_4","energy",25247,"Накопленная разрядная энергия (старший байт)","kWh",0,
"2025-04-01T02:00:07.404Z","01.04.2025 05:00:07","INV1","COM3","slave_4","energy",25248,"Накопленная разрядная энергия (младший байт)","kWh",44,
"2025-04-01T02:00:07.725Z","01.04.2025 05:00:07","INV1","COM3","slave_4","energy",25253,"Накопленная нагрузочная энергия (старший байт)","kWh",0,
"2025-04-01T02:00:08.025Z","01.04.2025 05:00:08","INV1","COM3","slave_4","energy",25254,"Накопленная нагрузочная энергия (младший байт)","kWh",3782,
"2025-04-01T02:00:08.349Z","01.04.2025 05:00:08","INV1","COM3","slave_4","error",25261,"Сообщение об ошибке 1","-",0,
"2025-04-01T02:00:08.653Z","01.04.2025 05:00:08","INV1","COM3","slave_4","error",25262,"Сообщение об ошибке 2","-",0,
"2025-04-01T02:00:08.960Z","01.04.2025 05:00:08","INV1","COM3","slave_4","error",25265,"Сообщение о предупреждении 1","-",0,
"2025-04-01T02:00:09.272Z","01.04.2025 05:00:09","INV1","COM3","slave_4","error",25266,"Сообщение о предупреждении 2","-",0,
"2025-04-01T02:00:09.589Z","01.04.2025 05:00:09","INV2","COM4","slave_4","info",20000,"Тип устройства (старший байт)","-",20566,
"2025-04-01T02:00:09.904Z","01.04.2025 05:00:09","INV2","COM4","slave_4","info",20001,"Тип устройства (младший байт)","-",1800,
"2025-04-01T02:00:10.208Z","01.04.2025 05:00:10","INV2","COM4","slave_4","info",20002,"Серийный номер (старший байт)","-",65535,
"2025-04-01T02:00:10.520Z","01.04.2025 05:00:10","INV2","COM4","slave_4","info",20003,"Серийный номер (младший байт)","-",65535,
"2025-04-01T02:00:10.824Z","01.04.2025 05:00:10","INV2","COM4","slave_4","info",20004,"Версия оборудования","-",10101,
"2025-04-01T02:00:11.144Z","01.04.2025 05:00:11","INV2","COM4","slave_4","info",20005,"Версия программного обеспечения","-",21706,
"2025-04-01T02:00:11.449Z","01.04.2025 05:00:11","INV2","COM4","slave_4","info",20006,"Версия протокола","-",10414,
"2025-04-01T02:00:11.745Z","01.04.2025 05:00:11","INV2","COM4","slave_4","status",25201,"Состояние работы","-",3,
"2025-04-01T02:00:12.056Z","01.04.2025 05:00:12","INV2","COM4","slave_4","status",25205,"Напряжение АКБ","V",548,
"2025-04-01T02:00:12.362Z","01.04.2025 05:00:12","INV2","COM4","slave_4","status",25206,"Выходное напряжение инвертора","V",2221,
"2025-04-01T02:00:12.663Z","01.04.2025 05:00:12","INV2","COM4","slave_4","status",25207,"Сетевое напряжение","V",2234,
"2025-04-01T02:00:12.965Z","01.04.2025 05:00:12","INV2","COM4","slave_4","status",25210,"Ток инвертора","A",4,
"2025-04-01T02:00:13.274Z","01.04.2025 05:00:13","INV2","COM4","slave_4","status",25213,"Мощность инвертора","W",65455,
"2025-04-01T02:00:13.582Z","01.04.2025 05:00:13","INV2","COM4","slave_4","status",25214,"Мощность сети","W",65273,
"2025-04-01T02:00:13.884Z","01.04.2025 05:00:13","INV2","COM4","slave_4","status",25215,"Мощность нагрузки","W",170,
"2025-04-01T02:00:14.200Z","01.04.2025 05:00:14","INV2","COM4","slave_4","status",25216,"Процент нагрузки","%",3,
"2025-04-01T02:00:14.500Z","01.04.2025 05:00:14","INV2","COM4","slave_4","status",25233,"Температура радиатора AC","C",49,
"2025-04-01T02:00:14.802Z","01.04.2025 05:00:14","INV2","COM4","slave_4","status",25234,"Температура трансформатора","C",63,
"2025-04-01T02:00:15.113Z","01.04.2025 05:00:15","INV2","COM4","slave_4","status",25235,"Температура радиатора DC","C",44,
"2025-04-01T02:00:15.427Z","01.04.2025 05:00:15","INV2","COM4","slave_4","energy",25245,"Накопленная зарядная энергия (старший байт)","kWh",0,
"2025-04-01T02:00:15.730Z","01.04.2025 05:00:15","INV2","COM4","slave_4","energy",25246,"Накопленная зарядная энергия (младший байт)","kWh",1077,
"2025-04-01T02:00:16.050Z","01.04.2025 05:00:16","INV2","COM4","slave_4","energy",25247,"Накопленная разрядная энергия (старший байт)","kWh",0,
"2025-04-01T02:00:16.366Z","01.04.2025 05:00:16","INV2","COM4","slave_4","energy",25248,"Накопленная разрядная энергия (младший байт)","kWh",43,
"2025-04-01T02:00:16.674Z","01.04.2025 05:00:16","INV2","COM4","slave_4","energy",25253,"Накопленная нагрузочная энергия (старший байт)","kWh",0,
"2025-04-01T02:00:16.984Z","01.04.2025 05:00:16","INV2","COM4","slave_4","energy",25254,"Накопленная нагрузочная энергия (младший байт)","kWh",7486,
"2025-04-01T02:00:17.306Z","01.04.2025 05:00:17","INV2","COM4","slave_4","error",25261,"Сообщение об ошибке 1","-",0,
"2025-04-01T02:00:17.626Z","01.04.2025 05:00:17","INV2","COM4","slave_4","error",25262,"Сообщение об ошибке 2","-",0,
"2025-04-01T02:00:17.933Z","01.04.2025 05:00:17","INV2","COM4","slave_4","error",25265,"Сообщение о предупреждении 1","-",0,
"2025-04-01T02:00:18.257Z","01.04.2025 05:00:18","INV2","COM4","slave_4","error",25266,"Сообщение о предупреждении 2","-",0,
"2025-04-01T02:00:18.567Z","01.04.2025 05:00:18","INV3","COM5","slave_4","info",20000,"Тип устройства (старший байт)","-",20566,
"2025-04-01T02:00:18.879Z","01.04.2025 05:00:18","INV3","COM5","slave_4","info",20001,"Тип устройства (младший байт)","-",1800,
"2025-04-01T02:00:19.188Z","01.04.2025 05:00:19","INV3","COM5","slave_4","info",20002,"Серийный номер (старший байт)","-",65535,
"2025-04-01T02:00:19.488Z","01.04.2025 05:00:19","INV3","COM5","slave_4","info",20003,"Серийный номер (младший байт)","-",65535,
"2025-04-01T02:00:19.785Z","01.04.2025 05:00:19","INV3","COM5","slave_4","info",20004,"Версия оборудования","-",10101,
"2025-04-01T02:00:20.085Z","01.04.2025 05:00:20","INV3","COM5","slave_4","info",20005,"Версия программного обеспечения","-",21706,
"2025-04-01T02:00:20.384Z","01.04.2025 05:00:20","INV3","COM5","slave_4","info",20006,"Версия протокола","-",10414,
"2025-04-01T02:00:20.687Z","01.04.2025 05:00:20","INV3","COM5","slave_4","status",25201,"Состояние работы","-",3,
"2025-04-01T02:00:21.000Z","01.04.2025 05:00:21","INV3","COM5","slave_4","status",25205,"Напряжение АКБ","V",548,
"2025-04-01T02:00:21.321Z","01.04.2025 05:00:21","INV3","COM5","slave_4","status",25206,"Выходное напряжение инвертора","V",2188,
"2025-04-01T02:00:21.621Z","01.04.2025 05:00:21","INV3","COM5","slave_4","status",25207,"Сетевое напряжение","V",2200,
"2025-04-01T02:00:21.927Z","01.04.2025 05:00:21","INV3","COM5","slave_4","status",25210,"Ток инвертора","A",4,
"2025-04-01T02:00:22.228Z","01.04.2025 05:00:22","INV3","COM5","slave_4","status",25213,"Мощность инвертора","W",65461,
"2025-04-01T02:00:22.526Z","01.04.2025 05:00:22","INV3","COM5","slave_4","status",25214,"Мощность сети","W",65129,
"2025-04-01T02:00:22.843Z","01.04.2025 05:00:22","INV3","COM5","slave_4","status",25215,"Мощность нагрузки","W",323,
"2025-04-01T02:00:23.157Z","01.04.2025 05:00:23","INV3","COM5","slave_4","status",25216,"Процент нагрузки","%",6,
"2025-04-01T02:00:23.463Z","01.04.2025 05:00:23","INV3","COM5","slave_4","status",25233,"Температура радиатора AC","C",52,
"2025-04-01T02:00:23.772Z","01.04.2025 05:00:23","INV3","COM5","slave_4","status",25234,"Температура трансформатора","C",64,
"2025-04-01T02:00:24.070Z","01.04.2025 05:00:24","INV3","COM5","slave_4","status",25235,"Температура радиатора DC","C",46,
"2025-04-01T02:00:24.387Z","01.04.2025 05:00:24","INV3","COM5","slave_4","energy",25245,"Накопленная зарядная энергия (старший байт)","kWh",0,
"2025-04-01T02:00:24.691Z","01.04.2025 05:00:24","INV3","COM5","slave_4","energy",25246,"Накопленная зарядная энергия (младший байт)","kWh",1086,
"2025-04-01T02:00:25.005Z","01.04.2025 05:00:25","INV3","COM5","slave_4","energy",25247,"Накопленная разрядная энергия (старший байт)","kWh",0,
"2025-04-01T02:00:25.325Z","01.04.2025 05:00:25","INV3","COM5","slave_4","energy",25248,"Накопленная разрядная энергия (младший байт)","kWh",44,
"2025-04-01T02:00:25.631Z","01.04.2025 05:00:25","INV3","COM5","slave_4","energy",25253,"Накопленная нагрузочная энергия (старший байт)","kWh",0,
"2025-04-01T02:00:25.937Z","01.04.2025 05:00:25","INV3","COM5","slave_4","energy",25254,"Накопленная нагрузочная энергия (младший байт)","kWh",6230,
"2025-04-01T02:00:26.239Z","01.04.2025 05:00:26","INV3","COM5","slave_4","error",25261,"Сообщение об ошибке 1","-",0,
"2025-04-01T02:00:26.546Z","01.04.2025 05:00:26","INV3","COM5","slave_4","error",25262,"Сообщение об ошибке 2","-",0,
"2025-04-01T02:00:26.856Z","01.04.2025 05:00:26","INV3","COM5","slave_4","error",25265,"Сообщение о предупреждении 1","-",0,
"2025-04-01T02:00:27.162Z","01.04.2025 05:00:27","INV3","COM5","slave_4","error",25266,"Сообщение о предупреждении 2","-",0,
"2025-04-01T02:15:01.040Z","01.04.2025 05:15:01","INV1","COM3","slave_4","info",20000,"Тип устройства (старший байт)","-",20566,
"2025-04-01T02:15:01.365Z","01.04.2025 05:15:01","INV1","COM3","slave_4","info",20001,"Тип устройства (младший байт)","-",1800,
"2025-04-01T02:15:01.670Z","01.04.2025 05:15:01","INV1","COM3","slave_4","info",20002,"Серийный номер (старший байт)","-",65535,
"2025-04-01T02:15:01.977Z","01.04.2025 05:15:01","INV1","COM3","slave_4","info",20003,"Серийный номер (младший байт)","-",65535,
"2025-04-01T02:15:02.278Z","01.04.2025 05:15:02","INV1","COM3","slave_4","info",20004,"Версия оборудования","-",10101,
"2025-04-01T02:15:02.582Z","01.04.2025 05:15:02","INV1","COM3","slave_4","info",20005,"Версия программного обеспечения","-",21706,
"2025-04-01T02:15:02.885Z","01.04.2025 05:15:02","INV1","COM3","slave_4","info",20006,"Версия протокола","-",10414,
"2025-04-01T02:15:03.188Z","01.04.2025 05:15:03","INV1","COM3","slave_4","status",25201,"Состояние работы","-",3,
"2025-04-01T02:15:03.502Z","01.04.2025 05:15:03","INV1","COM3","slave_4","status",25205,"Напряжение АКБ","V",548,
"2025-04-01T02:15:03.809Z","01.04.2025 05:15:03","INV1","COM3","slave_4","status",25206,"Выходное напряжение инвертора","V",2192,
"2025-04-01T02:15:04.115Z","01.04.2025 05:15:04","INV1","COM3","slave_4","status",25207,"Сетевое напряжение","V",2205,
"2025-04-01T02:15:04.412Z","01.04.2025 05:15:04","INV1","COM3","slave_4","status",25210,"Ток инвертора","A",4,
"2025-04-01T02:15:04.714Z","01.04.2025 05:15:04","INV1","COM3","slave_4","status",25213,"Мощность инвертора","W",65454,
"2025-04-01T02:15:05.040Z","01.04.2025 05:15:05","INV1","COM3","slave_4","status",25214,"Мощность сети","W",65292,
"2025-04-01T02:15:05.338Z","01.04.2025 05:15:05","INV1","COM3","slave_4","status",25215,"Мощность нагрузки","W",160,
"2025-04-01T02:15:05.657Z","01.04.2025 05:15:05","INV1","COM3","slave_4","status",25216,"Процент нагрузки","%",3,
"2025-04-01T02:15:05.964Z","01.04.2025 05:15:05","INV1","COM3","slave_4","status",25233,"Температура радиатора AC","C",55,
"2025-04-01T02:15:06.279Z","01.04.2025 05:15:06","INV1","COM3","slave_4","status",25234,"Температура трансформатора","C",62,
"2025-04-01T02:15:06.583Z","01.04.2025 05:15:06","INV1","COM3","slave_4","status",25235,"Температура радиатора DC","C",42,
"2025-04-01T02:15:06.901Z","01.04.2025 05:15:06","INV1","COM3","slave_4","energy",25245,"Накопленная зарядная энергия (старший байт)","kWh",0,
"2025-04-01T02:15:07.205Z","01.04.2025 05:15:07","INV1","COM3","slave_4","energy",25246,"Накопленная зарядная энергия (младший байт)","kWh",1061,
"2025-04-01T02:15:07.517Z","01.04.2025 05:15:07","INV1","COM3","slave_4","energy",25247,"Накопленная разрядная энергия (старший байт)","kWh",0,
"2025-04-01T02:15:07.827Z","01.04.2025 05:15:07","INV1","COM3","slave_4","energy",25248,"Накопленная разрядная энергия (младший байт)","kWh",44,
"2025-04-01T02:15:08.145Z","01.04.2025 05:15:08","INV1","COM3","slave_4","energy",25253,"Накопленная нагрузочная энергия (старший байт)","kWh",0,
"2025-04-01T02:15:08.447Z","01.04.2025 05:15:08","INV1","COM3","slave_4","energy",25254,"Накопленная нагрузочная энергия (младший байт)","kWh",3782,
"2025-04-01T02:15:08.759Z","01.04.2025 05:15:08","INV1","COM3","slave_4","error",25261,"Сообщение об ошибке 1","-",0,
"2025-04-01T02:15:09.078Z","01.04.2025 05:15:09","INV1","COM3","slave_4","error",25262,"Сообщение об ошибке 2","-",0,
"2025-04-01T02:15:09.392Z","01.04.2025 05:15:09","INV1","COM3","slave_4","error",25265,"Сообщение о предупреждении 1","-",0,
"2025-04-01T02:15:09.707Z","01.04.2025 05:15:09","INV1","COM3","slave_4","error",25266,"Сообщение о предупреждении 2","-",0,
"2025-04-01T02:15:10.020Z","01.04.2025 05:15:10","INV2","COM4","slave_4","info",20000,"Тип устройства (старший байт)","-",20566,
"2025-04-01T02:15:10.321Z","01.04.2025 05:15:10","INV2","COM4","slave_4","info",20001,"Тип устройства (младший байт)","-",1800,
"2025-04-01T02:15:10.616Z","01.04.2025 05:15:10","INV2","COM4","slave_4","info",20002,"Серийный номер (старший байт)","-",65535,
"2025-04-01T02:15:10.917Z","01.04.2025 05:15:10","INV2","COM4","slave_4","info",20003,"Серийный номер (младший байт)","-",65535,
"2025-04-01T02:15:11.226Z","01.04.2025 05:15:11","INV2","COM4","slave_4","info",20004,"Версия оборудования","-",10101,
"2025-04-01T02:15:11.533Z","01.04.2025 05:15:11","INV2","COM4","slave_4","info",20005,"Версия программного обеспечения","-",21706,
"2025-04-01T02:15:11.830Z","01.04.2025 05:15:11","INV2","COM4","slave_4","info",20006,"Версия протокола","-",10414,
"2025-04-01T02:15:12.142Z","01.04.2025 05:15:12","INV2","COM4","slave_4","status",25201,"Состояние работы","-",3,
"2025-04-01T02:15:12.446Z","01.04.2025 05:15:12","INV2","COM4","slave_4","status",25205,"Напряжение АКБ","V",548,
"2025-04-01T02:15:12.741Z","01.04.2025 05:15:12","INV2","COM4","slave_4","status",25206,"Выходное напряжение инвертора","V",2221,
"2025-04-01T02:15:13.055Z","01.04.2025 05:15:13","INV2","COM4","slave_4","status",25207,"Сетевое напряжение","V",2234,
"2025-04-01T02:15:13.365Z","01.04.2025 05:15:13","INV2","COM4","slave_4","status",25210,"Ток инвертора","A",4,
"2025-04-01T02:15:13.678Z","01.04.2025 05:15:13","INV2","COM4","slave_4","status",25213,"Мощность инвертора","W",65466,
"2025-04-01T02:15:13.990Z","01.04.2025 05:15:13","INV2","COM4","slave_4","status",25214,"Мощность сети","W",65279,
"2025-04-01T02:15:14.302Z","01.04.2025 05:15:14","INV2","COM4","slave_4","status",25215,"Мощность нагрузки","W",177,
"2025-04-01T02:15:14.615Z","01.04.2025 05:15:14","INV2","COM4","slave_4","status",25216,"Процент нагрузки","%",3,
"2025-04-01T02:15:14.938Z","01.04.2025 05:15:14","INV2","COM4","slave_4","status",25233,"Температура радиатора AC","C",49,
"2025-04-01T02:15:15.239Z","01.04.2025 05:15:15","INV2","COM4","slave_4","status",25234,"Температура трансформатора","C",63,
"2025-04-01T02:15:15.552Z","01.04.2025 05:15:15","INV2","COM4","slave_4","status",25235,"Температура радиатора DC","C",43,
"2025-04-01T02:15:15.869Z","01.04.2025 05:15:15","INV2","COM4","slave_4","energy",25245,"Накопленная зарядная энергия (старший байт)","kWh",0,
"2025-04-01T02:15:16.180Z","01.04.2025 05:15:16","INV2","COM4","slave_4","energy",25246,"Накопленная зарядная энергия (младший байт)","kWh",1077,
"2025-04-01T02:15:16.496Z","01.04.2025 05:15:16","INV2","COM4","slave_4","energy",25247,"Накопленная разрядная энергия (старший байт)","kWh",0,
"2025-04-01T02:15:16.800Z","01.04.2025 05:15:16","INV2","COM4","slave_4","energy",25248,"Накопленная разрядная энергия (младший байт)","kWh",43,
"2025-04-01T02:15:17.121Z","01.04.2025 05:15:17","INV2","COM4","slave_4","energy",25253,"Накопленная нагрузочная энергия (старший байт)","kWh",0,
"2025-04-01T02:15:17.426Z","01.04.2025 05:15:17","INV2","COM4","slave_4","energy",25254,"Накопленная нагрузочная энергия (младший байт)","kWh",7487,
"2025-04-01T02:15:17.728Z","01.04.2025 05:15:17","INV2","COM4","slave_4","error",25261,"Сообщение об ошибке 1","-",0,
"2025-04-01T02:15:18.053Z","01.04.2025 05:15:18","INV2","COM4","slave_4","error",25262,"Сообщение об ошибке 2","-",0,
"2025-04-01T02:15:18.367Z","01.04.2025 05:15:18","INV2","COM4","slave_4","error",25265,"Сообщение о предупреждении 1","-",0,
"2025-04-01T02:15:18.677Z","01.04.2025 05:15:18","INV2","COM4","slave_4","error",25266,"Сообщение о предупреждении 2","-",0,
"2025-04-01T02:15:18.993Z","01.04.2025 05:15:18","INV3","COM5","slave_4","info",20000,"Тип устройства (старший байт)","-",20566,
"2025-04-01T02:15:19.298Z","01.04.2025 05:15:19","INV3","COM5","slave_4","info",20001,"Тип устройства (младший байт)","-",1800,
"2025-04-01T02:15:19.609Z","01.04.2025 05:15:19","INV3","COM5","slave_4","info",20002,"Серийный номер (старший байт)","-",65535,
"2025-04-01T02:15:19.916Z","01.04.2025 05:15:19","INV3","COM5","slave_4","info",20003,"Серийный номер (младший байт)","-",65535,
"2025-04-01T02:15:20.214Z","01.04.2025 05:15:20","INV3","COM5","slave_4","info",20004,"Версия оборудования","-",10101,
"2025-04-01T02:15:20.514Z","01.04.2025 05:15:20","INV3","COM5","slave_4","info",20005,"Версия программного обеспечения","-",21706,
"2025-04-01T02:15:20.821Z","01.04.2025 05:15:20","INV3","COM5","slave_4","info",20006,"Версия протокола","-",10414,
"2025-04-01T02:15:21.123Z","01.04.2025 05:15:21","INV3","COM5","slave_4","status",25201,"Состояние работы","-",3,
"2025-04-01T02:15:21.432Z","01.04.2025 05:15:21","INV3","COM5","slave_4","status",25205,"Напряжение АКБ","V",548,
"2025-04-01T02:15:21.745Z","01.04.2025 05:15:21","INV3","COM5","slave_4","status",25206,"Выходное напряжение инвертора","V",2189,
"2025-04-01T02:15:22.051Z","01.04.2025 05:15:22","INV3","COM5","slave_4","status",25207,"Сетевое напряжение","V",2200,
"2025-04-01T02:15:22.344Z","01.04.2025 05:15:22","INV3","COM5","slave_4","status",25210,"Ток инвертора","A",4,
"2025-04-01T02:15:22.648Z","01.04.2025 05:15:22","INV3","COM5","slave_4","status",25213,"Мощность инвертора","W",65465,
"2025-04-01T02:15:22.970Z","01.04.2025 05:15:22","INV3","COM5","slave_4","status",25214,"Мощность сети","W",65124,
"2025-04-01T02:15:23.272Z","01.04.2025 05:15:23","INV3","COM5","slave_4","status",25215,"Мощность нагрузки","W",323,
"2025-04-01T02:15:23.578Z","01.04.2025 05:15:23","INV3","COM5","slave_4","status",25216,"Процент нагрузки","%",6,
"2025-04-01T02:15:23.876Z","01.04.2025 05:15:23","INV3","COM5","slave_4","status",25233,"Температура радиатора AC","C",52,
"2025-04-01T02:15:24.183Z","01.04.2025 05:15:24","INV3","COM5","slave_4","status",25234,"Температура трансформатора","C",64,
"2025-04-01T02:15:24.501Z","01.04.2025 05:15:24","INV3","COM5","slave_4","status",25235,"Температура радиатора DC","C",46,
"2025-04-01T02:15:24.805Z","01.04.2025 05:15:24","INV3","COM5","slave_4","energy",25245,"Накопленная зарядная энергия (старший байт)","kWh",0,
"2025-04-01T02:15:25.107Z","01.04.2025 05:15:25","INV3","COM5","slave_4","energy",25246,"Накопленная зарядная энергия (младший байт)","kWh",1086,
"2025-04-01T02:15:25.416Z","01.04.2025 05:15:25","INV3","COM5","slave_4","energy",25247,"Накопленная разрядная энергия (старший байт)","kWh",0,
"2025-04-01T02:15:25.723Z","01.04.2025 05:15:25","INV3","COM5","slave_4","energy",25248,"Накопленная разрядная энергия (младший байт)","kWh",44,
"2025-04-01T02:15:26.025Z","01.04.2025 05:15:26","INV3","COM5","slave_4","energy",25253,"Накопленная нагрузочная энергия (старший байт)","kWh",0,
"2025-04-01T02:15:26.332Z","01.04.2025 05:15:26","INV3","COM5","slave_4","energy",25254,"Накопленная нагрузочная энергия (младший байт)","kWh",6231,
"2025-04-01T02:15:26.636Z","01.04.2025 05:15:26","INV3","COM5","slave_4","error",25261,"Сообщение об ошибке 1","-",0,
"2025-04-01T02:15:26.948Z","01.04.2025 05:15:26","INV3","COM5","slave_4","error",25262,"Сообщение об ошибке 2","-",0,
"2025-04-01T02:15:27.259Z","01.04.2025 05:15:27","INV3","COM5","slave_4","error",25265,"Сообщение о предупреждении 1","-",0,
"2025-04-01T02:15:27.553Z","01.04.2025 05:15:27","INV3","COM5","slave_4","error",25266,"Сообщение о предупреждении 2","-",0,
"2025-04-01T02:30:01.042Z","01.04.2025 05:30:01","INV1","COM3","slave_4","info",20000,"Тип устройства (старший байт)","-",20566,
"2025-04-01T02:30:01.368Z","01.04.2025 05:30:01","INV1","COM3","slave_4","info",20001,"Тип устройства (младший байт)","-",1800,
"2025-04-01T02:30:01.673Z","01.04.2025 05:30:01","INV1","COM3","slave_4","info",20002,"Серийный номер (старший байт)","-",65535,
"2025-04-01T02:30:01.975Z","01.04.2025 05:30:01","INV1","COM3","slave_4","info",20003,"Серийный номер (младший байт)","-",65535,
"2025-04-01T02:30:02.275Z","01.04.2025 05:30:02","INV1","COM3","slave_4","info",20004,"Версия оборудования","-",10101,
"2025-04-01T02:30:02.600Z","01.04.2025 05:30:02","INV1","COM3","slave_4","info",20005,"Версия программного обеспечения","-",21706,
"2025-04-01T02:30:02.901Z","01.04.2025 05:30:02","INV1","COM3","slave_4","info",20006,"Версия протокола","-",10414,
"2025-04-01T02:30:03.199Z","01.04.2025 05:30:03","INV1","COM3","slave_4","status",25201,"Состояние работы","-",3,
"2025-04-01T02:30:03.518Z","01.04.2025 05:30:03","INV1","COM3","slave_4","status",25205,"Напряжение АКБ","V",548,
"2025-04-01T02:30:03.822Z","01.04.2025 05:30:03","INV1","COM3","slave_4","status",25206,"Выходное напряжение инвертора","V",2192,
"2025-04-01T02:30:04.128Z","01.04.2025 05:30:04","INV1","COM3","slave_4","status",25207,"Сетевое напряжение","V",2205,
"2025-04-01T02:30:04.453Z","01.04.2025 05:30:04","INV1","COM3","slave_4","status",25210,"Ток инвертора","A",10,
"2025-04-01T02:30:04.757Z","01.04.2025 05:30:04","INV1","COM3","slave_4","status",25213,"Мощность инвертора","W",65471,
"2025-04-01T02:30:05.065Z","01.04.2025 05:30:05","INV1","COM3","slave_4","status",25214,"Мощность сети","W",65293,
"2025-04-01T02:30:05.378Z","01.04.2025 05:30:05","INV1","COM3","slave_4","status",25215,"Мощность нагрузки","W",161,
"2025-04-01T02:30:05.676Z","01.04.2025 05:30:05","INV1","COM3","slave_4","status",25216,"Процент нагрузки","%",3,
"2025-04-01T02:30:05.982Z","01.04.2025 05:30:05","INV1","COM3","slave_4","status",25233,"Температура радиатора AC","C",55,
"2025-04-01T02:30:06.294Z","01.04.2025 05:30:06","INV1","COM3","slave_4","status",25234,"Температура трансформатора","C",62,
"2025-04-01T02:30:06.602Z","01.04.2025 05:30:06","INV1","COM3","slave_4","status",25235,"Температура радиатора DC","C",42,
"2025-04-01T02:30:06.911Z","01.04.2025 05:30:06","INV1","COM3","slave_4","energy",25245,"Накопленная зарядная энергия (старший байт)","kWh",0,
"2025-04-01T02:30:07.218Z","01.04.2025 05:30:07","INV1","COM3","slave_4","energy",25246,"Накопленная зарядная энергия (младший байт)","kWh",1061,
"2025-04-01T02:30:07.533Z","01.04.2025 05:30:07","INV1","COM3","slave_4","energy",25247,"Накопленная разрядная энергия (старший байт)","kWh",0,
"2025-04-01T02:30:07.839Z","01.04.2025 05:30:07","INV1","COM3","slave_4","energy",25248,"Накопленная разрядная энергия (младший байт)","kWh",44,
"2025-04-01T02:30:08.142Z","01.04.2025 05:30:08","INV1","COM3","slave_4","energy",25253,"Накопленная нагрузочная энергия (старший байт)","kWh",0,
"2025-04-01T02:30:08.458Z","01.04.2025 05:30:08","INV1","COM3","slave_4","energy",25254,"Накопленная нагрузочная энергия (младший байт)","kWh",3783,
"2025-04-01T02:30:08.765Z","01.04.2025 05:30:08","INV1","COM3","slave_4","error",25261,"Сообщение об ошибке 1","-",0,
"2025-04-01T02:30:09.086Z","01.04.2025 05:30:09","INV1","COM3","slave_4","error",25262,"Сообщение об ошибке 2","-",0,
"2025-04-01T02:30:09.396Z","01.04.2025 05:30:09","INV1","COM3","slave_4","error",25265,"Сообщение о предупреждении 1","-",0,
"2025-04-01T02:30:09.716Z","01.04.2025 05:30:09","INV1","COM3","slave_4","error",25266,"Сообщение о предупреждении 2","-",0,
"2025-04-01T02:30:10.042Z","01.04.2025 05:30:10","INV2","COM4","slave_4","info",20000,"Тип устройства (старший байт)","-",20566,
"2025-04-01T02:30:10.347Z","01.04.2025 05:30:10","INV2","COM4","slave_4","info",20001,"Тип устройства (младший байт)","-",1800,
"2025-04-01T02:30:10.653Z","01.04.2025 05:30:10","INV2","COM4","slave_4","info",20002,"Серийный номер (старший байт)","-",65535,
"2025-04-01T02:30:10.964Z","01.04.2025 05:30:10","INV2","COM4","slave_4","info",20003,"Серийный номер (младший байт)","-",65535,
"2025-04-01T02:30:11.273Z","01.04.2025 05:30:11","INV2","COM4","slave_4","info",20004,"Версия оборудования","-",10101,
"2025-04-01T02:30:11.593Z","01.04.2025 05:30:11","INV2","COM4","slave_4","info",20005,"Версия программного обеспечения","-",21706,
"2025-04-01T02:30:11.905Z","01.04.2025 05:30:11","INV2","COM4","slave_4","info",20006,"Версия протокола","-",10414,
"2025-04-01T02:30:12.211Z","01.04.2025 05:30:12","INV2","COM4","slave_4","status",25201,"Состояние работы","-",3,
"2025-04-01T02:30:12.525Z","01.04.2025 05:30:12","INV2","COM4","slave_4","status",25205,"Напряжение АКБ","V",548,
"2025-04-01T02:30:12.835Z","01.04.2025 05:30:12","INV2","COM4","slave_4","status",25206,"Выходное напряжение инвертора","V",2218,
"2025-04-01T02:30:13.152Z","01.04.2025 05:30:13","INV2","COM4","slave_4","status",25207,"Сетевое напряжение","V",2234,
"2025-04-01T02:30:13.464Z","01.04.2025 05:30:13","INV2","COM4","slave_4","status",25210,"Ток инвертора","A",4,
"2025-04-01T02:30:13.772Z","01.04.2025 05:30:13","INV2","COM4","slave_4","status",25213,"Мощность инвертора","W",65464,
"2025-04-01T02:30:14.085Z","01.04.2025 05:30:14","INV2","COM4","slave_4","status",25214,"Мощность сети","W",65242,
"2025-04-01T02:30:14.394Z","01.04.2025 05:30:14","INV2","COM4","slave_4","status",25215,"Мощность нагрузки","W",207,
"2025-04-01T02:30:14.703Z","01.04.2025 05:30:14","INV2","COM4","slave_4","status",25216,"Процент нагрузки","%",3,
"2025-04-01T02:30:15.018Z","01.04.2025 05:30:15","INV2","COM4","slave_4","status",25233,"Температура радиатора AC","C",49,
"2025-04-01T02:30:15.330Z","01.04.2025 05:30:15","INV2","COM4","slave_4","status",25234,"Температура трансформатора","C",63,
"2025-04-01T02:30:15.639Z","01.04.2025 05:30:15","INV2","COM4","slave_4","status",25235,"Температура радиатора DC","C",43,
"2025-04-01T02:30:15.937Z","01.04.2025 05:30:15","INV2","COM4","slave_4","energy",25245,"Накопленная зарядная энергия (старший байт)","kWh",0,
"2025-04-01T02:30:16.239Z","01.04.2025 05:30:16","INV2","COM4","slave_4","energy",25246,"Накопленная зарядная энергия (младший байт)","kWh",1077,
"2025-04-01T02:30:16.554Z","01.04.2025 05:30:16","INV2","COM4","slave_4","energy",25247,"Накопленная разрядная энергия (старший байт)","kWh",0,
"2025-04-01T02:30:16.867Z","01.04.2025 05:30:16","INV2","COM4","slave_4","energy",25248,"Накопленная разрядная энергия (младший байт)","kWh",43,
"2025-04-01T02:30:17.182Z","01.04.2025 05:30:17","INV2","COM4","slave_4","energy",25253,"Накопленная нагрузочная энергия (старший байт)","kWh",0,
"2025-04-01T02:30:17.485Z","01.04.2025 05:30:17","INV2","COM4","slave_4","energy",25254,"Накопленная нагрузочная энергия (младший байт)","kWh",7487,
"2025-04-01T02:30:17.786Z","01.04.2025 05:30:17","INV2","COM4","slave_4","error",25261,"Сообщение об ошибке 1","-",0,
"2025-04-01T02:30:18.091Z","01.04.2025 05:30:18","INV2","COM4","slave_4","error",25262,"Сообщение об ошибке 2","-",0,
"2025-04-01T02:30:18.399Z","01.04.2025 05:30:18","INV2","COM4","slave_4","error",25265,"Сообщение о предупреждении 1","-",0,
"2025-04-01T02:30:18.700Z","01.04.2025 05:30:18","INV2","COM4","slave_4","error",25266,"Сообщение о предупреждении 2","-",0,
"2025-04-01T02:30:19.013Z","01.04.2025 05:30:19","INV3","COM5","slave_4","info",20000,"Тип устройства (старший байт)","-",20566,
"2025-04-01T02:30:19.326Z","01.04.2025 05:30:19","INV3","COM5","slave_4","info",20001,"Тип устройства (младший байт)","-",1800,
"2025-04-01T02:30:19.628Z","01.04.2025 05:30:19","INV3","COM5","slave_4","info",20002,"Серийный номер (старший байт)","-",65535,
"2025-04-01T02:30:19.935Z","01.04.2025 05:30:19","INV3","COM5","slave_4","info",20003,"Серийный номер (младший байт)","-",65535,
"2025-04-01T02:30:20.254Z","01.04.2025 05:30:20","INV3","COM5","slave_4","info",20004,"Версия оборудования","-",10101,
"2025-04-01T02:30:20.572Z","01.04.2025 05:30:20","INV3","COM5","slave_4","info",20005,"Версия программного обеспечения","-",21706,
"2025-04-01T02:30:20.872Z","01.04.2025 05:30:20","INV3","COM5","slave_4","info",20006,"Версия протокола","-",10414,
"2025-04-01T02:30:21.185Z","01.04.2025 05:30:21","INV3","COM5","slave_4","status",25201,"Состояние работы","-",3,
"2025-04-01T02:30:21.496Z","01.04.2025 05:30:21","INV3","COM5","slave_4","status",25205,"Напряжение АКБ","V",548,
"2025-04-01T02:30:21.805Z","01.04.2025 05:30:21","INV3","COM5","slave_4","status",25206,"Выходное напряжение инвертора","V",2189,
"2025-04-01T02:30:22.119Z","01.04.2025 05:30:22","INV3","COM5","slave_4","status",25207,"Сетевое напряжение","V",2199,
"2025-04-01T02:30:22.432Z","01.04.2025 05:30:22","INV3","COM5","slave_4","status",25210,"Ток инвертора","A",4,
"2025-04-01T02:30:22.738Z","01.04.2025 05:30:22","INV3","COM5","slave_4","status",25213,"Мощность инвертора","W",65466,
"2025-04-01T02:30:23.044Z","01.04.2025 05:30:23","INV3","COM5","slave_4","status",25214,"Мощность сети","W",65138,
"2025-04-01T02:30:23.341Z","01.04.2025 05:30:23","INV3","COM5","slave_4","status",25215,"Мощность нагрузки","W",303,
"2025-04-01T02:30:23.652Z","01.04.2025 05:30:23","INV3","COM5","slave_4","status",25216,"Процент нагрузки","%",6,
"2025-04-01T02:30:23.957Z","01.04.2025 05:30:23","INV3","COM5","slave_4","status",25233,"Температура радиатора AC","C",52,
"2025-04-01T02:30:24.256Z","01.04.2025 05:30:24","INV3","COM5","slave_4","status",25234,"Температура трансформатора","C",64,
"2025-04-01T02:30:24.558Z","01.04.2025 05:30:24","INV3","COM5","slave_4","status",25235,"Температура радиатора DC","C",46,
"2025-04-01T02:30:24.863Z","01.04.2025 05:30:24","INV3","COM5","slave_4","energy",25245,"Накопленная зарядная энергия (старший байт)","kWh",0,
"2025-04-01T02:30:25.174Z","01.04.2025 05:30:25","INV3","COM5","slave_4","energy",25246,"Накопленная зарядная энергия (младший байт)","kWh",1086,
"2025-04-01T02:30:25.490Z","01.04.2025 05:30:25","INV3","COM5","slave_4","energy",25247,"Накопленная разрядная энергия (старший байт)","kWh",0,
"2025-04-01T02:30:25.813Z","01.04.2025 05:30:25","INV3","COM5","slave_4","energy",25248,"Накопленная разрядная энергия (младший байт)","kWh",44,
"2025-04-01T02:30:26.121Z","01.04.2025 05:30:26","INV3","COM5","slave_4","energy",25253,"Накопленная нагрузочная энергия (старший байт)","kWh",0,
"2025-04-01T02:30:26.428Z","01.04.2025 05:30:26","INV3","COM5","slave_4","energy",25254,"Накопленная нагрузочная энергия (младший байт)","kWh",6231,
"2025-04-01T02:30:26.737Z","01.04.2025 05:30:26","INV3","COM5","slave_4","error",25261,"Сообщение об ошибке 1","-",0,
"2025-04-01T02:30:27.042Z","01.04.2025 05:30:27","INV3","COM5","slave_4","error",25262,"Сообщение об ошибке 2","-",0,
"2025-04-01T02:30:27.351Z","01.04.2025 05:30:27","INV3","COM5","slave_4","error",25265,"Сообщение о предупреждении 1","-",0,
"2025-04-01T02:30:27.656Z","01.04.2025 05:30:27","INV3","COM5","slave_4","error",25266,"Сообщение о предупреждении 2","-",0,
"2025-04-01T02:45:00.794Z","01.04.2025 05:45:00","INV1","COM3","slave_4","info",20000,"Тип устройства (старший байт)","-",20566,
"2025-04-01T02:45:01.091Z","01.04.2025 05:45:01","INV1","COM3","slave_4","info",20001,"Тип устройства (младший байт)","-",1800,
"2025-04-01T02:45:01.402Z","01.04.2025 05:45:01","INV1","COM3","slave_4","info",20002,"Серийный номер (старший байт)","-",65535,
"2025-04-01T02:45:01.702Z","01.04.2025 05:45:01","INV1","COM3","slave_4","info",20003,"Серийный номер (младший байт)","-",65535,
"2025-04-01T02:45:02.003Z","01.04.2025 05:45:02","INV1","COM3","slave_4","info",20004,"Версия оборудования","-",10101,
"2025-04-01T02:45:02.301Z","01.04.2025 05:45:02","INV1","COM3","slave_4","info",20005,"Версия программного обеспечения","-",21706,
"2025-04-01T02:45:02.600Z","01.04.2025 05:45:02","INV1","COM3","slave_4","info",20006,"Версия протокола","-",10414,
"2025-04-01T02:45:02.901Z","01.04.2025 05:45:02","INV1","COM3","slave_4","status",25201,"Состояние работы","-",3,
"2025-04-01T02:45:03.207Z","01.04.2025 05:45:03","INV1","COM3","slave_4","status",25205,"Напряжение АКБ","V",548,
"2025-04-01T02:45:03.515Z","01.04.2025 05:45:03","INV1","COM3","slave_4","status",25206,"Выходное напряжение инвертора","V",2193,
"2025-04-01T02:45:03.829Z","01.04.2025 05:45:03","INV1","COM3","slave_4","status",25207,"Сетевое напряжение","V",2205,
"2025-04-01T02:45:04.140Z","01.04.2025 05:45:04","INV1","COM3","slave_4","status",25210,"Ток инвертора","A",4,
"2025-04-01T02:45:04.445Z","01.04.2025 05:45:04","INV1","COM3","slave_4","status",25213,"Мощность инвертора","W",65463,
"2025-04-01T02:45:04.769Z","01.04.2025 05:45:04","INV1","COM3","slave_4","status",25214,"Мощность сети","W",65301,
"2025-04-01T02:45:05.070Z","01.04.2025 05:45:05","INV1","COM3","slave_4","status",25215,"Мощность нагрузки","W",166,
"2025-04-01T02:45:05.384Z","01.04.2025 05:45:05","INV1","COM3","slave_4","status",25216,"Процент нагрузки","%",3,
"2025-04-01T02:45:05.690Z","01.04.2025 05:45:05","INV1","COM3","slave_4","status",25233,"Температура радиатора AC","C",55,
"2025-04-01T02:45:06.003Z","01.04.2025 05:45:06","INV1","COM3","slave_4","status",25234,"Температура трансформатора","C",62,
"2025-04-01T02:45:06.302Z","01.04.2025 05:45:06","INV1","COM3","slave_4","status",25235,"Температура радиатора DC","C",42,
"2025-04-01T02:45:06.612Z","01.04.2025 05:45:06","INV1","COM3","slave_4","energy",25245,"Накопленная зарядная энергия (старший байт)","kWh",0,
"2025-04-01T02:45:06.917Z","01.04.2025 05:45:06","INV1","COM3","slave_4","energy",25246,"Накопленная зарядная энергия (младший байт)","kWh",1061,
"2025-04-01T02:45:07.221Z","01.04.2025 05:45:07","INV1","COM3","slave_4","energy",25247,"Накопленная разрядная энергия (старший байт)","kWh",0,
"2025-04-01T02:45:07.540Z","01.04.2025 05:45:07","INV1","COM3","slave_4","energy",25248,"Накопленная разрядная энергия (младший байт)","kWh",44,
"2025-04-01T02:45:07.849Z","01.04.2025 05:45:07","INV1","COM3","slave_4","energy",25253,"Накопленная нагрузочная энергия (старший байт)","kWh",0,
"2025-04-01T02:45:08.153Z","01.04.2025 05:45:08","INV1","COM3","slave_4","energy",25254,"Накопленная нагрузочная энергия (младший байт)","kWh",3783,
"2025-04-01T02:45:08.468Z","01.04.2025 05:45:08","INV1","COM3","slave_4","error",25261,"Сообщение об ошибке 1","-",0,
"2025-04-01T02:45:08.774Z","01.04.2025 05:45:08","INV1","COM3","slave_4","error",25262,"Сообщение об ошибке 2","-",0,
"2025-04-01T02:45:09.091Z","01.04.2025 05:45:09","INV1","COM3","slave_4","error",25265,"Сообщение о предупреждении 1","-",0,
"2025-04-01T02:45:09.398Z","01.04.2025 05:45:09","INV1","COM3","slave_4","error",25266,"Сообщение о предупреждении 2","-",0,
"2025-04-01T02:45:09.716Z","01.04.2025 05:45:09","INV2","COM4","slave_4","info",20000,"Тип устройства (старший байт)","-",20566,
"2025-04-01T02:45:10.044Z","01.04.2025 05:45:10","INV2","COM4","slave_4","info",20001,"Тип устройства (младший байт)","-",1800,
"2025-04-01T02:45:10.342Z","01.04.2025 05:45:10","INV2","COM4","slave_4","info",20002,"Серийный номер (старший байт)","-",65535,
"2025-04-01T02:45:10.638Z","01.04.2025 05:45:10","INV2","COM4","slave_4","info",20003,"Серийный номер (младший байт)","-",65535,
"2025-04-01T02:45:10.956Z","01.04.2025 05:45:10","INV2","COM4","slave_4","info",20004,"Версия оборудования","-",10101,
"2025-04-01T02:45:11.256Z","01.04.2025 05:45:11","INV2","COM4","slave_4","info",20005,"Версия программного обеспечения","-",21706,
"2025-04-01T02:45:11.555Z","01.04.2025 05:45:11","INV2","COM4","slave_4","info",20006,"Версия протокола","-",10414,
"2025-04-01T02:45:11.852Z","01.04.2025 05:45:11","INV2","COM4","slave_4","status",25201,"Состояние работы","-",3,
"2025-04-01T02:45:12.170Z","01.04.2025 05:45:12","INV2","COM4","slave_4","status",25205,"Напряжение АКБ","V",548,
"2025-04-01T02:45:12.466Z","01.04.2025 05:45:12","INV2","COM4","slave_4","status",25206,"Выходное напряжение инвертора","V",2221,
"2025-04-01T02:45:12.770Z","01.04.2025 05:45:12","INV2","COM4","slave_4","status",25207,"Сетевое напряжение","V",2233,
"2025-04-01T02:45:13.080Z","01.04.2025 05:45:13","INV2","COM4","slave_4","status",25210,"Ток инвертора","A",4,
"2025-04-01T02:45:13.378Z","01.04.2025 05:45:13","INV2","COM4","slave_4","status",25213,"Мощность инвертора","W",65467,
"2025-04-01T02:45:13.692Z","01.04.2025 05:45:13","INV2","COM4","slave_4","status",25214,"Мощность сети","W",65280,
"2025-04-01T02:45:14.004Z","01.04.2025 05:45:14","INV2","COM4","slave_4","status",25215,"Мощность нагрузки","W",174,
"2025-04-01T02:45:14.311Z","01.04.2025 05:45:14","INV2","COM4","slave_4","status",25216,"Процент нагрузки","%",3,
"2025-04-01T02:45:14.608Z","01.04.2025 05:45:14","INV2","COM4","slave_4","status",25233,"Температура радиатора AC","C",49,
"2025-04-01T02:45:14.919Z","01.04.2025 05:45:14","INV2","COM4","slave_4","status",25234,"Температура трансформатора","C",63,
"2025-04-01T02:45:15.234Z","01.04.2025 05:45:15","INV2","COM4","slave_4","status",25235,"Температура радиатора DC","C",43,
"2025-04-01T02:45:15.537Z","01.04.2025 05:45:15","INV2","COM4","slave_4","energy",25245,"Накопленная зарядная энергия (старший байт)","kWh",0,
"2025-04-01T02:45:15.848Z","01.04.2025 05:45:15","INV2","COM4","slave_4","energy",25246,"Накопленная зарядная энергия (младший байт)","kWh",1077,
"2025-04-01T02:45:16.159Z","01.04.2025 05:45:16","INV2","COM4","slave_4","energy",25247,"Накопленная разрядная энергия (старший байт)","kWh",0,
"2025-04-01T02:45:16.465Z","01.04.2025 05:45:16","INV2","COM4","slave_4","energy",25248,"Накопленная разрядная энергия (младший байт)","kWh",43,
"2025-04-01T02:45:16.771Z","01.04.2025 05:45:16","INV2","COM4","slave_4","energy",25253,"Накопленная нагрузочная энергия (старший байт)","kWh",0,
"2025-04-01T02:45:17.075Z","01.04.2025 05:45:17","INV2","COM4","slave_4","energy",25254,"Накопленная нагрузочная энергия (младший байт)","kWh",7488,
"2025-04-01T02:45:17.398Z","01.04.2025 05:45:17","INV2","COM4","slave_4","error",25261,"Сообщение об ошибке 1","-",0,
"2025-04-01T02:45:17.725Z","01.04.2025 05:45:17","INV2","COM4","slave_4","error",25262,"Сообщение об ошибке 2","-",0,
"2025-04-01T02:45:18.029Z","01.04.2025 05:45:18","INV2","COM4","slave_4","error",25265,"Сообщение о предупреждении 1","-",0,
"2025-04-01T02:45:18.329Z","01.04.2025 05:45:18","INV2","COM4","slave_4","error",25266,"Сообщение о предупреждении 2","-",0,
"2025-04-01T02:45:18.634Z","01.04.2025 05:45:18","INV3","COM5","slave_4","info",20000,"Тип устройства (старший байт)","-",20566,
"2025-04-01T02:45:18.939Z","01.04.2025 05:45:18","INV3","COM5","slave_4","info",20001,"Тип устройства (младший байт)","-",1800,
"2025-04-01T02:45:19.241Z","01.04.2025 05:45:19","INV3","COM5","slave_4","info",20002,"Серийный номер (старший байт)","-",65535,
"2025-04-01T02:45:19.549Z","01.04.2025 05:45:19","INV3","COM5","slave_4","info",20003,"Серийный номер (младший байт)","-",65535,
"2025-04-01T02:45:19.850Z","01.04.2025 05:45:19","INV3","COM5","slave_4","info",20004,"Версия оборудования","-",10101,
"2025-04-01T02:45:20.149Z","01.04.2025 05:45:20","INV3","COM5","slave_4","info",20005,"Версия программного обеспечения","-",21706,
"2025-04-01T02:45:20.442Z","01.04.2025 05:45:20","INV3","COM5","slave_4","info",20006,"Версия протокола","-",10414,
"2025-04-01T02:45:20.749Z","01.04.2025 05:45:20","INV3","COM5","slave_4","status",25201,"Состояние работы","-",3,
"2025-04-01T02:45:21.063Z","01.04.2025 05:45:21","INV3","COM5","slave_4","status",25205,"Напряжение АКБ","V",548,
"2025-04-01T02:45:21.372Z","01.04.2025 05:45:21","INV3","COM5","slave_4","status",25206,"Выходное напряжение инвертора","V",2190,
"2025-04-01T02:45:21.680Z","01.04.2025 05:45:21","INV3","COM5","slave_4","status",25207,"Сетевое напряжение","V",2201,
"2025-04-01T02:45:21.990Z","01.04.2025 05:45:21","INV3","COM5","slave_4","status",25210,"Ток инвертора","A",4,
"2025-04-01T02:45:22.290Z","01.04.2025 05:45:22","INV3","COM5","slave_4","status",25213,"Мощность инвертора","W",65461,
"2025-04-01T02:45:22.593Z","01.04.2025 05:45:22","INV3","COM5","slave_4","status",25214,"Мощность сети","W",65129,
"2025-04-01T02:45:22.918Z","01.04.2025 05:45:22","INV3","COM5","slave_4","status",25215,"Мощность нагрузки","W",323,
"2025-04-01T02:45:23.219Z","01.04.2025 05:45:23","INV3","COM5","slave_4","status",25216,"Процент нагрузки","%",6,
"2025-04-01T02:45:23.542Z","01.04.2025 05:45:23","INV3","COM5","slave_4","status",25233,"Температура радиатора AC","C",52,
"2025-04-01T02:45:23.853Z","01.04.2025 05:45:23","INV3","COM5","slave_4","status",25234,"Температура трансформатора","C",64,
"2025-04-01T02:45:24.152Z","01.04.2025 05:45:24","INV3","COM5","slave_4","status",25235,"Температура радиатора DC","C",46,
"2025-04-01T02:45:24.453Z","01.04.2025 05:45:24","INV3","COM5","slave_4","energy",25245,"Накопленная зарядная энергия (старший байт)","kWh",0,
"2025-04-01T02:45:24.767Z","01.04.2025 05:45:24","INV3","COM5","slave_4","energy",25246,"Накопленная зарядная энергия (младший байт)","kWh",1086,
"2025-04-01T02:45:25.067Z","01.04.2025 05:45:25","INV3","COM5","slave_4","energy",25247,"Накопленная разрядная энергия (старший байт)","kWh",0,
"2025-04-01T02:45:25.372Z","01.04.2025 05:45:25","INV3","COM5","slave_4","energy",25248,"Накопленная разрядная энергия (младший байт)","kWh",44,
"2025-04-01T02:45:25.683Z","01.04.2025 05:45:25","INV3","COM5","slave_4","energy",25253,"Накопленная нагрузочная энергия (старший байт)","kWh",0,
"2025-04-01T02:45:26.008Z","01.04.2025 05:45:26","INV3","COM5","slave_4","energy",25254,"Накопленная нагрузочная энергия (младший байт)","kWh",6232,
"2025-04-01T02:45:26.309Z","01.04.2025 05:45:26","INV3","COM5","slave_4","error",25261,"Сообщение об ошибке 1","-",0,
"2025-04-01T02:45:26.612Z","01.04.2025 05:45:26","INV3","COM5","slave_4","error",25262,"Сообщение об ошибке 2","-",0,
"2025-04-01T02:45:26.924Z","01.04.2025 05:45:26","INV3","COM5","slave_4","error",25265,"Сообщение о предупреждении 1","-",0,
"2025-04-01T02:45:27.241Z","01.04.2025 05:45:27","INV3","COM5","slave_4","error",25266,"Сообщение о предупреждении 2","-",0,
"2025-04-01T03:00:00.792Z","01.04.2025 06:00:00","INV1","COM3","slave_4","info",20000,"Тип устройства (старший байт)","-",20566,
"2025-04-01T03:00:01.102Z","01.04.2025 06:00:01","INV1","COM3","slave_4","info",20001,"Тип устройства (младший байт)","-",1800,
"2025-04-01T03:00:01.404Z","01.04.2025 06:00:01","INV1","COM3","slave_4","info",20002,"Серийный номер (старший байт)","-",65535,
"2025-04-01T03:00:01.717Z","01.04.2025 06:00:01","INV1","COM3","slave_4","info",20003,"Серийный номер (младший байт)","-",65535,
"2025-04-01T03:00:02.021Z","01.04.2025 06:00:02","INV1","COM3","slave_4","info",20004,"Версия оборудования","-",10101,
"2025-04-01T03:00:02.327Z","01.04.2025 06:00:02","INV1","COM3","slave_4","info",20005,"Версия программного обеспечения","-",21706,
"2025-04-01T03:00:02.635Z","01.04.2025 06:00:02","INV1","COM3","slave_4","info",20006,"Версия протокола","-",10414,
"2025-04-01T03:00:02.933Z","01.04.2025 06:00:02","INV1","COM3","slave_4","status",25201,"Состояние работы","-",3,
"2025-04-01T03:00:03.237Z","01.04.2025 06:00:03","INV1","COM3","slave_4","status",25205,"Напряжение АКБ","V",548,
"2025-04-01T03:00:03.542Z","01.04.2025 06:00:03","INV1","COM3","slave_4","status",25206,"Выходное напряжение инвертора","V",2193,
"2025-04-01T03:00:03.852Z","01.04.2025 06:00:03","INV1","COM3","slave_4","status",25207,"Сетевое напряжение","V",2207,
"2025-04-01T03:00:04.150Z","01.04.2025 06:00:04","INV1","COM3","slave_4","status",25210,"Ток инвертора","A",4,
"2025-04-01T03:00:04.447Z","01.04.2025 06:00:04","INV1","COM3","slave_4","status",25213,"Мощность инвертора","W",65461,
"2025-04-01T03:00:04.772Z","01.04.2025 06:00:04","INV1","COM3","slave_4","status",25214,"Мощность сети","W",65294,
"2025-04-01T03:00:05.072Z","01.04.2025 06:00:05","INV1","COM3","slave_4","status",25215,"Мощность нагрузки","W",161,
"2025-04-01T03:00:05.383Z","01.04.2025 06:00:05","INV1","COM3","slave_4","status",25216,"Процент нагрузки","%",3,
"2025-04-01T03:00:05.689Z","01.04.2025 06:00:05","INV1","COM3","slave_4","status",25233,"Температура радиатора AC","C",55,
"2025-04-01T03:00:06.002Z","01.04.2025 06:00:06","INV1","COM3","slave_4","status",25234,"Температура трансформатора","C",62,
"2025-04-01T03:00:06.308Z","01.04.2025 06:00:06","INV1","COM3","slave_4","status",25235,"Температура радиатора DC","C",42,
"2025-04-01T03:00:06.606Z","01.04.2025 06:00:06","INV1","COM3","slave_4","energy",25245,"Накопленная зарядная энергия (старший байт)","kWh",0,
"2025-04-01T03:00:06.905Z","01.04.2025 06:00:06","INV1","COM3","slave_4","energy",25246,"Накопленная зарядная энергия (младший байт)","kWh",1062,
"2025-04-01T03:00:07.211Z","01.04.2025 06:00:07","INV1","COM3","slave_4","energy",25247,"Накопленная разрядная энергия (старший байт)","kWh",0,
"2025-04-01T03:00:07.514Z","01.04.2025 06:00:07","INV1","COM3","slave_4","energy",25248,"Накопленная разрядная энергия (младший байт)","kWh",44,
"2025-04-01T03:00:07.824Z","01.04.2025 06:00:07","INV1","COM3","slave_4","energy",25253,"Накопленная нагрузочная энергия (старший байт)","kWh",0,
"2025-04-01T03:00:08.135Z","01.04.2025 06:00:08","INV1","COM3","slave_4","energy",25254,"Накопленная нагрузочная энергия (младший байт)","kWh",3784,
"2025-04-01T03:00:08.448Z","01.04.2025 06:00:08","INV1","COM3","slave_4","error",25261,"Сообщение об ошибке 1","-",0,
"2025-04-01T03:00:08.751Z","01.04.2025 06:00:08","INV1","COM3","slave_4","error",25262,"Сообщение об ошибке 2","-",0,
"2025-04-01T03:00:09.065Z","01.04.2025 06:00:09","INV1","COM3","slave_4","error",25265,"Сообщение о предупреждении 1","-",0,
"2025-04-01T03:00:09.375Z","01.04.2025 06:00:09","INV1","COM3","slave_4","error",25266,"Сообщение о предупреждении 2","-",0,
"2025-04-01T03:00:09.692Z","01.04.2025 06:00:09","INV2","COM4","slave_4","info",20000,"Тип устройства (старший байт)","-",20566,
"2025-04-01T03:00:10.014Z","01.04.2025 06:00:10","INV2","COM4","slave_4","info",20001,"Тип устройства (младший байт)","-",1800,
"2025-04-01T03:00:10.307Z","01.04.2025 06:00:10","INV2","COM4","slave_4","info",20002,"Серийный номер (старший байт)","-",65535,
"2025-04-01T03:00:10.615Z","01.04.2025 06:00:10","INV2","COM4","slave_4","info",20003,"Серийный номер (младший байт)","-",65535,
"2025-04-01T03:00:10.913Z","01.04.2025 06:00:10","INV2","COM4","slave_4","info",20004,"Версия оборудования","-",10101,
"2025-04-01T03:00:11.230Z","01.04.2025 06:00:11","INV2","COM4","slave_4","info",20005,"Версия программного обеспечения","-",21706,
"2025-04-01T03:00:11.542Z","01.04.2025 06:00:11","INV2","COM4","slave_4","info",20006,"Версия протокола","-",10414,
"2025-04-01T03:00:11.853Z","01.04.2025 06:00:11","INV2","COM4","slave_4","status",25201,"Состояние работы","-",3,
"2025-04-01T03:00:12.163Z","01.04.2025 06:00:12","INV2","COM4","slave_4","status",25205,"Напряжение АКБ","V",548,
"2025-04-01T03:00:12.463Z","01.04.2025 06:00:12","INV2","COM4","slave_4","status",25206,"Выходное напряжение инвертора","V",2221,
"2025-04-01T03:00:12.766Z","01.04.2025 06:00:12","INV2","COM4","slave_4","status",25207,"Сетевое напряжение","V",2235,
"2025-04-01T03:00:13.065Z","01.04.2025 06:00:13","INV2","COM4","slave_4","status",25210,"Ток инвертора","A",4,
"2025-04-01T03:00:13.372Z","01.04.2025 06:00:13","INV2","COM4","slave_4","status",25213,"Мощность инвертора","W",65465,
"2025-04-01T03:00:13.679Z","01.04.2025 06:00:13","INV2","COM4","slave_4","status",25214,"Мощность сети","W",65280,
"2025-04-01T03:00:13.976Z","01.04.2025 06:00:13","INV2","COM4","slave_4","status",25215,"Мощность нагрузки","W",172,
"2025-04-01T03:00:14.284Z","01.04.2025 06:00:14","INV2","COM4","slave_4","status",25216,"Процент нагрузки","%",3,
"2025-04-01T03:00:14.584Z","01.04.2025 06:00:14","INV2","COM4","slave_4","status",25233,"Температура радиатора AC","C",48,
"2025-04-01T03:00:14.907Z","01.04.2025 06:00:14","INV2","COM4","slave_4","status",25234,"Температура трансформатора","C",63,
"2025-04-01T03:00:15.215Z","01.04.2025 06:00:15","INV2","COM4","slave_4","status",25235,"Температура радиатора DC","C",43,
"2025-04-01T03:00:15.529Z","01.04.2025 06:00:15","INV2","COM4","slave_4","energy",25245,"Накопленная зарядная энергия (старший байт)","kWh",0,
"2025-04-01T03:00:15.840Z","01.04.2025 06:00:15","INV2","COM4","slave_4","energy",25246,"Накопленная зарядная энергия (младший байт)","kWh",1078,
"2025-04-01T03:00:16.146Z","01.04.2025 06:00:16","INV2","COM4","slave_4","energy",25247,"Накопленная разрядная энергия (старший байт)","kWh",0,
"2025-04-01T03:00:16.454Z","01.04.2025 06:00:16","INV2","COM4","slave_4","energy",25248,"Накопленная разрядная энергия (младший байт)","kWh",43,
"2025-04-01T03:00:16.756Z","01.04.2025 06:00:16","INV2","COM4","slave_4","energy",25253,"Накопленная нагрузочная энергия (старший байт)","kWh",0,
"2025-04-01T03:00:17.063Z","01.04.2025 06:00:17","INV2","COM4","slave_4","energy",25254,"Накопленная нагрузочная энергия (младший байт)","kWh",7488,
"2025-04-01T03:00:17.368Z","01.04.2025 06:00:17","INV2","COM4","slave_4","error",25261,"Сообщение об ошибке 1","-",0,
"2025-04-01T03:00:17.682Z","01.04.2025 06:00:17","INV2","COM4","slave_4","error",25262,"Сообщение об ошибке 2","-",0,
"2025-04-01T03:00:17.988Z","01.04.2025 06:00:17","INV2","COM4","slave_4","error",25265,"Сообщение о предупреждении 1","-",0,
"2025-04-01T03:00:18.287Z","01.04.2025 06:00:18","INV2","COM4","slave_4","error",25266,"Сообщение о предупреждении 2","-",0,
"2025-04-01T03:00:18.603Z","01.04.2025 06:00:18","INV3","COM5","slave_4","info",20000,"Тип устройства (старший байт)","-",20566,
"2025-04-01T03:00:18.917Z","01.04.2025 06:00:18","INV3","COM5","slave_4","info",20001,"Тип устройства (младший байт)","-",1800,
"2025-04-01T03:00:19.226Z","01.04.2025 06:00:19","INV3","COM5","slave_4","info",20002,"Серийный номер (старший байт)","-",65535,
"2025-04-01T03:00:19.539Z","01.04.2025 06:00:19","INV3","COM5","slave_4","info",20003,"Серийный номер (младший байт)","-",65535,
"2025-04-01T03:00:19.834Z","01.04.2025 06:00:19","INV3","COM5","slave_4","info",20004,"Версия оборудования","-",10101,
"2025-04-01T03:00:20.142Z","01.04.2025 06:00:20","INV3","COM5","slave_4","info",20005,"Версия программного обеспечения","-",21706,
"2025-04-01T03:00:20.450Z","01.04.2025 06:00:20","INV3","COM5","slave_4","info",20006,"Версия протокола","-",10414,
"2025-04-01T03:00:20.749Z","01.04.2025 06:00:20","INV3","COM5","slave_4","status",25201,"Состояние работы","-",3,
"2025-04-01T03:00:21.062Z","01.04.2025 06:00:21","INV3","COM5","slave_4","status",25205,"Напряжение АКБ","V",547,
"2025-04-01T03:00:21.371Z","01.04.2025 06:00:21","INV3","COM5","slave_4","status",25206,"Выходное напряжение инвертора","V",2190,
"2025-04-01T03:00:21.680Z","01.04.2025 06:00:21","INV3","COM5","slave_4","status",25207,"Сетевое напряжение","V",2201,
"2025-04-01T03:00:21.975Z","01.04.2025 06:00:21","INV3","COM5","slave_4","status",25210,"Ток инвертора","A",4,
"2025-04-01T03:00:22.286Z","01.04.2025 06:00:22","INV3","COM5","slave_4","status",25213,"Мощность инвертора","W",65460,
"2025-04-01T03:00:22.590Z","01.04.2025 06:00:22","INV3","COM5","slave_4","status",25214,"Мощность сети","W",65158,
"2025-04-01T03:00:22.901Z","01.04.2025 06:00:22","INV3","COM5","slave_4","status",25215,"Мощность нагрузки","W",294,
"2025-04-01T03:00:23.214Z","01.04.2025 06:00:23","INV3","COM5","slave_4","status",25216,"Процент нагрузки","%",5,
"2025-04-01T03:00:23.530Z","01.04.2025 06:00:23","INV3","COM5","slave_4","status",25233,"Температура радиатора AC","C",51,
"2025-04-01T03:00:23.840Z","01.04.2025 06:00:23","INV3","COM5","slave_4","status",25234,"Температура трансформатора","C",64,
"2025-04-01T03:00:24.147Z","01.04.2025 06:00:24","INV3","COM5","slave_4","status",25235,"Температура радиатора DC","C",46,
"2025-04-01T03:00:24.459Z","01.04.2025 06:00:24","INV3","COM5","slave_4","energy",25245,"Накопленная зарядная энергия (старший байт)","kWh",0,
"2025-04-01T03:00:24.774Z","01.04.2025 06:00:24","INV3","COM5","slave_4","energy",25246,"Накопленная зарядная энергия (младший байт)","kWh",1087,
"2025-04-01T03:00:25.081Z","01.04.2025 06:00:25","INV3","COM5","slave_4","energy",25247,"Накопленная разрядная энергия (старший байт)","kWh",0,
"2025-04-01T03:00:25.383Z","01.04.2025 06:00:25","INV3","COM5","slave_4","energy",25248,"Накопленная разрядная энергия (младший байт)","kWh",44,
"2025-04-01T03:00:25.678Z","01.04.2025 06:00:25","INV3","COM5","slave_4","energy",25253,"Накопленная нагрузочная энергия (старший байт)","kWh",0,
"2025-04-01T03:00:25.985Z","01.04.2025 06:00:25","INV3","COM5","slave_4","energy",25254,"Накопленная нагрузочная энергия (младший байт)","kWh",6233,
"2025-04-01T03:00:26.291Z","01.04.2025 06:00:26","INV3","COM5","slave_4","error",25261,"Сообщение об ошибке 1","-",0,
"2025-04-01T03:00:26.595Z","01.04.2025 06:00:26","INV3","COM5","slave_4","error",25262,"Сообщение об ошибке 2","-",0,
"2025-04-01T03:00:26.899Z","01.04.2025 06:00:26","INV3","COM5","slave_4","error",25265,"Сообщение о предупреждении 1","-",0,
"2025-04-01T03:00:27.202Z","01.04.2025 06:00:27","INV3","COM5","slave_4","error",25266,"Сообщение о предупреждении 2","-",0,
"2025-04-01T03:15:00.758Z","01.04.2025 06:15:00","INV1","COM3","slave_4","info",20000,"Тип устройства (старший байт)","-",20566,
"2025-04-01T03:15:01.065Z","01.04.2025 06:15:01","INV1","COM3","slave_4","info",20001,"Тип устройства (младший байт)","-",1800,
"2025-04-01T03:15:01.387Z","01.04.2025 06:15:01","INV1","COM3","slave_4","info",20002,"Серийный номер (старший байт)","-",65535,
"2025-04-01T03:15:01.706Z","01.04.2025 06:15:01","INV1","COM3","slave_4","info",20003,"Серийный номер (младший байт)","-",65535,
"2025-04-01T03:15:02.020Z","01.04.2025 06:15:02","INV1","COM3","slave_4","info",20004,"Версия оборудования","-",10101,
"2025-04-01T03:15:02.321Z","01.04.2025 06:15:02","INV1","COM3","slave_4","info",20005,"Версия программного обеспечения","-",21706,
"2025-04-01T03:15:02.619Z","01.04.2025 06:15:02","INV1","COM3","slave_4","info",20006,"Версия протокола","-",10414,
"2025-04-01T03:15:02.919Z","01.04.2025 06:15:02","INV1","COM3","slave_4","status",25201,"Состояние работы","-",3,
"2025-04-01T03:15:03.230Z","01.04.2025 06:15:03","INV1","COM3","slave_4","status",25205,"Напряжение АКБ","V",546,
"2025-04-01T03:15:03.541Z","01.04.2025 06:15:03","INV1","COM3","slave_4","status",25206,"Выходное напряжение инвертора","V",2203,
"2025-04-01T03:15:03.853Z","01.04.2025 06:15:03","INV1","COM3","slave_4","status",25207,"Сетевое напряжение","V",2202,
"2025-04-01T03:15:04.151Z","01.04.2025 06:15:04","INV1","COM3","slave_4","status",25210,"Ток инвертора","A",0,
"2025-04-01T03:15:04.457Z","01.04.2025 06:15:04","INV1","COM3","slave_4","status",25213,"Мощность инвертора","W",0,
"2025-04-01T03:15:04.767Z","01.04.2025 06:15:04","INV1","COM3","slave_4","status",25214,"Мощность сети","W",65392,
"2025-04-01T03:15:05.076Z","01.04.2025 06:15:05","INV1","COM3","slave_4","status",25215,"Мощность нагрузки","W",136,
"2025-04-01T03:15:05.401Z","01.04.2025 06:15:05","INV1","COM3","slave_4","status",25216,"Процент нагрузки","%",2,
"2025-04-01T03:15:05.715Z","01.04.2025 06:15:05","INV1","COM3","slave_4","status",25233,"Температура радиатора AC","C",55,
"2025-04-01T03:15:06.032Z","01.04.2025 06:15:06","INV1","COM3","slave_4","status",25234,"Температура трансформатора","C",62,
"2025-04-01T03:15:06.339Z","01.04.2025 06:15:06","INV1","COM3","slave_4","status",25235,"Температура радиатора DC","C",42,
"2025-04-01T03:15:06.653Z","01.04.2025 06:15:06","INV1","COM3","slave_4","energy",25245,"Накопленная зарядная энергия (старший байт)","kWh",0,
"2025-04-01T03:15:06.971Z","01.04.2025 06:15:06","INV1","COM3","slave_4","energy",25246,"Накопленная зарядная энергия (младший байт)","kWh",1062,
"2025-04-01T03:15:07.285Z","01.04.2025 06:15:07","INV1","COM3","slave_4","energy",25247,"Накопленная разрядная энергия (старший байт)","kWh",0,
"2025-04-01T03:15:07.592Z","01.04.2025 06:15:07","INV1","COM3","slave_4","energy",25248,"Накопленная разрядная энергия (младший байт)","kWh",44,
"2025-04-01T03:15:07.897Z","01.04.2025 06:15:07","INV1","COM3","slave_4","energy",25253,"Накопленная нагрузочная энергия (старший байт)","kWh",0,
"2025-04-01T03:15:08.217Z","01.04.2025 06:15:08","INV1","COM3","slave_4","energy",25254,"Накопленная нагрузочная энергия (младший байт)","kWh",3784,
"2025-04-01T03:15:08.530Z","01.04.2025 06:15:08","INV1","COM3","slave_4","error",25261,"Сообщение об ошибке 1","-",0,
"2025-04-01T03:15:08.833Z","01.04.2025 06:15:08","INV1","COM3","slave_4","error",25262,"Сообщение об ошибке 2","-",0,
"2025-04-01T03:15:09.133Z","01.04.2025 06:15:09","INV1","COM3","slave_4","error",25265,"Сообщение о предупреждении 1","-",0,
"2025-04-01T03:15:09.448Z","01.04.2025 06:15:09","INV1","COM3","slave_4","error",25266,"Сообщение о предупреждении 2","-",0,
"2025-04-01T03:15:09.759Z","01.04.2025 06:15:09","INV2","COM4","slave_4","info",20000,"Тип устройства (старший байт)","-",20566,
"2025-04-01T03:15:10.075Z","01.04.2025 06:15:10","INV2","COM4","slave_4","info",20001,"Тип устройства (младший байт)","-",1800,
"2025-04-01T03:15:10.375Z","01.04.2025 06:15:10","INV2","COM4","slave_4","info",20002,"Серийный номер (старший байт)","-",65535,
"2025-04-01T03:15:10.673Z","01.04.2025 06:15:10","INV2","COM4","slave_4","info",20003,"Серийный номер (младший байт)","-",65535,
"2025-04-01T03:15:10.977Z","01.04.2025 06:15:10","INV2","COM4","slave_4","info",20004,"Версия оборудования","-",10101,
"2025-04-01T03:15:11.275Z","01.04.2025 06:15:11","INV2","COM4","slave_4","info",20005,"Версия программного обеспечения","-",21706,
"2025-04-01T03:15:11.585Z","01.04.2025 06:15:11","INV2","COM4","slave_4","info",20006,"Версия протокола","-",10414,
"2025-04-01T03:15:11.879Z","01.04.2025 06:15:11","INV2","COM4","slave_4","status",25201,"Состояние работы","-",3,
"2025-04-01T03:15:12.181Z","01.04.2025 06:15:12","INV2","COM4","slave_4","status",25205,"Напряжение АКБ","V",548,
"2025-04-01T03:15:12.495Z","01.04.2025 06:15:12","INV2","COM4","slave_4","status",25206,"Выходное напряжение инвертора","V",2221,
"2025-04-01T03:15:12.805Z","01.04.2025 06:15:12","INV2","COM4","slave_4","status",25207,"Сетевое напряжение","V",2234,
"2025-04-01T03:15:13.104Z","01.04.2025 06:15:13","INV2","COM4","slave_4","status",25210,"Ток инвертора","A",4,
"2025-04-01T03:15:13.410Z","01.04.2025 06:15:13","INV2","COM4","slave_4","status",25213,"Мощность инвертора","W",65469,
"2025-04-01T03:15:13.714Z","01.04.2025 06:15:13","INV2","COM4","slave_4","status",25214,"Мощность сети","W",65281,
"2025-04-01T03:15:14.012Z","01.04.2025 06:15:14","INV2","COM4","slave_4","status",25215,"Мощность нагрузки","W",171,
"2025-04-01T03:15:14.316Z","01.04.2025 06:15:14","INV2","COM4","slave_4","status",25216,"Процент нагрузки","%",3,
"2025-04-01T03:15:14.626Z","01.04.2025 06:15:14","INV2","COM4","slave_4","status",25233,"Температура радиатора AC","C",48,
"2025-04-01T03:15:14.930Z","01.04.2025 06:15:14","INV2","COM4","slave_4","status",25234,"Температура трансформатора","C",63,
"2025-04-01T03:15:15.252Z","01.04.2025 06:15:15","INV2","COM4","slave_4","status",25235,"Температура радиатора DC","C",43,
"2025-04-01T03:15:15.550Z","01.04.2025 06:15:15","INV2","COM4","slave_4","energy",25245,"Накопленная зарядная энергия (старший байт)","kWh",0,
"2025-04-01T03:15:15.857Z","01.04.2025 06:15:15","INV2","COM4","slave_4","energy",25246,"Накопленная зарядная энергия (младший байт)","kWh",1078,
"2025-04-01T03:15:16.159Z","01.04.2025 06:15:16","INV2","COM4","slave_4","energy",25247,"Накопленная разрядная энергия (старший байт)","kWh",0,
"2025-04-01T03:15:16.461Z","01.04.2025 06:15:16","INV2","COM4","slave_4","energy",25248,"Накопленная разрядная энергия (младший байт)","kWh",43,
"2025-04-01T03:15:16.768Z","01.04.2025 06:15:16","INV2","COM4","slave_4","energy",25253,"Накопленная нагрузочная энергия (старший байт)","kWh",0,
"2025-04-01T03:15:17.078Z","01.04.2025 06:15:17","INV2","COM4","slave_4","energy",25254,"Накопленная нагрузочная энергия (младший байт)","kWh",7488,
"2025-04-01T03:15:17.402Z","01.04.2025 06:15:17","INV2","COM4","slave_4","error",25261,"Сообщение об ошибке 1","-",0,
"2025-04-01T03:15:17.707Z","01.04.2025 06:15:17","INV2","COM4","slave_4","error",25262,"Сообщение об ошибке 2","-",0,
"2025-04-01T03:15:18.016Z","01.04.2025 06:15:18","INV2","COM4","slave_4","error",25265,"Сообщение о предупреждении 1","-",0,
"2025-04-01T03:15:18.336Z","01.04.2025 06:15:18","INV2","COM4","slave_4","error",25266,"Сообщение о предупреждении 2","-",0,
"2025-04-01T03:15:18.648Z","01.04.2025 06:15:18","INV3","COM5","slave_4","info",20000,"Тип устройства (старший байт)","-",20566,
"2025-04-01T03:15:18.968Z","01.04.2025 06:15:18","INV3","COM5","slave_4","info",20001,"Тип устройства (младший байт)","-",1800,
"2025-04-01T03:15:19.272Z","01.04.2025 06:15:19","INV3","COM5","slave_4","info",20002,"Серийный номер (старший байт)","-",65535,
"2025-04-01T03:15:19.570Z","01.04.2025 06:15:19","INV3","COM5","slave_4","info",20003,"Серийный номер (младший байт)","-",65535,
"2025-04-01T03:15:19.882Z","01.04.2025 06:15:19","INV3","COM5","slave_4","info",20004,"Версия оборудования","-",10101,
"2025-04-01T03:15:20.183Z","01.04.2025 06:15:20","INV3","COM5","slave_4","info",20005,"Версия программного обеспечения","-",21706,
"2025-04-01T03:15:20.499Z","01.04.2025 06:15:20","INV3","COM5","slave_4","info",20006,"Версия протокола","-",10414,
"2025-04-01T03:15:20.793Z","01.04.2025 06:15:20","INV3","COM5","slave_4","status",25201,"Состояние работы","-",3,
"2025-04-01T03:15:21.091Z","01.04.2025 06:15:21","INV3","COM5","slave_4","status",25205,"Напряжение АКБ","V",548,
"2025-04-01T03:15:21.395Z","01.04.2025 06:15:21","INV3","COM5","slave_4","status",25206,"Выходное напряжение инвертора","V",2190,
"2025-04-01T03:15:21.707Z","01.04.2025 06:15:21","INV3","COM5","slave_4","status",25207,"Сетевое напряжение","V",2201,
"2025-04-01T03:15:22.019Z","01.04.2025 06:15:22","INV3","COM5","slave_4","status",25210,"Ток инвертора","A",4,
"2025-04-01T03:15:22.335Z","01.04.2025 06:15:22","INV3","COM5","slave_4","status",25213,"Мощность инвертора","W",65467,
"2025-04-01T03:15:22.645Z","01.04.2025 06:15:22","INV3","COM5","slave_4","status",25214,"Мощность сети","W",65125,
"2025-04-01T03:15:22.944Z","01.04.2025 06:15:22","INV3","COM5","slave_4","status",25215,"Мощность нагрузки","W",324,
"2025-04-01T03:15:23.258Z","01.04.2025 06:15:23","INV3","COM5","slave_4","status",25216,"Процент нагрузки","%",6,
"2025-04-01T03:15:23.562Z","01.04.2025 06:15:23","INV3","COM5","slave_4","status",25233,"Температура радиатора AC","C",51,
"2025-04-01T03:15:23.869Z","01.04.2025 06:15:23","INV3","COM5","slave_4","status",25234,"Температура трансформатора","C",64,
"2025-04-01T03:15:24.175Z","01.04.2025 06:15:24","INV3","COM5","slave_4","status",25235,"Температура радиатора DC","C",46,
"2025-04-01T03:15:24.481Z","01.04.2025 06:15:24","INV3","COM5","slave_4","energy",25245,"Накопленная зарядная энергия (старший байт)","kWh",0,
"2025-04-01T03:15:24.787Z","01.04.2025 06:15:24","INV3","COM5","slave_4","energy",25246,"Накопленная зарядная энергия (младший байт)","kWh",1087,
"2025-04-01T03:15:25.096Z","01.04.2025 06:15:25","INV3","COM5","slave_4","energy",25247,"Накопленная разрядная энергия (старший байт)","kWh",0,
"2025-04-01T03:15:25.404Z","01.04.2025 06:15:25","INV3","COM5","slave_4","energy",25248,"Накопленная разрядная энергия (младший байт)","kWh",44,
"2025-04-01T03:15:25.711Z","01.04.2025 06:15:25","INV3","COM5","slave_4","energy",25253,"Накопленная нагрузочная энергия (старший байт)","kWh",0,
"2025-04-01T03:15:26.024Z","01.04.2025 06:15:26","INV3","COM5","slave_4","energy",25254,"Накопленная нагрузочная энергия (младший байт)","kWh",6234,
"2025-04-01T03:15:26.340Z","01.04.2025 06:15:26","INV3","COM5","slave_4","error",25261,"Сообщение об ошибке 1","-",0,
"2025-04-01T03:15:26.640Z","01.04.2025 06:15:26","INV3","COM5","slave_4","error",25262,"Сообщение об ошибке 2","-",0,
"2025-04-01T03:15:26.946Z","01.04.2025 06:15:26","INV3","COM5","slave_4","error",25265,"Сообщение о предупреждении 1","-",0,
"2025-04-01T03:15:27.261Z","01.04.2025 06:15:27","INV3","COM5","slave_4","error",25266,"Сообщение о предупреждении 2","-",0,
"2025-04-01T03:30:00.747Z","01.04.2025 06:30:00","INV1","COM3","slave_4","info",20000,"Тип устройства (старший байт)","-",20566,
"2025-04-01T03:30:01.049Z","01.04.2025 06:30:01","INV1","COM3","slave_4","info",20001,"Тип устройства (младший байт)","-",1800,
"2025-04-01T03:30:01.354Z","01.04.2025 06:30:01","INV1","COM3","slave_4","info",20002,"Серийный номер (старший байт)","-",65535,
"2025-04-01T03:30:01.664Z","01.04.2025 06:30:01","INV1","COM3","slave_4","info",20003,"Серийный номер (младший байт)","-",65535,
"2025-04-01T03:30:01.981Z","01.04.2025 06:30:01","INV1","COM3","slave_4","info",20004,"Версия оборудования","-",10101,
"2025-04-01T03:30:02.288Z","01.04.2025 06:30:02","INV1","COM3","slave_4","info",20005,"Версия программного обеспечения","-",21706,
"2025-04-01T03:30:02.588Z","01.04.2025 06:30:02","INV1","COM3","slave_4","info",20006,"Версия протокола","-",10414,
"2025-04-01T03:30:02.896Z","01.04.2025 06:30:02","INV1","COM3","slave_4","status",25201,"Состояние работы","-",3,
"2025-04-01T03:30:03.196Z","01.04.2025 06:30:03","INV1","COM3","slave_4","status",25205,"Напряжение АКБ","V",548,
"2025-04-01T03:30:03.501Z","01.04.2025 06:30:03","INV1","COM3","slave_4","status",25206,"Выходное напряжение инвертора","V",2191,
"2025-04-01T03:30:03.802Z","01.04.2025 06:30:03","INV1","COM3","slave_4","status",25207,"Сетевое напряжение","V",2205,
"2025-04-01T03:30:04.111Z","01.04.2025 06:30:04","INV1","COM3","slave_4","status",25210,"Ток инвертора","A",5,
"2025-04-01T03:30:04.416Z","01.04.2025 06:30:04","INV1","COM3","slave_4","status",25213,"Мощность инвертора","W",65465,
"2025-04-01T03:30:04.737Z","01.04.2025 06:30:04","INV1","COM3","slave_4","status",25214,"Мощность сети","W",65301,
"2025-04-01T03:30:05.050Z","01.04.2025 06:30:05","INV1","COM3","slave_4","status",25215,"Мощность нагрузки","W",156,
"2025-04-01T03:30:05.357Z","01.04.2025 06:30:05","INV1","COM3","slave_4","status",25216,"Процент нагрузки","%",3,
"2025-04-01T03:30:05.657Z","01.04.2025 06:30:05","INV1","COM3","slave_4","status",25233,"Температура радиатора AC","C",54,
"2025-04-01T03:30:05.969Z","01.04.2025 06:30:05","INV1","COM3","slave_4","status",25234,"Температура трансформатора","C",62,
"2025-04-01T03:30:06.277Z","01.04.2025 06:30:06","INV1","COM3","slave_4","status",25235,"Температура радиатора DC","C",42,
"2025-04-01T03:30:06.594Z","01.04.2025 06:30:06","INV1","COM3","slave_4","energy",25245,"Накопленная зарядная энергия (старший байт)","kWh",0,
"2025-04-01T03:30:06.896Z","01.04.2025 06:30:06","INV1","COM3","slave_4","energy",25246,"Накопленная зарядная энергия (младший байт)","kWh",1062,
"2025-04-01T03:30:07.207Z","01.04.2025 06:30:07","INV1","COM3","slave_4","energy",25247,"Накопленная разрядная энергия (старший байт)","kWh",0,
"2025-04-01T03:30:07.516Z","01.04.2025 06:30:07","INV1","COM3","slave_4","energy",25248,"Накопленная разрядная энергия (младший байт)","kWh",44,
"2025-04-01T03:30:07.816Z","01.04.2025 06:30:07","INV1","COM3","slave_4","energy",25253,"Накопленная нагрузочная энергия (старший байт)","kWh",0,
"2025-04-01T03:30:08.126Z","01.04.2025 06:30:08","INV1","COM3","slave_4","energy",25254,"Накопленная нагрузочная энергия (младший байт)","kWh",3784,
"2025-04-01T03:30:08.429Z","01.04.2025 06:30:08","INV1","COM3","slave_4","error",25261,"Сообщение об ошибке 1","-",0,
"2025-04-01T03:30:08.744Z","01.04.2025 06:30:08","INV1","COM3","slave_4","error",25262,"Сообщение об ошибке 2","-",0,
"2025-04-01T03:30:09.062Z","01.04.2025 06:30:09","INV1","COM3","slave_4","error",25265,"Сообщение о предупреждении 1","-",0,
"2025-04-01T03:30:09.378Z","01.04.2025 06:30:09","INV1","COM3","slave_4","error",25266,"Сообщение о предупреждении 2","-",0,
"2025-04-01T03:30:09.677Z","01.04.2025 06:30:09","INV2","COM4","slave_4","info",20000,"Тип устройства (старший байт)","-",20566,
"2025-04-01T03:30:09.988Z","01.04.2025 06:30:09","INV2","COM4","slave_4","info",20001,"Тип устройства (младший байт)","-",1800,
"2025-04-01T03:30:10.284Z","01.04.2025 06:30:10","INV2","COM4","slave_4","info",20002,"Серийный номер (старший байт)","-",65535,
"2025-04-01T03:30:10.597Z","01.04.2025 06:30:10","INV2","COM4","slave_4","info",20003,"Серийный номер (младший байт)","-",65535,
"2025-04-01T03:30:10.917Z","01.04.2025 06:30:10","INV2","COM4","slave_4","info",20004,"Версия оборудования","-",10101,
"2025-04-01T03:30:11.225Z","01.04.2025 06:30:11","INV2","COM4","slave_4","info",20005,"Версия программного обеспечения","-",21706,
"2025-04-01T03:30:11.534Z","01.04.2025 06:30:11","INV2","COM4","slave_4","info",20006,"Версия протокола","-",10414,
"2025-04-01T03:30:11.827Z","01.04.2025 06:30:11","INV2","COM4","slave_4","status",25201,"Состояние работы","-",3,
"2025-04-01T03:30:12.136Z","01.04.2025 06:30:12","INV2","COM4","slave_4","status",25205,"Напряжение АКБ","V",548,
"2025-04-01T03:30:12.443Z","01.04.2025 06:30:12","INV2","COM4","slave_4","status",25206,"Выходное напряжение инвертора","V",2218,
"2025-04-01T03:30:12.747Z","01.04.2025 06:30:12","INV2","COM4","slave_4","status",25207,"Сетевое напряжение","V",2231,
"2025-04-01T03:30:13.050Z","01.04.2025 06:30:13","INV2","COM4","slave_4","status",25210,"Ток инвертора","A",4,
"2025-04-01T03:30:13.361Z","01.04.2025 06:30:13","INV2","COM4","slave_4","status",25213,"Мощность инвертора","W",65459,
"2025-04-01T03:30:13.662Z","01.04.2025 06:30:13","INV2","COM4","slave_4","status",25214,"Мощность сети","W",65237,
"2025-04-01T03:30:13.964Z","01.04.2025 06:30:13","INV2","COM4","slave_4","status",25215,"Мощность нагрузки","W",211,
"2025-04-01T03:30:14.270Z","01.04.2025 06:30:14","INV2","COM4","slave_4","status",25216,"Процент нагрузки","%",4,
"2025-04-01T03:30:14.577Z","01.04.2025 06:30:14","INV2","COM4","slave_4","status",25233,"Температура радиатора AC","C",49,
"2025-04-01T03:30:14.886Z","01.04.2025 06:30:14","INV2","COM4","slave_4","status",25234,"Температура трансформатора","C",63,
"2025-04-01T03:30:15.203Z","01.04.2025 06:30:15","INV2","COM4","slave_4","status",25235,"Температура радиатора DC","C",43,
"2025-04-01T03:30:15.510Z","01.04.2025 06:30:15","INV2","COM4","slave_4","energy",25245,"Накопленная зарядная энергия (старший байт)","kWh",0,
"2025-04-01T03:30:15.817Z","01.04.2025 06:30:15","INV2","COM4","slave_4","energy",25246,"Накопленная зарядная энергия (младший байт)","kWh",1078,
"2025-04-01T03:30:16.126Z","01.04.2025 06:30:16","INV2","COM4","slave_4","energy",25247,"Накопленная разрядная энергия (старший байт)","kWh",0,
"2025-04-01T03:30:16.435Z","01.04.2025 06:30:16","INV2","COM4","slave_4","energy",25248,"Накопленная разрядная энергия (младший байт)","kWh",43,
"2025-04-01T03:30:16.750Z","01.04.2025 06:30:16","INV2","COM4","slave_4","energy",25253,"Накопленная нагрузочная энергия (старший байт)","kWh",0,
"2025-04-01T03:30:17.062Z","01.04.2025 06:30:17","INV2","COM4","slave_4","energy",25254,"Накопленная нагрузочная энергия (младший байт)","kWh",7489,
"2025-04-01T03:30:17.367Z","01.04.2025 06:30:17","INV2","COM4","slave_4","error",25261,"Сообщение об ошибке 1","-",0,
"2025-04-01T03:30:17.669Z","01.04.2025 06:30:17","INV2","COM4","slave_4","error",25262,"Сообщение об ошибке 2","-",0,
"2025-04-01T03:30:17.976Z","01.04.2025 06:30:17","INV2","COM4","slave_4","error",25265,"Сообщение о предупреждении 1","-",0,
"2025-04-01T03:30:18.291Z","01.04.2025 06:30:18","INV2","COM4","slave_4","error",25266,"Сообщение о предупреждении 2","-",0,
"2025-04-01T03:30:18.588Z","01.04.2025 06:30:18","INV3","COM5","slave_4","info",20000,"Тип устройства (старший байт)","-",20566,
"2025-04-01T03:30:18.890Z","01.04.2025 06:30:18","INV3","COM5","slave_4","info",20001,"Тип устройства (младший байт)","-",1800,
"2025-04-01T03:30:19.200Z","01.04.2025 06:30:19","INV3","COM5","slave_4","info",20002,"Серийный номер (старший байт)","-",65535,
"2025-04-01T03:30:19.505Z","01.04.2025 06:30:19","INV3","COM5","slave_4","info",20003,"Серийный номер (младший байт)","-",65535,
"2025-04-01T03:30:19.805Z","01.04.2025 06:30:19","INV3","COM5","slave_4","info",20004,"Версия оборудования","-",10101,
"2025-04-01T03:30:20.107Z","01.04.2025 06:30:20","INV3","COM5","slave_4","info",20005,"Версия программного обеспечения","-",21706,
"2025-04-01T03:30:20.407Z","01.04.2025 06:30:20","INV3","COM5","slave_4","info",20006,"Версия протокола","-",10414,
"2025-04-01T03:30:20.705Z","01.04.2025 06:30:20","INV3","COM5","slave_4","status",25201,"Состояние работы","-",3,
"2025-04-01T03:30:21.007Z","01.04.2025 06:30:21","INV3","COM5","slave_4","status",25205,"Напряжение АКБ","V",547,
"2025-04-01T03:30:21.307Z","01.04.2025 06:30:21","INV3","COM5","slave_4","status",25206,"Выходное напряжение инвертора","V",2189,
"2025-04-01T03:30:21.619Z","01.04.2025 06:30:21","INV3","COM5","slave_4","status",25207,"Сетевое напряжение","V",2200,
"2025-04-01T03:30:21.921Z","01.04.2025 06:30:21","INV3","COM5","slave_4","status",25210,"Ток инвертора","A",4,
"2025-04-01T03:30:22.231Z","01.04.2025 06:30:22","INV3","COM5","slave_4","status",25213,"Мощность инвертора","W",65473,
"2025-04-01T03:30:22.539Z","01.04.2025 06:30:22","INV3","COM5","slave_4","status",25214,"Мощность сети","W",65162,
"2025-04-01T03:30:22.836Z","01.04.2025 06:30:22","INV3","COM5","slave_4","status",25215,"Мощность нагрузки","W",288,
"2025-04-01T03:30:23.150Z","01.04.2025 06:30:23","INV3","COM5","slave_4","status",25216,"Процент нагрузки","%",5,
"2025-04-01T03:30:23.460Z","01.04.2025 06:30:23","INV3","COM5","slave_4","status",25233,"Температура радиатора AC","C",52,
"2025-04-01T03:30:23.772Z","01.04.2025 06:30:23","INV3","COM5","slave_4","status",25234,"Температура трансформатора","C",64,
"2025-04-01T03:30:24.085Z","01.04.2025 06:30:24","INV3","COM5","slave_4","status",25235,"Температура радиатора DC","C",46,
"2025-04-01T03:30:24.394Z","01.04.2025 06:30:24","INV3","COM5","slave_4","energy",25245,"Накопленная зарядная энергия (старший байт)","kWh",0,
"2025-04-01T03:30:24.706Z","01.04.2025 06:30:24","INV3","COM5","slave_4","energy",25246,"Накопленная зарядная энергия (младший байт)","kWh",1087,
"2025-04-01T03:30:25.003Z","01.04.2025 06:30:25","INV3","COM5","slave_4","energy",25247,"Накопленная разрядная энергия (старший байт)","kWh",0,
"2025-04-01T03:30:25.305Z","01.04.2025 06:30:25","INV3","COM5","slave_4","energy",25248,"Накопленная разрядная энергия (младший байт)","kWh",44,
"2025-04-01T03:30:25.623Z","01.04.2025 06:30:25","INV3","COM5","slave_4","energy",25253,"Накопленная нагрузочная энергия (старший байт)","kWh",0,
"2025-04-01T03:30:25.926Z","01.04.2025 06:30:25","INV3","COM5","slave_4","energy",25254,"Накопленная нагрузочная энергия (младший байт)","kWh",6235,
"2025-04-01T03:30:26.226Z","01.04.2025 06:30:26","INV3","COM5","slave_4","error",25261,"Сообщение об ошибке 1","-",0,
"2025-04-01T03:30:26.525Z","01.04.2025 06:30:26","INV3","COM5","slave_4","error",25262,"Сообщение об ошибке 2","-",0,
"2025-04-01T03:30:26.837Z","01.04.2025 06:30:26","INV3","COM5","slave_4","error",25265,"Сообщение о предупреждении 1","-",0,
"2025-04-01T03:30:27.142Z","01.04.2025 06:30:27","INV3","COM5","slave_4","error",25266,"Сообщение о предупреждении 2","-",0,
"2025-04-01T03:45:00.432Z","01.04.2025 06:45:00","INV1","COM3","slave_4","info",20000,"Тип устройства (старший байт)","-",20566,
"2025-04-01T03:45:00.748Z","01.04.2025 06:45:00","INV1","COM3","slave_4","info",20001,"Тип устройства (младший байт)","-",1800,
"2025-04-01T03:45:01.052Z","01.04.2025 06:45:01","INV1","COM3","slave_4","info",20002,"Серийный номер (старший байт)","-",65535,
"2025-04-01T03:45:01.361Z","01.04.2025 06:45:01","INV1","COM3","slave_4","info",20003,"Серийный номер (младший байт)","-",65535,
"2025-04-01T03:45:01.668Z","01.04.2025 06:45:01","INV1","COM3","slave_4","info",20004,"Версия оборудования","-",10101,
"2025-04-01T03:45:01.983Z","01.04.2025 06:45:01","INV1","COM3","slave_4","info",20005,"Версия программного обеспечения","-",21706,
"2025-04-01T03:45:02.291Z","01.04.2025 06:45:02","INV1","COM3","slave_4","info",20006,"Версия протокола","-",10414,
"2025-04-01T03:45:02.592Z","01.04.2025 06:45:02","INV1","COM3","slave_4","status",25201,"Состояние работы","-",3,
"2025-04-01T03:45:02.904Z","01.04.2025 06:45:02","INV1","COM3","slave_4","status",25205,"Напряжение АКБ","V",548,
"2025-04-01T03:45:03.205Z","01.04.2025 06:45:03","INV1","COM3","slave_4","status",25206,"Выходное напряжение инвертора","V",2193,
"2025-04-01T03:45:03.512Z","01.04.2025 06:45:03","INV1","COM3","slave_4","status",25207,"Сетевое напряжение","V",2206,
"2025-04-01T03:45:03.821Z","01.04.2025 06:45:03","INV1","COM3","slave_4","status",25210,"Ток инвертора","A",4,
"2025-04-01T03:45:04.138Z","01.04.2025 06:45:04","INV1","COM3","slave_4","status",25213,"Мощность инвертора","W",65464,
"2025-04-01T03:45:04.442Z","01.04.2025 06:45:04","INV1","COM3","slave_4","status",25214,"Мощность сети","W",65307,
"2025-04-01T03:45:04.749Z","01.04.2025 06:45:04","INV1","COM3","slave_4","status",25215,"Мощность нагрузки","W",147,
"2025-04-01T03:45:05.054Z","01.04.2025 06:45:05","INV1","COM3","slave_4","status",25216,"Процент нагрузки","%",2,
"2025-04-01T03:45:05.364Z","01.04.2025 06:45:05","INV1","COM3","slave_4","status",25233,"Температура радиатора AC","C",54,
"2025-04-01T03:45:05.663Z","01.04.2025 06:45:05","INV1","COM3","slave_4","status",25234,"Температура трансформатора","C",62,
"2025-04-01T03:45:05.967Z","01.04.2025 06:45:05","INV1","COM3","slave_4","status",25235,"Температура радиатора DC","C",42,
"2025-04-01T03:45:06.273Z","01.04.2025 06:45:06","INV1","COM3","slave_4","energy",25245,"Накопленная зарядная энергия (старший байт)","kWh",0,
"2025-04-01T03:45:06.581Z","01.04.2025 06:45:06","INV1","COM3","slave_4","energy",25246,"Накопленная зарядная энергия (младший байт)","kWh",1062,
"2025-04-01T03:45:06.902Z","01.04.2025 06:45:06","INV1","COM3","slave_4","energy",25247,"Накопленная разрядная энергия (старший байт)","kWh",0,
"2025-04-01T03:45:07.213Z","01.04.2025 06:45:07","INV1","COM3","slave_4","energy",25248,"Накопленная разрядная энергия (младший байт)","kWh",44,
"2025-04-01T03:45:07.516Z","01.04.2025 06:45:07","INV1","COM3","slave_4","energy",25253,"Накопленная нагрузочная энергия (старший байт)","kWh",0,
"2025-04-01T03:45:07.820Z","01.04.2025 06:45:07","INV1","COM3","slave_4","energy",25254,"Накопленная нагрузочная энергия (младший байт)","kWh",3785,
"2025-04-01T03:45:08.134Z","01.04.2025 06:45:08","INV1","COM3","slave_4","error",25261,"Сообщение об ошибке 1","-",0,
"2025-04-01T03:45:08.435Z","01.04.2025 06:45:08","INV1","COM3","slave_4","error",25262,"Сообщение об ошибке 2","-",0,
"2025-04-01T03:45:08.747Z","01.04.2025 06:45:08","INV1","COM3","slave_4","error",25265,"Сообщение о предупреждении 1","-",0,
"2025-04-01T03:45:09.048Z","01.04.2025 06:45:09","INV1","COM3","slave_4","error",25266,"Сообщение о предупреждении 2","-",0,
"2025-04-01T03:45:09.355Z","01.04.2025 06:45:09","INV2","COM4","slave_4","info",20000,"Тип устройства (старший байт)","-",20566,
"2025-04-01T03:45:09.654Z","01.04.2025 06:45:09","INV2","COM4","slave_4","info",20001,"Тип устройства (младший байт)","-",1800,
"2025-04-01T03:45:09.968Z","01.04.2025 06:45:09","INV2","COM4","slave_4","info",20002,"Серийный номер (старший байт)","-",65535,
"2025-04-01T03:45:10.278Z","01.04.2025 06:45:10","INV2","COM4","slave_4","info",20003,"Серийный номер (младший байт)","-",65535,
"2025-04-01T03:45:10.574Z","01.04.2025 06:45:10","INV2","COM4","slave_4","info",20004,"Версия оборудования","-",10101,
"2025-04-01T03:45:10.893Z","01.04.2025 06:45:10","INV2","COM4","slave_4","info",20005,"Версия программного обеспечения","-",21706,
"2025-04-01T03:45:11.204Z","01.04.2025 06:45:11","INV2","COM4","slave_4","info",20006,"Версия протокола","-",10414,
"2025-04-01T03:45:11.498Z","01.04.2025 06:45:11","INV2","COM4","slave_4","status",25201,"Состояние работы","-",3,
"2025-04-01T03:45:11.811Z","01.04.2025 06:45:11","INV2","COM4","slave_4","status",25205,"Напряжение АКБ","V",548,
"2025-04-01T03:45:12.109Z","01.04.2025 06:45:12","INV2","COM4","slave_4","status",25206,"Выходное напряжение инвертора","V",2220,
"2025-04-01T03:45:12.421Z","01.04.2025 06:45:12","INV2","COM4","slave_4","status",25207,"Сетевое напряжение","V",2233,
"2025-04-01T03:45:12.728Z","01.04.2025 06:45:12","INV2","COM4","slave_4","status",25210,"Ток инвертора","A",3,
"2025-04-01T03:45:13.053Z","01.04.2025 06:45:13","INV2","COM4","slave_4","status",25213,"Мощность инвертора","W",65465,
"2025-04-01T03:45:13.363Z","01.04.2025 06:45:13","INV2","COM4","slave_4","status",25214,"Мощность сети","W",65274,
"2025-04-01T03:45:13.672Z","01.04.2025 06:45:13","INV2","COM4","slave_4","status",25215,"Мощность нагрузки","W",172,
"2025-04-01T03:45:13.994Z","01.04.2025 06:45:13","INV2","COM4","slave_4","status",25216,"Процент нагрузки","%",3,
"2025-04-01T03:45:14.305Z","01.04.2025 06:45:14","INV2","COM4","slave_4","status",25233,"Температура радиатора AC","C",49,
"2025-04-01T03:45:14.613Z","01.04.2025 06:45:14","INV2","COM4","slave_4","status",25234,"Температура трансформатора","C",63,
"2025-04-01T03:45:14.928Z","01.04.2025 06:45:14","INV2","COM4","slave_4","status",25235,"Температура радиатора DC","C",43,
"2025-04-01T03:45:15.241Z","01.04.2025 06:45:15","INV2","COM4","slave_4","energy",25245,"Накопленная зарядная энергия (старший байт)","kWh",0,
"2025-04-01T03:45:15.560Z","01.04.2025 06:45:15","INV2","COM4","slave_4","energy",25246,"Накопленная зарядная энергия (младший байт)","kWh",1078,
"2025-04-01T03:45:15.861Z","01.04.2025 06:45:15","INV2","COM4","slave_4","energy",25247,"Накопленная разрядная энергия (старший байт)","kWh",0,
"2025-04-01T03:45:16.163Z","01.04.2025 06:45:16","INV2","COM4","slave_4","energy",25248,"Накопленная разрядная энергия (младший байт)","kWh",43,
"2025-04-01T03:45:16.468Z","01.04.2025 06:45:16","INV2","COM4","slave_4","energy",25253,"Накопленная нагрузочная энергия (старший байт)","kWh",0,
"2025-04-01T03:45:16.773Z","01.04.2025 06:45:16","INV2","COM4","slave_4","energy",25254,"Накопленная нагрузочная энергия (младший байт)","kWh",7489,
"2025-04-01T03:45:17.099Z","01.04.2025 06:45:17","INV2","COM4","slave_4","error",25261,"Сообщение об ошибке 1","-",0,
"2025-04-01T03:45:17.406Z","01.04.2025 06:45:17","INV2","COM4","slave_4","error",25262,"Сообщение об ошибке 2","-",0,
"2025-04-01T03:45:17.707Z","01.04.2025 06:45:17","INV2","COM4","slave_4","error",25265,"Сообщение о предупреждении 1","-",0,
"2025-04-01T03:45:18.009Z","01.04.2025 06:45:18","INV2","COM4","slave_4","error",25266,"Сообщение о предупреждении 2","-",0,
"2025-04-01T03:45:18.324Z","01.04.2025 06:45:18","INV3","COM5","slave_4","info",20000,"Тип устройства (старший байт)","-",20566,
"2025-04-01T03:45:18.630Z","01.04.2025 06:45:18","INV3","COM5","slave_4","info",20001,"Тип устройства (младший байт)","-",1800,
"2025-04-01T03:45:18.928Z","01.04.2025 06:45:18","INV3","COM5","slave_4","info",20002,"Серийный номер (старший байт)","-",65535,
"2025-04-01T03:45:19.231Z","01.04.2025 06:45:19","INV3","COM5","slave_4","info",20003,"Серийный номер (младший байт)","-",65535,
"2025-04-01T03:45:19.536Z","01.04.2025 06:45:19","INV3","COM5","slave_4","info",20004,"Версия оборудования","-",10101,
"2025-04-01T03:45:19.845Z","01.04.2025 06:45:19","INV3","COM5","slave_4","info",20005,"Версия программного обеспечения","-",21706,
"2025-04-01T03:45:20.147Z","01.04.2025 06:45:20","INV3","COM5","slave_4","info",20006,"Версия протокола","-",10414,
"2025-04-01T03:45:20.450Z","01.04.2025 06:45:20","INV3","COM5","slave_4","status",25201,"Состояние работы","-",3,
"2025-04-01T03:45:20.748Z","01.04.2025 06:45:20","INV3","COM5","slave_4","status",25205,"Напряжение АКБ","V",548,
"2025-04-01T03:45:21.052Z","01.04.2025 06:45:21","INV3","COM5","slave_4","status",25206,"Выходное напряжение инвертора","V",2188,
"2025-04-01T03:45:21.360Z","01.04.2025 06:45:21","INV3","COM5","slave_4","status",25207,"Сетевое напряжение","V",2199,
"2025-04-01T03:45:21.658Z","01.04.2025 06:45:21","INV3","COM5","slave_4","status",25210,"Ток инвертора","A",4,
"2025-04-01T03:45:21.965Z","01.04.2025 06:45:21","INV3","COM5","slave_4","status",25213,"Мощность инвертора","W",65456,
"2025-04-01T03:45:22.259Z","01.04.2025 06:45:22","INV3","COM5","slave_4","status",25214,"Мощность сети","W",65122,
"2025-04-01T03:45:22.558Z","01.04.2025 06:45:22","INV3","COM5","slave_4","status",25215,"Мощность нагрузки","W",323,
"2025-04-01T03:45:22.863Z","01.04.2025 06:45:22","INV3","COM5","slave_4","status",25216,"Процент нагрузки","%",6,
"2025-04-01T03:45:23.166Z","01.04.2025 06:45:23","INV3","COM5","slave_4","status",25233,"Температура радиатора AC","C",52,
"2025-04-01T03:45:23.472Z","01.04.2025 06:45:23","INV3","COM5","slave_4","status",25234,"Температура трансформатора","C",64,
"2025-04-01T03:45:23.774Z","01.04.2025 06:45:23","INV3","COM5","slave_4","status",25235,"Температура радиатора DC","C",46,
"2025-04-01T03:45:24.091Z","01.04.2025 06:45:24","INV3","COM5","slave_4","energy",25245,"Накопленная зарядная энергия (старший байт)","kWh",0,
"2025-04-01T03:45:24.400Z","01.04.2025 06:45:24","INV3","COM5","slave_4","energy",25246,"Накопленная зарядная энергия (младший байт)","kWh",1087,
"2025-04-01T03:45:24.711Z","01.04.2025 06:45:24","INV3","COM5","slave_4","energy",25247,"Накопленная разрядная энергия (старший байт)","kWh",0,
"2025-04-01T03:45:25.021Z","01.04.2025 06:45:25","INV3","COM5","slave_4","energy",25248,"Накопленная разрядная энергия (младший байт)","kWh",44,
"2025-04-01T03:45:25.323Z","01.04.2025 06:45:25","INV3","COM5","slave_4","energy",25253,"Накопленная нагрузочная энергия (старший байт)","kWh",0,
"2025-04-01T03:45:25.635Z","01.04.2025 06:45:25","INV3","COM5","slave_4","energy",25254,"Накопленная нагрузочная энергия (младший байт)","kWh",6235,
"2025-04-01T03:45:25.937Z","01.04.2025 06:45:25","INV3","COM5","slave_4","error",25261,"Сообщение об ошибке 1","-",0,
"2025-04-01T03:45:26.248Z","01.04.2025 06:45:26","INV3","COM5","slave_4","error",25262,"Сообщение об ошибке 2","-",0,
"2025-04-01T03:45:26.550Z","01.04.2025 06:45:26","INV3","COM5","slave_4","error",25265,"Сообщение о предупреждении 1","-",0,
"2025-04-01T03:45:26.873Z","01.04.2025 06:45:26","INV3","COM5","slave_4","error",25266,"Сообщение о предупреждении 2","-",0,
"2025-04-01T04:00:00.320Z","01.04.2025 07:00:00","INV1","COM3","slave_4","info",20000,"Тип устройства (старший байт)","-",20566,
"2025-04-01T04:00:00.620Z","01.04.2025 07:00:00","INV1","COM3","slave_4","info",20001,"Тип устройства (младший байт)","-",1800,
"2025-04-01T04:00:00.924Z","01.04.2025 07:00:00","INV1","COM3","slave_4","info",20002,"Серийный номер (старший байт)","-",65535,
"2025-04-01T04:00:01.225Z","01.04.2025 07:00:01","INV1","COM3","slave_4","info",20003,"Серийный номер (младший байт)","-",65535,
"2025-04-01T04:00:01.524Z","01.04.2025 07:00:01","INV1","COM3","slave_4","info",20004,"Версия оборудования","-",10101,
"2025-04-01T04:00:01.824Z","01.04.2025 07:00:01","INV1","COM3","slave_4","info",20005,"Версия программного обеспечения","-",21706,
"2025-04-01T04:00:02.137Z","01.04.2025 07:00:02","INV1","COM3","slave_4","info",20006,"Версия протокола","-",10414,
"2025-04-01T04:00:02.427Z","01.04.2025 07:00:02","INV1","COM3","slave_4","status",25201,"Состояние работы","-",3,
"2025-04-01T04:00:02.727Z","01.04.2025 07:00:02","INV1","COM3","slave_4","status",25205,"Напряжение АКБ","V",548,
"2025-04-01T04:00:03.027Z","01.04.2025 07:00:03","INV1","COM3","slave_4","status",25206,"Выходное напряжение инвертора","V",2191,
"2025-04-01T04:00:03.333Z","01.04.2025 07:00:03","INV1","COM3","slave_4","status",25207,"Сетевое напряжение","V",2201,
"2025-04-01T04:00:03.640Z","01.04.2025 07:00:03","INV1","COM3","slave_4","status",25210,"Ток инвертора","A",6,
"2025-04-01T04:00:03.940Z","01.04.2025 07:00:03","INV1","COM3","slave_4","status",25213,"Мощность инвертора","W",65469,
"2025-04-01T04:00:04.265Z","01.04.2025 07:00:04","INV1","COM3","slave_4","status",25214,"Мощность сети","W",65301,
"2025-04-01T04:00:04.567Z","01.04.2025 07:00:04","INV1","COM3","slave_4","status",25215,"Мощность нагрузки","W",150,
"2025-04-01T04:00:04.886Z","01.04.2025 07:00:04","INV1","COM3","slave_4","status",25216,"Процент нагрузки","%",2,
"2025-04-01T04:00:05.186Z","01.04.2025 07:00:05","INV1","COM3","slave_4","status",25233,"Температура радиатора AC","C",54,
"2025-04-01T04:00:05.495Z","01.04.2025 07:00:05","INV1","COM3","slave_4","status",25234,"Температура трансформатора","C",62,
"2025-04-01T04:00:05.805Z","01.04.2025 07:00:05","INV1","COM3","slave_4","status",25235,"Температура радиатора DC","C",42,
"2025-04-01T04:00:06.119Z","01.04.2025 07:00:06","INV1","COM3","slave_4","energy",25245,"Накопленная зарядная энергия (старший байт)","kWh",0,
"2025-04-01T04:00:06.425Z","01.04.2025 07:00:06","INV1","COM3","slave_4","energy",25246,"Накопленная зарядная энергия (младший байт)","kWh",1062,
"2025-04-01T04:00:06.722Z","01.04.2025 07:00:06","INV1","COM3","slave_4","energy",25247,"Накопленная разрядная энергия (старший байт)","kWh",0,
"2025-04-01T04:00:07.031Z","01.04.2025 07:00:07","INV1","COM3","slave_4","energy",25248,"Накопленная разрядная энергия (младший байт)","kWh",44,
"2025-04-01T04:00:07.346Z","01.04.2025 07:00:07","INV1","COM3","slave_4","energy",25253,"Накопленная нагрузочная энергия (старший байт)","kWh",0,
"2025-04-01T04:00:07.648Z","01.04.2025 07:00:07","INV1","COM3","slave_4","energy",25254,"Накопленная нагрузочная энергия (младший байт)","kWh",3785,
"2025-04-01T04:00:07.943Z","01.04.2025 07:00:07","INV1","COM3","slave_4","error",25261,"Сообщение об ошибке 1","-",0,
"2025-04-01T04:00:08.245Z","01.04.2025 07:00:08","INV1","COM3","slave_4","error",25262,"Сообщение об ошибке 2","-",0,
"2025-04-01T04:00:08.556Z","01.04.2025 07:00:08","INV1","COM3","slave_4","error",25265,"Сообщение о предупреждении 1","-",0,
"2025-04-01T04:00:08.862Z","01.04.2025 07:00:08","INV1","COM3","slave_4","error",25266,"Сообщение о предупреждении 2","-",0,
"2025-04-01T04:00:09.170Z","01.04.2025 07:00:09","INV2","COM4","slave_4","info",20000,"Тип устройства (старший байт)","-",20566,
"2025-04-01T04:00:09.485Z","01.04.2025 07:00:09","INV2","COM4","slave_4","info",20001,"Тип устройства (младший байт)","-",1800,
"2025-04-01T04:00:09.798Z","01.04.2025 07:00:09","INV2","COM4","slave_4","info",20002,"Серийный номер (старший байт)","-",65535,
"2025-04-01T04:00:10.104Z","01.04.2025 07:00:10","INV2","COM4","slave_4","info",20003,"Серийный номер (младший байт)","-",65535,
"2025-04-01T04:00:10.404Z","01.04.2025 07:00:10","INV2","COM4","slave_4","info",20004,"Версия оборудования","-",10101,
"2025-04-01T04:00:10.716Z","01.04.2025 07:00:10","INV2","COM4","slave_4","info",20005,"Версия программного обеспечения","-",21706,
"2025-04-01T04:00:11.028Z","01.04.2025 07:00:11","INV2","COM4","slave_4","info",20006,"Версия протокола","-",10414,
"2025-04-01T04:00:11.329Z","01.04.2025 07:00:11","INV2","COM4","slave_4","status",25201,"Состояние работы","-",3,
"2025-04-01T04:00:11.635Z","01.04.2025 07:00:11","INV2","COM4","slave_4","status",25205,"Напряжение АКБ","V",548,
"2025-04-01T04:00:11.950Z","01.04.2025 07:00:11","INV2","COM4","slave_4","status",25206,"Выходное напряжение инвертора","V",2221,
"2025-04-01T04:00:12.252Z","01.04.2025 07:00:12","INV2","COM4","slave_4","status",25207,"Сетевое напряжение","V",2231,
"2025-04-01T04:00:12.564Z","01.04.2025 07:00:12","INV2","COM4","slave_4","status",25210,"Ток инвертора","A",6,
"2025-04-01T04:00:12.876Z","01.04.2025 07:00:12","INV2","COM4","slave_4","status",25213,"Мощность инвертора","W",65460,
"2025-04-01T04:00:13.188Z","01.04.2025 07:00:13","INV2","COM4","slave_4","status",25214,"Мощность сети","W",65285,
"2025-04-01T04:00:13.502Z","01.04.2025 07:00:13","INV2","COM4","slave_4","status",25215,"Мощность нагрузки","W",167,
"2025-04-01T04:00:13.811Z","01.04.2025 07:00:13","INV2","COM4","slave_4","status",25216,"Процент нагрузки","%",3,
"2025-04-01T04:00:14.126Z","01.04.2025 07:00:14","INV2","COM4","slave_4","status",25233,"Температура радиатора AC","C",49,
"2025-04-01T04:00:14.438Z","01.04.2025 07:00:14","INV2","COM4","slave_4","status",25234,"Температура трансформатора","C",63,
"2025-04-01T04:00:14.743Z","01.04.2025 07:00:14","INV2","COM4","slave_4","status",25235,"Температура радиатора DC","C",43,
"2025-04-01T04:00:15.069Z","01.04.2025 07:00:15","INV2","COM4","slave_4","energy",25245,"Накопленная зарядная энергия (старший байт)","kWh",0,
"2025-04-01T04:00:15.382Z","01.04.2025 07:00:15","INV2","COM4","slave_4","energy",25246,"Накопленная зарядная энергия (младший байт)","kWh",1078,
"2025-04-01T04:00:15.689Z","01.04.2025 07:00:15","INV2","COM4","slave_4","energy",25247,"Накопленная разрядная энергия (старший байт)","kWh",0,
"2025-04-01T04:00:15.993Z","01.04.2025 07:00:15","INV2","COM4","slave_4","energy",25248,"Накопленная разрядная энергия (младший байт)","kWh",43,
"2025-04-01T04:00:16.301Z","01.04.2025 07:00:16","INV2","COM4","slave_4","energy",25253,"Накопленная нагрузочная энергия (старший байт)","kWh",0,
"2025-04-01T04:00:16.622Z","01.04.2025 07:00:16","INV2","COM4","slave_4","energy",25254,"Накопленная нагрузочная энергия (младший байт)","kWh",7490,
"2025-04-01T04:00:16.927Z","01.04.2025 07:00:16","INV2","COM4","slave_4","error",25261,"Сообщение об ошибке 1","-",0,
"2025-04-01T04:00:17.236Z","01.04.2025 07:00:17","INV2","COM4","slave_4","error",25262,"Сообщение об ошибке 2","-",0,
"2025-04-01T04:00:17.551Z","01.04.2025 07:00:17","INV2","COM4","slave_4","error",25265,"Сообщение о предупреждении 1","-",0,
"2025-04-01T04:00:17.864Z","01.04.2025 07:00:17","INV2","COM4","slave_4","error",25266,"Сообщение о предупреждении 2","-",0,
"2025-04-01T04:00:18.172Z","01.04.2025 07:00:18","INV3","COM5","slave_4","info",20000,"Тип устройства (старший байт)","-",20566,
"2025-04-01T04:00:18.476Z","01.04.2025 07:00:18","INV3","COM5","slave_4","info",20001,"Тип устройства (младший байт)","-",1800,
"2025-04-01T04:00:18.783Z","01.04.2025 07:00:18","INV3","COM5","slave_4","info",20002,"Серийный номер (старший байт)","-",65535,
"2025-04-01T04:00:19.097Z","01.04.2025 07:00:19","INV3","COM5","slave_4","info",20003,"Серийный номер (младший байт)","-",65535,
"2025-04-01T04:00:19.395Z","01.04.2025 07:00:19","INV3","COM5","slave_4","info",20004,"Версия оборудования","-",10101,
"2025-04-01T04:00:19.694Z","01.04.2025 07:00:19","INV3","COM5","slave_4","info",20005,"Версия программного обеспечения","-",21706,
"2025-04-01T04:00:20.003Z","01.04.2025 07:00:20","INV3","COM5","slave_4","info",20006,"Версия протокола","-",10414,
"2025-04-01T04:00:20.305Z","01.04.2025 07:00:20","INV3","COM5","slave_4","status",25201,"Состояние работы","-",3,
"2025-04-01T04:00:20.613Z","01.04.2025 07:00:20","INV3","COM5","slave_4","status",25205,"Напряжение АКБ","V",548,
"2025-04-01T04:00:20.913Z","01.04.2025 07:00:20","INV3","COM5","slave_4","status",25206,"Выходное напряжение инвертора","V",2188,
"2025-04-01T04:00:21.224Z","01.04.2025 07:00:21","INV3","COM5","slave_4","status",25207,"Сетевое напряжение","V",2198,
"2025-04-01T04:00:21.526Z","01.04.2025 07:00:21","INV3","COM5","slave_4","status",25210,"Ток инвертора","A",6,
"2025-04-01T04:00:21.825Z","01.04.2025 07:00:21","INV3","COM5","slave_4","status",25213,"Мощность инвертора","W",65462,
"2025-04-01T04:00:22.128Z","01.04.2025 07:00:22","INV3","COM5","slave_4","status",25214,"Мощность сети","W",65153,
"2025-04-01T04:00:22.426Z","01.04.2025 07:00:22","INV3","COM5","slave_4","status",25215,"Мощность нагрузки","W",298,
"2025-04-01T04:00:22.739Z","01.04.2025 07:00:22","INV3","COM5","slave_4","status",25216,"Процент нагрузки","%",5,
"2025-04-01T04:00:23.058Z","01.04.2025 07:00:23","INV3","COM5","slave_4","status",25233,"Температура радиатора AC","C",52,
"2025-04-01T04:00:23.357Z","01.04.2025 07:00:23","INV3","COM5","slave_4","status",25234,"Температура трансформатора","C",64,
"2025-04-01T04:00:23.664Z","01.04.2025 07:00:23","INV3","COM5","slave_4","status",25235,"Температура радиатора DC","C",46,
"2025-04-01T04:00:23.969Z","01.04.2025 07:00:23","INV3","COM5","slave_4","energy",25245,"Накопленная зарядная энергия (старший байт)","kWh",0,
"2025-04-01T04:00:24.278Z","01.04.2025 07:00:24","INV3","COM5","slave_4","energy",25246,"Накопленная зарядная энергия (младший байт)","kWh",1087,
"2025-04-01T04:00:24.594Z","01.04.2025 07:00:24","INV3","COM5","slave_4","energy",25247,"Накопленная разрядная энергия (старший байт)","kWh",0,
"2025-04-01T04:00:24.905Z","01.04.2025 07:00:24","INV3","COM5","slave_4","energy",25248,"Накопленная разрядная энергия (младший байт)","kWh",44,
"2025-04-01T04:00:25.213Z","01.04.2025 07:00:25","INV3","COM5","slave_4","energy",25253,"Накопленная нагрузочная энергия (старший байт)","kWh",0,
"2025-04-01T04:00:25.517Z","01.04.2025 07:00:25","INV3","COM5","slave_4","energy",25254,"Накопленная нагрузочная энергия (младший байт)","kWh",6236,
"2025-04-01T04:00:25.823Z","01.04.2025 07:00:25","INV3","COM5","slave_4","error",25261,"Сообщение об ошибке 1","-",0,
"2025-04-01T04:00:26.126Z","01.04.2025 07:00:26","INV3","COM5","slave_4","error",25262,"Сообщение об ошибке 2","-",0,
"2025-04-01T04:00:26.426Z","01.04.2025 07:00:26","INV3","COM5","slave_4","error",25265,"Сообщение о предупреждении 1","-",0,
"2025-04-01T04:00:26.752Z","01.04.2025 07:00:26","INV3","COM5","slave_4","error",25266,"Сообщение о предупреждении 2","-",0,
"2025-04-01T04:15:00.933Z","01.04.2025 07:15:00","INV1","COM3","slave_4","info",20000,"Тип устройства (старший байт)","-",20566,
"2025-04-01T04:15:01.233Z","01.04.2025 07:15:01","INV1","COM3","slave_4","info",20001,"Тип устройства (младший байт)","-",1800,
"2025-04-01T04:15:01.540Z","01.04.2025 07:15:01","INV1","COM3","slave_4","info",20002,"Серийный номер (старший байт)","-",65535,
"2025-04-01T04:15:01.842Z","01.04.2025 07:15:01","INV1","COM3","slave_4","info",20003,"Серийный номер (младший байт)","-",65535,
"2025-04-01T04:15:02.155Z","01.04.2025 07:15:02","INV1","COM3","slave_4","info",20004,"Версия оборудования","-",10101,
"2025-04-01T04:15:02.455Z","01.04.2025 07:15:02","INV1","COM3","slave_4","info",20005,"Версия программного обеспечения","-",21706,
"2025-04-01T04:15:02.754Z","01.04.2025 07:15:02","INV1","COM3","slave_4","info",20006,"Версия протокола","-",10414,
"2025-04-01T04:15:03.057Z","01.04.2025 07:15:03","INV1","COM3","slave_4","status",25201,"Состояние работы","-",3,
"2025-04-01T04:15:03.382Z","01.04.2025 07:15:03","INV1","COM3","slave_4","status",25205,"Напряжение АКБ","V",548,
"2025-04-01T04:15:03.682Z","01.04.2025 07:15:03","INV1","COM3","slave_4","status",25206,"Выходное напряжение инвертора","V",2190,
"2025-04-01T04:15:03.986Z","01.04.2025 07:15:03","INV1","COM3","slave_4","status",25207,"Сетевое напряжение","V",2201,
"2025-04-01T04:15:04.299Z","01.04.2025 07:15:04","INV1","COM3","slave_4","status",25210,"Ток инвертора","A",10,
"2025-04-01T04:15:04.598Z","01.04.2025 07:15:04","INV1","COM3","slave_4","status",25213,"Мощность инвертора","W",65459,
"2025-04-01T04:15:04.910Z","01.04.2025 07:15:04","INV1","COM3","slave_4","status",25214,"Мощность сети","W",65301,
"2025-04-01T04:15:05.208Z","01.04.2025 07:15:05","INV1","COM3","slave_4","status",25215,"Мощность нагрузки","W",155,
"2025-04-01T04:15:05.516Z","01.04.2025 07:15:05","INV1","COM3","slave_4","status",25216,"Процент нагрузки","%",3,
"2025-04-01T04:15:05.816Z","01.04.2025 07:15:05","INV1","COM3","slave_4","status",25233,"Температура радиатора AC","C",55,
"2025-04-01T04:15:06.117Z","01.04.2025 07:15:06","INV1","COM3","slave_4","status",25234,"Температура трансформатора","C",62,
"2025-04-01T04:15:06.432Z","01.04.2025 07:15:06","INV1","COM3","slave_4","status",25235,"Температура радиатора DC","C",42,
"2025-04-01T04:15:06.741Z","01.04.2025 07:15:06","INV1","COM3","slave_4","energy",25245,"Накопленная зарядная энергия (старший байт)","kWh",0,
"2025-04-01T04:15:07.058Z","01.04.2025 07:15:07","INV1","COM3","slave_4","energy",25246,"Накопленная зарядная энергия (младший байт)","kWh",1063,
"2025-04-01T04:15:07.365Z","01.04.2025 07:15:07","INV1","COM3","slave_4","energy",25247,"Накопленная разрядная энергия (старший байт)","kWh",0,
"2025-04-01T04:15:07.683Z","01.04.2025 07:15:07","INV1","COM3","slave_4","energy",25248,"Накопленная разрядная энергия (младший байт)","kWh",44,
"2025-04-01T04:15:07.998Z","01.04.2025 07:15:07","INV1","COM3","slave_4","energy",25253,"Накопленная нагрузочная энергия (старший байт)","kWh",0,
"2025-04-01T04:15:08.299Z","01.04.2025 07:15:08","INV1","COM3","slave_4","energy",25254,"Накопленная нагрузочная энергия (младший байт)","kWh",3785,
"2025-04-01T04:15:08.601Z","01.04.2025 07:15:08","INV1","COM3","slave_4","error",25261,"Сообщение об ошибке 1","-",0,
"2025-04-01T04:15:08.915Z","01.04.2025 07:15:08","INV1","COM3","slave_4","error",25262,"Сообщение об ошибке 2","-",0,
"2025-04-01T04:15:09.219Z","01.04.2025 07:15:09","INV1","COM3","slave_4","error",25265,"Сообщение о предупреждении 1","-",0,
"2025-04-01T04:15:09.528Z","01.04.2025 07:15:09","INV1","COM3","slave_4","error",25266,"Сообщение о предупреждении 2","-",0,
"2025-04-01T04:15:09.837Z","01.04.2025 07:15:09","INV2","COM4","slave_4","info",20000,"Тип устройства (старший байт)","-",20566,
"2025-04-01T04:15:10.137Z","01.04.2025 07:15:10","INV2","COM4","slave_4","info",20001,"Тип устройства (младший байт)","-",1800,
"2025-04-01T04:15:10.441Z","01.04.2025 07:15:10","INV2","COM4","slave_4","info",20002,"Серийный номер (старший байт)","-",65535,
"2025-04-01T04:15:10.742Z","01.04.2025 07:15:10","INV2","COM4","slave_4","info",20003,"Серийный номер (младший байт)","-",65535,
"2025-04-01T04:15:11.057Z","01.04.2025 07:15:11","INV2","COM4","slave_4","info",20004,"Версия оборудования","-",10101,
"2025-04-01T04:15:11.356Z","01.04.2025 07:15:11","INV2","COM4","slave_4","info",20005,"Версия программного обеспечения","-",21706,
"2025-04-01T04:15:11.662Z","01.04.2025 07:15:11","INV2","COM4","slave_4","info",20006,"Версия протокола","-",10414,
"2025-04-01T04:15:11.970Z","01.04.2025 07:15:11","INV2","COM4","slave_4","status",25201,"Состояние работы","-",3,
"2025-04-01T04:15:12.272Z","01.04.2025 07:15:12","INV2","COM4","slave_4","status",25205,"Напряжение АКБ","V",548,
"2025-04-01T04:15:12.574Z","01.04.2025 07:15:12","INV2","COM4","slave_4","status",25206,"Выходное напряжение инвертора","V",2220,
"2025-04-01T04:15:12.880Z","01.04.2025 07:15:12","INV2","COM4","slave_4","status",25207,"Сетевое напряжение","V",2233,
"2025-04-01T04:15:13.194Z","01.04.2025 07:15:13","INV2","COM4","slave_4","status",25210,"Ток инвертора","A",4,
"2025-04-01T04:15:13.492Z","01.04.2025 07:15:13","INV2","COM4","slave_4","status",25213,"Мощность инвертора","W",65460,
"2025-04-01T04:15:13.792Z","01.04.2025 07:15:13","INV2","COM4","slave_4","status",25214,"Мощность сети","W",65282,
"2025-04-01T04:15:14.100Z","01.04.2025 07:15:14","INV2","COM4","slave_4","status",25215,"Мощность нагрузки","W",167,
"2025-04-01T04:15:14.400Z","01.04.2025 07:15:14","INV2","COM4","slave_4","status",25216,"Процент нагрузки","%",3,
"2025-04-01T04:15:14.705Z","01.04.2025 07:15:14","INV2","COM4","slave_4","status",25233,"Температура радиатора AC","C",49,
"2025-04-01T04:15:15.013Z","01.04.2025 07:15:15","INV2","COM4","slave_4","status",25234,"Температура трансформатора","C",63,
"2025-04-01T04:15:15.311Z","01.04.2025 07:15:15","INV2","COM4","slave_4","status",25235,"Температура радиатора DC","C",43,
"2025-04-01T04:15:15.620Z","01.04.2025 07:15:15","INV2","COM4","slave_4","energy",25245,"Накопленная зарядная энергия (старший байт)","kWh",0,
"2025-04-01T04:15:15.933Z","01.04.2025 07:15:15","INV2","COM4","slave_4","energy",25246,"Накопленная зарядная энергия (младший байт)","kWh",1078,
"2025-04-01T04:15:16.243Z","01.04.2025 07:15:16","INV2","COM4","slave_4","energy",25247,"Накопленная разрядная энергия (старший байт)","kWh",0,
"2025-04-01T04:15:16.557Z","01.04.2025 07:15:16","INV2","COM4","slave_4","energy",25248,"Накопленная разрядная энергия (младший байт)","kWh",43,
"2025-04-01T04:15:16.865Z","01.04.2025 07:15:16","INV2","COM4","slave_4","energy",25253,"Накопленная нагрузочная энергия (старший байт)","kWh",0,
"2025-04-01T04:15:17.179Z","01.04.2025 07:15:17","INV2","COM4","slave_4","energy",25254,"Накопленная нагрузочная энергия (младший байт)","kWh",7490,
"2025-04-01T04:15:17.485Z","01.04.2025 07:15:17","INV2","COM4","slave_4","error",25261,"Сообщение об ошибке 1","-",0,
"2025-04-01T04:15:17.788Z","01.04.2025 07:15:17","INV2","COM4","slave_4","error",25262,"Сообщение об ошибке 2","-",0,
"2025-04-01T04:15:18.102Z","01.04.2025 07:15:18","INV2","COM4","slave_4","error",25265,"Сообщение о предупреждении 1","-",0,
"2025-04-01T04:15:18.426Z","01.04.2025 07:15:18","INV2","COM4","slave_4","error",25266,"Сообщение о предупреждении 2","-",0,
"2025-04-01T04:15:18.748Z","01.04.2025 07:15:18","INV3","COM5","slave_4","info",20000,"Тип устройства (старший байт)","-",20566,
"2025-04-01T04:15:19.041Z","01.04.2025 07:15:19","INV3","COM5","slave_4","info",20001,"Тип устройства (младший байт)","-",1800,
"2025-04-01T04:15:19.340Z","01.04.2025 07:15:19","INV3","COM5","slave_4","info",20002,"Серийный номер (старший байт)","-",65535,
"2025-04-01T04:15:19.650Z","01.04.2025 07:15:19","INV3","COM5","slave_4","info",20003,"Серийный номер (младший байт)","-",65535,
"2025-04-01T04:15:19.962Z","01.04.2025 07:15:19","INV3","COM5","slave_4","info",20004,"Версия оборудования","-",10101,
"2025-04-01T04:15:20.277Z","01.04.2025 07:15:20","INV3","COM5","slave_4","info",20005,"Версия программного обеспечения","-",21706,
"2025-04-01T04:15:20.587Z","01.04.2025 07:15:20","INV3","COM5","slave_4","info",20006,"Версия протокола","-",10414,
"2025-04-01T04:15:20.887Z","01.04.2025 07:15:20","INV3","COM5","slave_4","status",25201,"Состояние работы","-",3,
"2025-04-01T04:15:21.185Z","01.04.2025 07:15:21","INV3","COM5","slave_4","status",25205,"Напряжение АКБ","V",548,
"2025-04-01T04:15:21.493Z","01.04.2025 07:15:21","INV3","COM5","slave_4","status",25206,"Выходное напряжение инвертора","V",2187,
"2025-04-01T04:15:21.805Z","01.04.2025 07:15:21","INV3","COM5","slave_4","status",25207,"Сетевое напряжение","V",2198,
"2025-04-01T04:15:22.104Z","01.04.2025 07:15:22","INV3","COM5","slave_4","status",25210,"Ток инвертора","A",4,
"2025-04-01T04:15:22.414Z","01.04.2025 07:15:22","INV3","COM5","slave_4","status",25213,"Мощность инвертора","W",65473,
"2025-04-01T04:15:22.720Z","01.04.2025 07:15:22","INV3","COM5","slave_4","status",25214,"Мощность сети","W",65130,
"2025-04-01T04:15:23.026Z","01.04.2025 07:15:23","INV3","COM5","slave_4","status",25215,"Мощность нагрузки","W",326,
"2025-04-01T04:15:23.333Z","01.04.2025 07:15:23","INV3","COM5","slave_4","status",25216,"Процент нагрузки","%",6,
"2025-04-01T04:15:23.645Z","01.04.2025 07:15:23","INV3","COM5","slave_4","status",25233,"Температура радиатора AC","C",52,
"2025-04-01T04:15:23.949Z","01.04.2025 07:15:23","INV3","COM5","slave_4","status",25234,"Температура трансформатора","C",64,
"2025-04-01T04:15:24.247Z","01.04.2025 07:15:24","INV3","COM5","slave_4","status",25235,"Температура радиатора DC","C",46,
"2025-04-01T04:15:24.547Z","01.04.2025 07:15:24","INV3","COM5","slave_4","energy",25245,"Накопленная зарядная энергия (старший байт)","kWh",0,
"2025-04-01T04:15:24.854Z","01.04.2025 07:15:24","INV3","COM5","slave_4","energy",25246,"Накопленная зарядная энергия (младший байт)","kWh",1087,
"2025-04-01T04:15:25.168Z","01.04.2025 07:15:25","INV3","COM5","slave_4","energy",25247,"Накопленная разрядная энергия (старший байт)","kWh",0,
"2025-04-01T04:15:25.475Z","01.04.2025 07:15:25","INV3","COM5","slave_4","energy",25248,"Накопленная разрядная энергия (младший байт)","kWh",44,
"2025-04-01T04:15:25.781Z","01.04.2025 07:15:25","INV3","COM5","slave_4","energy",25253,"Накопленная нагрузочная энергия (старший байт)","kWh",0,
"2025-04-01T04:15:26.086Z","01.04.2025 07:15:26","INV3","COM5","slave_4","energy",25254,"Накопленная нагрузочная энергия (младший байт)","kWh",6237,
"2025-04-01T04:15:26.385Z","01.04.2025 07:15:26","INV3","COM5","slave_4","error",25261,"Сообщение об ошибке 1","-",0,
"2025-04-01T04:15:26.702Z","01.04.2025 07:15:26","INV3","COM5","slave_4","error",25262,"Сообщение об ошибке 2","-",0,
"2025-04-01T04:15:27.006Z","01.04.2025 07:15:27","INV3","COM5","slave_4","error",25265,"Сообщение о предупреждении 1","-",0,
"2025-04-01T04:15:27.317Z","01.04.2025 07:15:27","INV3","COM5","slave_4","error",25266,"Сообщение о предупреждении 2","-",0,
"2025-04-01T04:30:00.883Z","01.04.2025 07:30:00","INV1","COM3","slave_4","info",20000,"Тип устройства (старший байт)","-",20566,
"2025-04-01T04:30:01.197Z","01.04.2025 07:30:01","INV1","COM3","slave_4","info",20001,"Тип устройства (младший байт)","-",1800,
"2025-04-01T04:30:01.510Z","01.04.2025 07:30:01","INV1","COM3","slave_4","info",20002,"Серийный номер (старший байт)","-",65535,
"2025-04-01T04:30:01.810Z","01.04.2025 07:30:01","INV1","COM3","slave_4","info",20003,"Серийный номер (младший байт)","-",65535,
"2025-04-01T04:30:02.120Z","01.04.2025 07:30:02","INV1","COM3","slave_4","info",20004,"Версия оборудования","-",10101,
"2025-04-01T04:30:02.418Z","01.04.2025 07:30:02","INV1","COM3","slave_4","info",20005,"Версия программного обеспечения","-",21706,
"2025-04-01T04:30:02.723Z","01.04.2025 07:30:02","INV1","COM3","slave_4","info",20006,"Версия протокола","-",10414,
"2025-04-01T04:30:03.032Z","01.04.2025 07:30:03","INV1","COM3","slave_4","status",25201,"Состояние работы","-",3,
"2025-04-01T04:30:03.336Z","01.04.2025 07:30:03","INV1","COM3","slave_4","status",25205,"Напряжение АКБ","V",548,
"2025-04-01T04:30:03.639Z","01.04.2025 07:30:03","INV1","COM3","slave_4","status",25206,"Выходное напряжение инвертора","V",2192,
"2025-04-01T04:30:03.946Z","01.04.2025 07:30:03","INV1","COM3","slave_4","status",25207,"Сетевое напряжение","V",2205,
"2025-04-01T04:30:04.247Z","01.04.2025 07:30:04","INV1","COM3","slave_4","status",25210,"Ток инвертора","A",4,
"2025-04-01T04:30:04.540Z","01.04.2025 07:30:04","INV1","COM3","slave_4","status",25213,"Мощность инвертора","W",65466,
"2025-04-01T04:30:04.853Z","01.04.2025 07:30:04","INV1","COM3","slave_4","status",25214,"Мощность сети","W",65310,
"2025-04-01T04:30:05.148Z","01.04.2025 07:30:05","INV1","COM3","slave_4","status",25215,"Мощность нагрузки","W",153,
"2025-04-01T04:30:05.457Z","01.04.2025 07:30:05","INV1","COM3","slave_4","status",25216,"Процент нагрузки","%",3,
"2025-04-01T04:30:05.762Z","01.04.2025 07:30:05","INV1","COM3","slave_4","status",25233,"Температура радиатора AC","C",55,
"2025-04-01T04:30:06.073Z","01.04.2025 07:30:06","INV1","COM3","slave_4","status",25234,"Температура трансформатора","C",62,
"2025-04-01T04:30:06.386Z","01.04.2025 07:30:06","INV1","COM3","slave_4","status",25235,"Температура радиатора DC","C",42,
"2025-04-01T04:30:06.702Z","01.04.2025 07:30:06","INV1","COM3","slave_4","energy",25245,"Накопленная зарядная энергия (старший байт)","kWh",0,
"2025-04-01T04:30:07.028Z","01.04.2025 07:30:07","INV1","COM3","slave_4","energy",25246,"Накопленная зарядная энергия (младший байт)","kWh",1063,
"2025-04-01T04:30:07.333Z","01.04.2025 07:30:07","INV1","COM3","slave_4","energy",25247,"Накопленная разрядная энергия (старший байт)","kWh",0,
"2025-04-01T04:30:07.636Z","01.04.2025 07:30:07","INV1","COM3","slave_4","energy",25248,"Накопленная разрядная энергия (младший байт)","kWh",44,
"2025-04-01T04:30:07.946Z","01.04.2025 07:30:07","INV1","COM3","slave_4","energy",25253,"Накопленная нагрузочная энергия (старший байт)","kWh",0,
"2025-04-01T04:30:08.254Z","01.04.2025 07:30:08","INV1","COM3","slave_4","energy",25254,"Накопленная нагрузочная энергия (младший байт)","kWh",3786,
"2025-04-01T04:30:08.569Z","01.04.2025 07:30:08","INV1","COM3","slave_4","error",25261,"Сообщение об ошибке 1","-",0,
"2025-04-01T04:30:08.886Z","01.04.2025 07:30:08","INV1","COM3","slave_4","error",25262,"Сообщение об ошибке 2","-",0,
"2025-04-01T04:30:09.192Z","01.04.2025 07:30:09","INV1","COM3","slave_4","error",25265,"Сообщение о предупреждении 1","-",0,
"2025-04-01T04:30:09.498Z","01.04.2025 07:30:09","INV1","COM3","slave_4","error",25266,"Сообщение о предупреждении 2","-",0,
"2025-04-01T04:30:09.829Z","01.04.2025 07:30:09","INV2","COM4","slave_4","info",20000,"Тип устройства (старший байт)","-",20566,
"2025-04-01T04:30:10.136Z","01.04.2025 07:30:10","INV2","COM4","slave_4","info",20001,"Тип устройства (младший байт)","-",1800,
"2025-04-01T04:30:10.432Z","01.04.2025 07:30:10","INV2","COM4","slave_4","info",20002,"Серийный номер (старший байт)","-",65535,
"2025-04-01T04:30:10.743Z","01.04.2025 07:30:10","INV2","COM4","slave_4","info",20003,"Серийный номер (младший байт)","-",65535,
"2025-04-01T04:30:11.043Z","01.04.2025 07:30:11","INV2","COM4","slave_4","info",20004,"Версия оборудования","-",10101,
"2025-04-01T04:30:11.357Z","01.04.2025 07:30:11","INV2","COM4","slave_4","info",20005,"Версия программного обеспечения","-",21706,
"2025-04-01T04:30:11.668Z","01.04.2025 07:30:11","INV2","COM4","slave_4","info",20006,"Версия протокола","-",10414,
"2025-04-01T04:30:11.972Z","01.04.2025 07:30:11","INV2","COM4","slave_4","status",25201,"Состояние работы","-",3,
"2025-04-01T04:30:12.288Z","01.04.2025 07:30:12","INV2","COM4","slave_4","status",25205,"Напряжение АКБ","V",548,
"2025-04-01T04:30:12.595Z","01.04.2025 07:30:12","INV2","COM4","slave_4","status",25206,"Выходное напряжение инвертора","V",2220,
"2025-04-01T04:30:12.900Z","01.04.2025 07:30:12","INV2","COM4","slave_4","status",25207,"Сетевое напряжение","V",2233,
"2025-04-01T04:30:13.207Z","01.04.2025 07:30:13","INV2","COM4","slave_4","status",25210,"Ток инвертора","A",4,
"2025-04-01T04:30:13.513Z","01.04.2025 07:30:13","INV2","COM4","slave_4","status",25213,"Мощность инвертора","W",65462,
"2025-04-01T04:30:13.824Z","01.04.2025 07:30:13","INV2","COM4","slave_4","status",25214,"Мощность сети","W",65242,
"2025-04-01T04:30:14.121Z","01.04.2025 07:30:14","INV2","COM4","slave_4","status",25215,"Мощность нагрузки","W",209,
"2025-04-01T04:30:14.424Z","01.04.2025 07:30:14","INV2","COM4","slave_4","status",25216,"Процент нагрузки","%",4,
"2025-04-01T04:30:14.732Z","01.04.2025 07:30:14","INV2","COM4","slave_4","status",25233,"Температура радиатора AC","C",49,
"2025-04-01T04:30:15.039Z","01.04.2025 07:30:15","INV2","COM4","slave_4","status",25234,"Температура трансформатора","C",63,
"2025-04-01T04:30:15.366Z","01.04.2025 07:30:15","INV2","COM4","slave_4","status",25235,"Температура радиатора DC","C",43,
"2025-04-01T04:30:15.664Z","01.04.2025 07:30:15","INV2","COM4","slave_4","energy",25245,"Накопленная зарядная энергия (старший байт)","kWh",0,
"2025-04-01T04:30:15.970Z","01.04.2025 07:30:15","INV2","COM4","slave_4","energy",25246,"Накопленная зарядная энергия (младший байт)","kWh",1079,
"2025-04-01T04:30:16.272Z","01.04.2025 07:30:16","INV2","COM4","slave_4","energy",25247,"Накопленная разрядная энергия (старший байт)","kWh",0,
"2025-04-01T04:30:16.574Z","01.04.2025 07:30:16","INV2","COM4","slave_4","energy",25248,"Накопленная разрядная энергия (младший байт)","kWh",43,
"2025-04-01T04:30:16.885Z","01.04.2025 07:30:16","INV2","COM4","slave_4","energy",25253,"Накопленная нагрузочная энергия (старший байт)","kWh",0,
"2025-04-01T04:30:17.195Z","01.04.2025 07:30:17","INV2","COM4","slave_4","energy",25254,"Накопленная нагрузочная энергия (младший байт)","kWh",7491,
"2025-04-01T04:30:17.521Z","01.04.2025 07:30:17","INV2","COM4","slave_4","error",25261,"Сообщение об ошибке 1","-",0,
"2025-04-01T04:30:17.827Z","01.04.2025 07:30:17","INV2","COM4","slave_4","error",25262,"Сообщение об ошибке 2","-",0,
"2025-04-01T04:30:18.145Z","01.04.2025 07:30:18","INV2","COM4","slave_4","error",25265,"Сообщение о предупреждении 1","-",0,
"2025-04-01T04:30:18.447Z","01.04.2025 07:30:18","INV2","COM4","slave_4","error",25266,"Сообщение о предупреждении 2","-",0,
"2025-04-01T04:30:18.755Z","01.04.2025 07:30:18","INV3","COM5","slave_4","info",20000,"Тип устройства (старший байт)","-",20566,
"2025-04-01T04:30:19.075Z","01.04.2025 07:30:19","INV3","COM5","slave_4","info",20001,"Тип устройства (младший байт)","-",1800,
"2025-04-01T04:30:19.368Z","01.04.2025 07:30:19","INV3","COM5","slave_4","info",20002,"Серийный номер (старший байт)","-",65535,
"2025-04-01T04:30:19.669Z","01.04.2025 07:30:19","INV3","COM5","slave_4","info",20003,"Серийный номер (младший байт)","-",65535,
"2025-04-01T04:30:19.973Z","01.04.2025 07:30:19","INV3","COM5","slave_4","info",20004,"Версия оборудования","-",10101,
"2025-04-01T04:30:20.291Z","01.04.2025 07:30:20","INV3","COM5","slave_4","info",20005,"Версия программного обеспечения","-",21706,
"2025-04-01T04:30:20.597Z","01.04.2025 07:30:20","INV3","COM5","slave_4","info",20006,"Версия протокола","-",10414,
"2025-04-01T04:30:20.911Z","01.04.2025 07:30:20","INV3","COM5","slave_4","status",25201,"Состояние работы","-",3,
"2025-04-01T04:30:21.220Z","01.04.2025 07:30:21","INV3","COM5","slave_4","status",25205,"Напряжение АКБ","V",548,
"2025-04-01T04:30:21.528Z","01.04.2025 07:30:21","INV3","COM5","slave_4","status",25206,"Выходное напряжение инвертора","V",2187,
"2025-04-01T04:30:21.834Z","01.04.2025 07:30:21","INV3","COM5","slave_4","status",25207,"Сетевое напряжение","V",2199,
"2025-04-01T04:30:22.139Z","01.04.2025 07:30:22","INV3","COM5","slave_4","status",25210,"Ток инвертора","A",4,
"2025-04-01T04:30:22.442Z","01.04.2025 07:30:22","INV3","COM5","slave_4","status",25213,"Мощность инвертора","W",65469,
"2025-04-01T04:30:22.740Z","01.04.2025 07:30:22","INV3","COM5","slave_4","status",25214,"Мощность сети","W",65121,
"2025-04-01T04:30:23.044Z","01.04.2025 07:30:23","INV3","COM5","slave_4","status",25215,"Мощность нагрузки","W",322,
"2025-04-01T04:30:23.350Z","01.04.2025 07:30:23","INV3","COM5","slave_4","status",25216,"Процент нагрузки","%",6,
"2025-04-01T04:30:23.643Z","01.04.2025 07:30:23","INV3","COM5","slave_4","status",25233,"Температура радиатора AC","C",52,
"2025-04-01T04:30:23.956Z","01.04.2025 07:30:23","INV3","COM5","slave_4","status",25234,"Температура трансформатора","C",64,
"2025-04-01T04:30:24.256Z","01.04.2025 07:30:24","INV3","COM5","slave_4","status",25235,"Температура радиатора DC","C",46,
"2025-04-01T04:30:24.568Z","01.04.2025 07:30:24","INV3","COM5","slave_4","energy",25245,"Накопленная зарядная энергия (старший байт)","kWh",0,
"2025-04-01T04:30:24.869Z","01.04.2025 07:30:24","INV3","COM5","slave_4","energy",25246,"Накопленная зарядная энергия (младший байт)","kWh",1088,
"2025-04-01T04:30:25.179Z","01.04.2025 07:30:25","INV3","COM5","slave_4","energy",25247,"Накопленная разрядная энергия (старший байт)","kWh",0,
"2025-04-01T04:30:25.484Z","01.04.2025 07:30:25","INV3","COM5","slave_4","energy",25248,"Накопленная разрядная энергия (младший байт)","kWh",44,
"2025-04-01T04:30:25.788Z","01.04.2025 07:30:25","INV3","COM5","slave_4","energy",25253,"Накопленная нагрузочная энергия (старший байт)","kWh",0,
"2025-04-01T04:30:26.112Z","01.04.2025 07:30:26","INV3","COM5","slave_4","energy",25254,"Накопленная нагрузочная энергия (младший байт)","kWh",6238,
"2025-04-01T04:30:26.412Z","01.04.2025 07:30:26","INV3","COM5","slave_4","error",25261,"Сообщение об ошибке 1","-",0,
"2025-04-01T04:30:26.732Z","01.04.2025 07:30:26","INV3","COM5","slave_4","error",25262,"Сообщение об ошибке 2","-",0,
"2025-04-01T04:30:27.045Z","01.04.2025 07:30:27","INV3","COM5","slave_4","error",25265,"Сообщение о предупреждении 1","-",0,
"2025-04-01T04:30:27.348Z","01.04.2025 07:30:27","INV3","COM5","slave_4","error",25266,"Сообщение о предупреждении 2","-",0,
"2025-04-01T04:45:00.575Z","01.04.2025 07:45:00","INV1","COM3","slave_4","info",20000,"Тип устройства (старший байт)","-",20566,
"2025-04-01T04:45:00.888Z","01.04.2025 07:45:00","INV1","COM3","slave_4","info",20001,"Тип устройства (младший байт)","-",1800,
"2025-04-01T04:45:01.201Z","01.04.2025 07:45:01","INV1","COM3","slave_4","info",20002,"Серийный номер (старший байт)","-",65535,
"2025-04-01T04:45:01.503Z","01.04.2025 07:45:01","INV1","COM3","slave_4","info",20003,"Серийный номер (младший байт)","-",65535,
"2025-04-01T04:45:01.802Z","01.04.2025 07:45:01","INV1","COM3","slave_4","info",20004,"Версия оборудования","-",10101,
"2025-04-01T04:45:02.106Z","01.04.2025 07:45:02","INV1","COM3","slave_4","info",20005,"Версия программного обеспечения","-",21706,
"2025-04-01T04:45:02.409Z","01.04.2025 07:45:02","INV1","COM3","slave_4","info",20006,"Версия протокола","-",10414,
"2025-04-01T04:45:02.705Z","01.04.2025 07:45:02","INV1","COM3","slave_4","status",25201,"Состояние работы","-",3,
"2025-04-01T04:45:03.012Z","01.04.2025 07:45:03","INV1","COM3","slave_4","status",25205,"Напряжение АКБ","V",548,
"2025-04-01T04:45:03.317Z","01.04.2025 07:45:03","INV1","COM3","slave_4","status",25206,"Выходное напряжение инвертора","V",2192,
"2025-04-01T04:45:03.624Z","01.04.2025 07:45:03","INV1","COM3","slave_4","status",25207,"Сетевое напряжение","V",2203,
"2025-04-01T04:45:03.948Z","01.04.2025 07:45:03","INV1","COM3","slave_4","status",25210,"Ток инвертора","A",4,
"2025-04-01T04:45:04.247Z","01.04.2025 07:45:04","INV1","COM3","slave_4","status",25213,"Мощность инвертора","W",65462,
"2025-04-01T04:45:04.547Z","01.04.2025 07:45:04","INV1","COM3","slave_4","status",25214,"Мощность сети","W",65302,
"2025-04-01T04:45:04.842Z","01.04.2025 07:45:04","INV1","COM3","slave_4","status",25215,"Мощность нагрузки","W",147,
"2025-04-01T04:45:05.155Z","01.04.2025 07:45:05","INV1","COM3","slave_4","status",25216,"Процент нагрузки","%",2,
"2025-04-01T04:45:05.472Z","01.04.2025 07:45:05","INV1","COM3","slave_4","status",25233,"Температура радиатора AC","C",55,
"2025-04-01T04:45:05.779Z","01.04.2025 07:45:05","INV1","COM3","slave_4","status",25234,"Температура трансформатора","C",62,
"2025-04-01T04:45:06.090Z","01.04.2025 07:45:06","INV1","COM3","slave_4","status",25235,"Температура радиатора DC","C",42,
"2025-04-01T04:45:06.389Z","01.04.2025 07:45:06","INV1","COM3","slave_4","energy",25245,"Накопленная зарядная энергия (старший байт)","kWh",0,
"2025-04-01T04:45:06.694Z","01.04.2025 07:45:06","INV1","COM3","slave_4","energy",25246,"Накопленная зарядная энергия (младший байт)","kWh",1063,
"2025-04-01T04:45:07.003Z","01.04.2025 07:45:07","INV1","COM3","slave_4","energy",25247,"Накопленная разрядная энергия (старший байт)","kWh",0,
"2025-04-01T04:45:07.322Z","01.04.2025 07:45:07","INV1","COM3","slave_4","energy",25248,"Накопленная разрядная энергия (младший байт)","kWh",44,
"2025-04-01T04:45:07.637Z","01.04.2025 07:45:07","INV1","COM3","slave_4","energy",25253,"Накопленная нагрузочная энергия (старший байт)","kWh",0,
"2025-04-01T04:45:07.953Z","01.04.2025 07:45:07","INV1","COM3","slave_4","energy",25254,"Накопленная нагрузочная энергия (младший байт)","kWh",3786,
"2025-04-01T04:45:08.274Z","01.04.2025 07:45:08","INV1","COM3","slave_4","error",25261,"Сообщение об ошибке 1","-",0,
"2025-04-01T04:45:08.571Z","01.04.2025 07:45:08","INV1","COM3","slave_4","error",25262,"Сообщение об ошибке 2","-",0,
"2025-04-01T04:45:08.890Z","01.04.2025 07:45:08","INV1","COM3","slave_4","error",25265,"Сообщение о предупреждении 1","-",0,
"2025-04-01T04:45:09.197Z","01.04.2025 07:45:09","INV1","COM3","slave_4","error",25266,"Сообщение о предупреждении 2","-",0,
"2025-04-01T04:45:09.510Z","01.04.2025 07:45:09","INV2","COM4","slave_4","info",20000,"Тип устройства (старший байт)","-",20566,
"2025-04-01T04:45:09.820Z","01.04.2025 07:45:09","INV2","COM4","slave_4","info",20001,"Тип устройства (младший байт)","-",1800,
"2025-04-01T04:45:10.130Z","01.04.2025 07:45:10","INV2","COM4","slave_4","info",20002,"Серийный номер (старший байт)","-",65535,
"2025-04-01T04:45:10.429Z","01.04.2025 07:45:10","INV2","COM4","slave_4","info",20003,"Серийный номер (младший байт)","-",65535,
"2025-04-01T04:45:10.730Z","01.04.2025 07:45:10","INV2","COM4","slave_4","info",20004,"Версия оборудования","-",10101,
"2025-04-01T04:45:11.027Z","01.04.2025 07:45:11","INV2","COM4","slave_4","info",20005,"Версия программного обеспечения","-",21706,
"2025-04-01T04:45:11.331Z","01.04.2025 07:45:11","INV2","COM4","slave_4","info",20006,"Версия протокола","-",10414,
"2025-04-01T04:45:11.637Z","01.04.2025 07:45:11","INV2","COM4","slave_4","status",25201,"Состояние работы","-",3,
"2025-04-01T04:45:11.954Z","01.04.2025 07:45:11","INV2","COM4","slave_4","status",25205,"Напряжение АКБ","V",548,
"2025-04-01T04:45:12.260Z","01.04.2025 07:45:12","INV2","COM4","slave_4","status",25206,"Выходное напряжение инвертора","V",2221,
"2025-04-01T04:45:12.561Z","01.04.2025 07:45:12","INV2","COM4","slave_4","status",25207,"Сетевое напряжение","V",2233,
"2025-04-01T04:45:12.867Z","01.04.2025 07:45:12","INV2","COM4","slave_4","status",25210,"Ток инвертора","A",4,
"2025-04-01T04:45:13.177Z","01.04.2025 07:45:13","INV2","COM4","slave_4","status",25213,"Мощность инвертора","W",65464,
"2025-04-01T04:45:13.481Z","01.04.2025 07:45:13","INV2","COM4","slave_4","status",25214,"Мощность сети","W",65283,
"2025-04-01T04:45:13.786Z","01.04.2025 07:45:13","INV2","COM4","slave_4","status",25215,"Мощность нагрузки","W",162,
"2025-04-01T04:45:14.097Z","01.04.2025 07:45:14","INV2","COM4","slave_4","status",25216,"Процент нагрузки","%",3,
"2025-04-01T04:45:14.416Z","01.04.2025 07:45:14","INV2","COM4","slave_4","status",25233,"Температура радиатора AC","C",49,
"2025-04-01T04:45:14.731Z","01.04.2025 07:45:14","INV2","COM4","slave_4","status",25234,"Температура трансформатора","C",63,
"2025-04-01T04:45:15.049Z","01.04.2025 07:45:15","INV2","COM4","slave_4","status",25235,"Температура радиатора DC","C",43,
"2025-04-01T04:45:15.359Z","01.04.2025 07:45:15","INV2","COM4","slave_4","energy",25245,"Накопленная зарядная энергия (старший байт)","kWh",0,
"2025-04-01T04:45:15.668Z","01.04.2025 07:45:15","INV2","COM4","slave_4","energy",25246,"Накопленная зарядная энергия (младший байт)","kWh",1079,
"2025-04-01T04:45:15.986Z","01.04.2025 07:45:15","INV2","COM4","slave_4","energy",25247,"Накопленная разрядная энергия (старший байт)","kWh",0,
"2025-04-01T04:45:16.301Z","01.04.2025 07:45:16","INV2","COM4","slave_4","energy",25248,"Накопленная разрядная энергия (младший байт)","kWh",43,
"2025-04-01T04:45:16.609Z","01.04.2025 07:45:16","INV2","COM4","slave_4","energy",25253,"Накопленная нагрузочная энергия (старший байт)","kWh",0,
"2025-04-01T04:45:16.916Z","01.04.2025 07:45:16","INV2","COM4","slave_4","energy",25254,"Накопленная нагрузочная энергия (младший байт)","kWh",7491,
"2025-04-01T04:45:17.220Z","01.04.2025 07:45:17","INV2","COM4","slave_4","error",25261,"Сообщение об ошибке 1","-",0,
"2025-04-01T04:45:17.526Z","01.04.2025 07:45:17","INV2","COM4","slave_4","error",25262,"Сообщение об ошибке 2","-",0,
"2025-04-01T04:45:17.850Z","01.04.2025 07:45:17","INV2","COM4","slave_4","error",25265,"Сообщение о предупреждении 1","-",0,
"2025-04-01T04:45:18.151Z","01.04.2025 07:45:18","INV2","COM4","slave_4","error",25266,"Сообщение о предупреждении 2","-",0,
"2025-04-01T04:45:18.467Z","01.04.2025 07:45:18","INV3","COM5","slave_4","info",20000,"Тип устройства (старший байт)","-",20566,
"2025-04-01T04:45:18.771Z","01.04.2025 07:45:18","INV3","COM5","slave_4","info",20001,"Тип устройства (младший байт)","-",1800,
"2025-04-01T04:45:19.077Z","01.04.2025 07:45:19","INV3","COM5","slave_4","info",20002,"Серийный номер (старший байт)","-",65535,
"2025-04-01T04:45:19.371Z","01.04.2025 07:45:19","INV3","COM5","slave_4","info",20003,"Серийный номер (младший байт)","-",65535,
"2025-04-01T04:45:19.678Z","01.04.2025 07:45:19","INV3","COM5","slave_4","info",20004,"Версия оборудования","-",10101,
"2025-04-01T04:45:19.990Z","01.04.2025 07:45:19","INV3","COM5","slave_4","info",20005,"Версия программного обеспечения","-",21706,
"2025-04-01T04:45:20.311Z","01.04.2025 07:45:20","INV3","COM5","slave_4","info",20006,"Версия протокола","-",10414,
"2025-04-01T04:45:20.618Z","01.04.2025 07:45:20","INV3","COM5","slave_4","status",25201,"Состояние работы","-",3,
"2025-04-01T04:45:20.916Z","01.04.2025 07:45:20","INV3","COM5","slave_4","status",25205,"Напряжение АКБ","V",548,
"2025-04-01T04:45:21.226Z","01.04.2025 07:45:21","INV3","COM5","slave_4","status",25206,"Выходное напряжение инвертора","V",2186,
"2025-04-01T04:45:21.542Z","01.04.2025 07:45:21","INV3","COM5","slave_4","status",25207,"Сетевое напряжение","V",2198,
"2025-04-01T04:45:21.843Z","01.04.2025 07:45:21","INV3","COM5","slave_4","status",25210,"Ток инвертора","A",4,
"2025-04-01T04:45:22.146Z","01.04.2025 07:45:22","INV3","COM5","slave_4","status",25213,"Мощность инвертора","W",65462,
"2025-04-01T04:45:22.454Z","01.04.2025 07:45:22","INV3","COM5","slave_4","status",25214,"Мощность сети","W",65132,
"2025-04-01T04:45:22.756Z","01.04.2025 07:45:22","INV3","COM5","slave_4","status",25215,"Мощность нагрузки","W",318,
"2025-04-01T04:45:23.063Z","01.04.2025 07:45:23","INV3","COM5","slave_4","status",25216,"Процент нагрузки","%",6,
"2025-04-01T04:45:23.368Z","01.04.2025 07:45:23","INV3","COM5","slave_4","status",25233,"Температура радиатора AC","C",52,
"2025-04-01T04:45:23.678Z","01.04.2025 07:45:23","INV3","COM5","slave_4","status",25234,"Температура трансформатора","C",64,
"2025-04-01T04:45:23.992Z","01.04.2025 07:45:23","INV3","COM5","slave_4","status",25235,"Температура радиатора DC","C",46,
"2025-04-01T04:45:24.297Z","01.04.2025 07:45:24","INV3","COM5","slave_4","energy",25245,"Накопленная зарядная энергия (старший байт)","kWh",0,
"2025-04-01T04:45:24.607Z","01.04.2025 07:45:24","INV3","COM5","slave_4","energy",25246,"Накопленная зарядная энергия (младший байт)","kWh",1088,
"2025-04-01T04:45:24.907Z","01.04.2025 07:45:24","INV3","COM5","slave_4","energy",25247,"Накопленная разрядная энергия (старший байт)","kWh",0,
"2025-04-01T04:45:25.219Z","01.04.2025 07:45:25","INV3","COM5","slave_4","energy",25248,"Накопленная разрядная энергия (младший байт)","kWh",44,
"2025-04-01T04:45:25.532Z","01.04.2025 07:45:25","INV3","COM5","slave_4","energy",25253,"Накопленная нагрузочная энергия (старший байт)","kWh",0,
"2025-04-01T04:45:25.838Z","01.04.2025 07:45:25","INV3","COM5","slave_4","energy",25254,"Накопленная нагрузочная энергия (младший байт)","kWh",6238,
"2025-04-01T04:45:26.136Z","01.04.2025 07:45:26","INV3","COM5","slave_4","error",25261,"Сообщение об ошибке 1","-",0,
"2025-04-01T04:45:26.441Z","01.04.2025 07:45:26","INV3","COM5","slave_4","error",25262,"Сообщение об ошибке 2","-",0,
"2025-04-01T04:45:26.759Z","01.04.2025 07:45:26","INV3","COM5","slave_4","error",25265,"Сообщение о предупреждении 1","-",0,
"2025-04-01T04:45:27.073Z","01.04.2025 07:45:27","INV3","COM5","slave_4","error",25266,"Сообщение о предупреждении 2","-",0,
"2025-04-01T05:00:00.703Z","01.04.2025 08:00:00","INV1","COM3","slave_4","info",20000,"Тип устройства (старший байт)","-",20566,
"2025-04-01T05:00:01.009Z","01.04.2025 08:00:01","INV1","COM3","slave_4","info",20001,"Тип устройства (младший байт)","-",1800,
"2025-04-01T05:00:01.321Z","01.04.2025 08:00:01","INV1","COM3","slave_4","info",20002,"Серийный номер (старший байт)","-",65535,
"2025-04-01T05:00:01.633Z","01.04.2025 08:00:01","INV1","COM3","slave_4","info",20003,"Серийный номер (младший байт)","-",65535,
"2025-04-01T05:00:01.940Z","01.04.2025 08:00:01","INV1","COM3","slave_4","info",20004,"Версия оборудования","-",10101,
"2025-04-01T05:00:02.247Z","01.04.2025 08:00:02","INV1","COM3","slave_4","info",20005,"Версия программного обеспечения","-",21706,
"2025-04-01T05:00:02.558Z","01.04.2025 08:00:02","INV1","COM3","slave_4","info",20006,"Версия протокола","-",10414,
"2025-04-01T05:00:02.851Z","01.04.2025 08:00:02","INV1","COM3","slave_4","status",25201,"Состояние работы","-",3,
"2025-04-01T05:00:03.159Z","01.04.2025 08:00:03","INV1","COM3","slave_4","status",25205,"Напряжение АКБ","V",548,
"2025-04-01T05:00:03.458Z","01.04.2025 08:00:03","INV1","COM3","slave_4","status",25206,"Выходное напряжение инвертора","V",2193,
"2025-04-01T05:00:03.768Z","01.04.2025 08:00:03","INV1","COM3","slave_4","status",25207,"Сетевое напряжение","V",2205,
"2025-04-01T05:00:04.080Z","01.04.2025 08:00:04","INV1","COM3","slave_4","status",25210,"Ток инвертора","A",4,
"2025-04-01T05:00:04.389Z","01.04.2025 08:00:04","INV1","COM3","slave_4","status",25213,"Мощность инвертора","W",65470,
"2025-04-01T05:00:04.698Z","01.04.2025 08:00:04","INV1","COM3","slave_4","status",25214,"Мощность сети","W",65301,
"2025-04-01T05:00:05.002Z","01.04.2025 08:00:05","INV1","COM3","slave_4","status",25215,"Мощность нагрузки","W",156,
"2025-04-01T05:00:05.328Z","01.04.2025 08:00:05","INV1","COM3","slave_4","status",25216,"Процент нагрузки","%",3,
"2025-04-01T05:00:05.640Z","01.04.2025 08:00:05","INV1","COM3","slave_4","status",25233,"Температура радиатора AC","C",55,
"2025-04-01T05:00:05.963Z","01.04.2025 08:00:05","INV1","COM3","slave_4","status",25234,"Температура трансформатора","C",62,
"2025-04-01T05:00:06.266Z","01.04.2025 08:00:06","INV1","COM3","slave_4","status",25235,"Температура радиатора DC","C",42,
"2025-04-01T05:00:06.577Z","01.04.2025 08:00:06","INV1","COM3","slave_4","energy",25245,"Накопленная зарядная энергия (старший байт)","kWh",0,
"2025-04-01T05:00:06.898Z","01.04.2025 08:00:06","INV1","COM3","slave_4","energy",25246,"Накопленная зарядная энергия (младший байт)","kWh",1063,
"2025-04-01T05:00:07.204Z","01.04.2025 08:00:07","INV1","COM3","slave_4","energy",25247,"Накопленная разрядная энергия (старший байт)","kWh",0,
"2025-04-01T05:00:07.513Z","01.04.2025 08:00:07","INV1","COM3","slave_4","energy",25248,"Накопленная разрядная энергия (младший байт)","kWh",44,
"2025-04-01T05:00:07.827Z","01.04.2025 08:00:07","INV1","COM3","slave_4","energy",25253,"Накопленная нагрузочная энергия (старший байт)","kWh",0,
"2025-04-01T05:00:08.123Z","01.04.2025 08:00:08","INV1","COM3","slave_4","energy",25254,"Накопленная нагрузочная энергия (младший байт)","kWh",3787,
"2025-04-01T05:00:08.434Z","01.04.2025 08:00:08","INV1","COM3","slave_4","error",25261,"Сообщение об ошибке 1","-",0,
"2025-04-01T05:00:08.756Z","01.04.2025 08:00:08","INV1","COM3","slave_4","error",25262,"Сообщение об ошибке 2","-",0,
"2025-04-01T05:00:09.078Z","01.04.2025 08:00:09","INV1","COM3","slave_4","error",25265,"Сообщение о предупреждении 1","-",0,
"2025-04-01T05:00:09.401Z","01.04.2025 08:00:09","INV1","COM3","slave_4","error",25266,"Сообщение о предупреждении 2","-",0,
"2025-04-01T05:00:09.709Z","01.04.2025 08:00:09","INV2","COM4","slave_4","info",20000,"Тип устройства (старший байт)","-",20566,
"2025-04-01T05:00:10.017Z","01.04.2025 08:00:10","INV2","COM4","slave_4","info",20001,"Тип устройства (младший байт)","-",1800,
"2025-04-01T05:00:10.333Z","01.04.2025 08:00:10","INV2","COM4","slave_4","info",20002,"Серийный номер (старший байт)","-",65535,
"2025-04-01T05:00:10.656Z","01.04.2025 08:00:10","INV2","COM4","slave_4","info",20003,"Серийный номер (младший байт)","-",65535,
"2025-04-01T05:00:10.960Z","01.04.2025 08:00:10","INV2","COM4","slave_4","info",20004,"Версия оборудования","-",10101,
"2025-04-01T05:00:11.266Z","01.04.2025 08:00:11","INV2","COM4","slave_4","info",20005,"Версия программного обеспечения","-",21706,
"2025-04-01T05:00:11.581Z","01.04.2025 08:00:11","INV2","COM4","slave_4","info",20006,"Версия протокола","-",10414,
"2025-04-01T05:00:11.878Z","01.04.2025 08:00:11","INV2","COM4","slave_4","status",25201,"Состояние работы","-",3,
"2025-04-01T05:00:12.182Z","01.04.2025 08:00:12","INV2","COM4","slave_4","status",25205,"Напряжение АКБ","V",548,
"2025-04-01T05:00:12.492Z","01.04.2025 08:00:12","INV2","COM4","slave_4","status",25206,"Выходное напряжение инвертора","V",2221,
"2025-04-01T05:00:12.802Z","01.04.2025 08:00:12","INV2","COM4","slave_4","status",25207,"Сетевое напряжение","V",2235,
"2025-04-01T05:00:13.103Z","01.04.2025 08:00:13","INV2","COM4","slave_4","status",25210,"Ток инвертора","A",4,
"2025-04-01T05:00:13.400Z","01.04.2025 08:00:13","INV2","COM4","slave_4","status",25213,"Мощность инвертора","W",65460,
"2025-04-01T05:00:13.699Z","01.04.2025 08:00:13","INV2","COM4","slave_4","status",25214,"Мощность сети","W",65276,
"2025-04-01T05:00:14.003Z","01.04.2025 08:00:14","INV2","COM4","slave_4","status",25215,"Мощность нагрузки","W",171,
"2025-04-01T05:00:14.309Z","01.04.2025 08:00:14","INV2","COM4","slave_4","status",25216,"Процент нагрузки","%",3,
"2025-04-01T05:00:14.626Z","01.04.2025 08:00:14","INV2","COM4","slave_4","status",25233,"Температура радиатора AC","C",48,
"2025-04-01T05:00:14.953Z","01.04.2025 08:00:14","INV2","COM4","slave_4","status",25234,"Температура трансформатора","C",63,
"2025-04-01T05:00:15.258Z","01.04.2025 08:00:15","INV2","COM4","slave_4","status",25235,"Температура радиатора DC","C",43,
"2025-04-01T05:00:15.563Z","01.04.2025 08:00:15","INV2","COM4","slave_4","energy",25245,"Накопленная зарядная энергия (старший байт)","kWh",0,
"2025-04-01T05:00:15.864Z","01.04.2025 08:00:15","INV2","COM4","slave_4","energy",25246,"Накопленная зарядная энергия (младший байт)","kWh",1079,
"2025-04-01T05:00:16.186Z","01.04.2025 08:00:16","INV2","COM4","slave_4","energy",25247,"Накопленная разрядная энергия (старший байт)","kWh",0,
"2025-04-01T05:00:16.504Z","01.04.2025 08:00:16","INV2","COM4","slave_4","energy",25248,"Накопленная разрядная энергия (младший байт)","kWh",43,
"2025-04-01T05:00:16.827Z","01.04.2025 08:00:16","INV2","COM4","slave_4","energy",25253,"Накопленная нагрузочная энергия (старший байт)","kWh",0,
"2025-04-01T05:00:17.142Z","01.04.2025 08:00:17","INV2","COM4","slave_4","energy",25254,"Накопленная нагрузочная энергия (младший байт)","kWh",7491,
"2025-04-01T05:00:17.448Z","01.04.2025 08:00:17","INV2","COM4","slave_4","error",25261,"Сообщение об ошибке 1","-",0,
"2025-04-01T05:00:17.758Z","01.04.2025 08:00:17","INV2","COM4","slave_4","error",25262,"Сообщение об ошибке 2","-",0,
"2025-04-01T05:00:18.064Z","01.04.2025 08:00:18","INV2","COM4","slave_4","error",25265,"Сообщение о предупреждении 1","-",0,
"2025-04-01T05:00:18.367Z","01.04.2025 08:00:18","INV2","COM4","slave_4","error",25266,"Сообщение о предупреждении 2","-",0,
"2025-04-01T05:00:18.671Z","01.04.2025 08:00:18","INV3","COM5","slave_4","info",20000,"Тип устройства (старший байт)","-",20566,
"2025-04-01T05:00:18.976Z","01.04.2025 08:00:18","INV3","COM5","slave_4","info",20001,"Тип устройства (младший байт)","-",1800,
"2025-04-01T05:00:19.275Z","01.04.2025 08:00:19","INV3","COM5","slave_4","info",20002,"Серийный номер (старший байт)","-",65535,
"2025-04-01T05:00:19.588Z","01.04.2025 08:00:19","INV3","COM5","slave_4","info",20003,"Серийный номер (младший байт)","-",65535,
"2025-04-01T05:00:19.884Z","01.04.2025 08:00:19","INV3","COM5","slave_4","info",20004,"Версия оборудования","-",10101,
"2025-04-01T05:00:20.195Z","01.04.2025 08:00:20","INV3","COM5","slave_4","info",20005,"Версия программного обеспечения","-",21706,
"2025-04-01T05:00:20.493Z","01.04.2025 08:00:20","INV3","COM5","slave_4","info",20006,"Версия протокола","-",10414,
"2025-04-01T05:00:20.802Z","01.04.2025 08:00:20","INV3","COM5","slave_4","status",25201,"Состояние работы","-",3,
"2025-04-01T05:00:21.105Z","01.04.2025 08:00:21","INV3","COM5","slave_4","status",25205,"Напряжение АКБ","V",548,
"2025-04-01T05:00:21.406Z","01.04.2025 08:00:21","INV3","COM5","slave_4","status",25206,"Выходное напряжение инвертора","V",2188,
"2025-04-01T05:00:21.721Z","01.04.2025 08:00:21","INV3","COM5","slave_4","status",25207,"Сетевое напряжение","V",2198,
"2025-04-01T05:00:22.026Z","01.04.2025 08:00:22","INV3","COM5","slave_4","status",25210,"Ток инвертора","A",4,
"2025-04-01T05:00:22.332Z","01.04.2025 08:00:22","INV3","COM5","slave_4","status",25213,"Мощность инвертора","W",65460,
"2025-04-01T05:00:22.651Z","01.04.2025 08:00:22","INV3","COM5","slave_4","status",25214,"Мощность сети","W",65122,
"2025-04-01T05:00:22.956Z","01.04.2025 08:00:22","INV3","COM5","slave_4","status",25215,"Мощность нагрузки","W",321,
"2025-04-01T05:00:23.256Z","01.04.2025 08:00:23","INV3","COM5","slave_4","status",25216,"Процент нагрузки","%",6,
"2025-04-01T05:00:23.554Z","01.04.2025 08:00:23","INV3","COM5","slave_4","status",25233,"Температура радиатора AC","C",52,
"2025-04-01T05:00:23.857Z","01.04.2025 08:00:23","INV3","COM5","slave_4","status",25234,"Температура трансформатора","C",64,
"2025-04-01T05:00:24.161Z","01.04.2025 08:00:24","INV3","COM5","slave_4","status",25235,"Температура радиатора DC","C",46,
"2025-04-01T05:00:24.473Z","01.04.2025 08:00:24","INV3","COM5","slave_4","energy",25245,"Накопленная зарядная энергия (старший байт)","kWh",0,
"2025-04-01T05:00:24.778Z","01.04.2025 08:00:24","INV3","COM5","slave_4","energy",25246,"Накопленная зарядная энергия (младший байт)","kWh",1088,
"2025-04-01T05:00:25.088Z","01.04.2025 08:00:25","INV3","COM5","slave_4","energy",25247,"Накопленная разрядная энергия (старший байт)","kWh",0,
"2025-04-01T05:00:25.390Z","01.04.2025 08:00:25","INV3","COM5","slave_4","energy",25248,"Накопленная разрядная энергия (младший байт)","kWh",44,
"2025-04-01T05:00:25.688Z","01.04.2025 08:00:25","INV3","COM5","slave_4","energy",25253,"Накопленная нагрузочная энергия (старший байт)","kWh",0,
"2025-04-01T05:00:26.003Z","01.04.2025 08:00:26","INV3","COM5","slave_4","energy",25254,"Накопленная нагрузочная энергия (младший байт)","kWh",6239,
"2025-04-01T05:00:26.312Z","01.04.2025 08:00:26","INV3","COM5","slave_4","error",25261,"Сообщение об ошибке 1","-",0,
"2025-04-01T05:00:26.610Z","01.04.2025 08:00:26","INV3","COM5","slave_4","error",25262,"Сообщение об ошибке 2","-",0,
"2025-04-01T05:00:26.917Z","01.04.2025 08:00:26","INV3","COM5","slave_4","error",25265,"Сообщение о предупреждении 1","-",0,
"2025-04-01T05:00:27.218Z","01.04.2025 08:00:27","INV3","COM5","slave_4","error",25266,"Сообщение о предупреждении 2","-",0,
"2025-04-01T05:15:00.750Z","01.04.2025 08:15:00","INV1","COM3","slave_4","info",20000,"Тип устройства (старший байт)","-",20566,
"2025-04-01T05:15:01.057Z","01.04.2025 08:15:01","INV1","COM3","slave_4","info",20001,"Тип устройства (младший байт)","-",1800,
"2025-04-01T05:15:01.375Z","01.04.2025 08:15:01","INV1","COM3","slave_4","info",20002,"Серийный номер (старший байт)","-",65535,
"2025-04-01T05:15:01.672Z","01.04.2025 08:15:01","INV1","COM3","slave_4","info",20003,"Серийный номер (младший байт)","-",65535,
"2025-04-01T05:15:01.977Z","01.04.2025 08:15:01","INV1","COM3","slave_4","info",20004,"Версия оборудования","-",10101,
"2025-04-01T05:15:02.283Z","01.04.2025 08:15:02","INV1","COM3","slave_4","info",20005,"Версия программного обеспечения","-",21706,
"2025-04-01T05:15:02.599Z","01.04.2025 08:15:02","INV1","COM3","slave_4","info",20006,"Версия протокола","-",10414,
"2025-04-01T05:15:02.895Z","01.04.2025 08:15:02","INV1","COM3","slave_4","status",25201,"Состояние работы","-",3,
"2025-04-01T05:15:03.214Z","01.04.2025 08:15:03","INV1","COM3","slave_4","status",25205,"Напряжение АКБ","V",548,
"2025-04-01T05:15:03.516Z","01.04.2025 08:15:03","INV1","COM3","slave_4","status",25206,"Выходное напряжение инвертора","V",2191,
"2025-04-01T05:15:03.826Z","01.04.2025 08:15:03","INV1","COM3","slave_4","status",25207,"Сетевое напряжение","V",2205,
"2025-04-01T05:15:04.126Z","01.04.2025 08:15:04","INV1","COM3","slave_4","status",25210,"Ток инвертора","A",5,
"2025-04-01T05:15:04.432Z","01.04.2025 08:15:04","INV1","COM3","slave_4","status",25213,"Мощность инвертора","W",65458,
"2025-04-01T05:15:04.752Z","01.04.2025 08:15:04","INV1","COM3","slave_4","status",25214,"Мощность сети","W",65284,
"2025-04-01T05:15:05.067Z","01.04.2025 08:15:05","INV1","COM3","slave_4","status",25215,"Мощность нагрузки","W",167,
"2025-04-01T05:15:05.373Z","01.04.2025 08:15:05","INV1","COM3","slave_4","status",25216,"Процент нагрузки","%",3,
"2025-04-01T05:15:05.689Z","01.04.2025 08:15:05","INV1","COM3","slave_4","status",25233,"Температура радиатора AC","C",55,
"2025-04-01T05:15:05.998Z","01.04.2025 08:15:05","INV1","COM3","slave_4","status",25234,"Температура трансформатора","C",62,
"2025-04-01T05:15:06.304Z","01.04.2025 08:15:06","INV1","COM3","slave_4","status",25235,"Температура радиатора DC","C",42,
"2025-04-01T05:15:06.610Z","01.04.2025 08:15:06","INV1","COM3","slave_4","energy",25245,"Накопленная зарядная энергия (старший байт)","kWh",0,
"2025-04-01T05:15:06.932Z","01.04.2025 08:15:06","INV1","COM3","slave_4","energy",25246,"Накопленная зарядная энергия (младший байт)","kWh",1063,
"2025-04-01T05:15:07.258Z","01.04.2025 08:15:07","INV1","COM3","slave_4","energy",25247,"Накопленная разрядная энергия (старший байт)","kWh",0,
"2025-04-01T05:15:07.570Z","01.04.2025 08:15:07","INV1","COM3","slave_4","energy",25248,"Накопленная разрядная энергия (младший байт)","kWh",44,
"2025-04-01T05:15:07.871Z","01.04.2025 08:15:07","INV1","COM3","slave_4","energy",25253,"Накопленная нагрузочная энергия (старший байт)","kWh",0,
"2025-04-01T05:15:08.174Z","01.04.2025 08:15:08","INV1","COM3","slave_4","energy",25254,"Накопленная нагрузочная энергия (младший байт)","kWh",3787,
"2025-04-01T05:15:08.484Z","01.04.2025 08:15:08","INV1","COM3","slave_4","error",25261,"Сообщение об ошибке 1","-",0,
"2025-04-01T05:15:08.779Z","01.04.2025 08:15:08","INV1","COM3","slave_4","error",25262,"Сообщение об ошибке 2","-",0,
"2025-04-01T05:15:09.080Z","01.04.2025 08:15:09","INV1","COM3","slave_4","error",25265,"Сообщение о предупреждении 1","-",0,
"2025-04-01T05:15:09.392Z","01.04.2025 08:15:09","INV1","COM3","slave_4","error",25266,"Сообщение о предупреждении 2","-",0,
"2025-04-01T05:15:09.705Z","01.04.2025 08:15:09","INV2","COM4","slave_4","info",20000,"Тип устройства (старший байт)","-",20566,
"2025-04-01T05:15:10.005Z","01.04.2025 08:15:10","INV2","COM4","slave_4","info",20001,"Тип устройства (младший байт)","-",1800,
"2025-04-01T05:15:10.315Z","01.04.2025 08:15:10","INV2","COM4","slave_4","info",20002,"Серийный номер (старший байт)","-",65535,
"2025-04-01T05:15:10.613Z","01.04.2025 08:15:10","INV2","COM4","slave_4","info",20003,"Серийный номер (младший байт)","-",65535,
"2025-04-01T05:15:10.920Z","01.04.2025 08:15:10","INV2","COM4","slave_4","info",20004,"Версия оборудования","-",10101,
"2025-04-01T05:15:11.233Z","01.04.2025 08:15:11","INV2","COM4","slave_4","info",20005,"Версия программного обеспечения","-",21706,
"2025-04-01T05:15:11.537Z","01.04.2025 08:15:11","INV2","COM4","slave_4","info",20006,"Версия протокола","-",10414,
"2025-04-01T05:15:11.839Z","01.04.2025 08:15:11","INV2","COM4","slave_4","status",25201,"Состояние работы","-",3,
"2025-04-01T05:15:12.148Z","01.04.2025 08:15:12","INV2","COM4","slave_4","status",25205,"Напряжение АКБ","V",548,
"2025-04-01T05:15:12.460Z","01.04.2025 08:15:12","INV2","COM4","slave_4","status",25206,"Выходное напряжение инвертора","V",2221,
"2025-04-01T05:15:12.767Z","01.04.2025 08:15:12","INV2","COM4","slave_4","status",25207,"Сетевое напряжение","V",2233,
"2025-04-01T05:15:13.066Z","01.04.2025 08:15:13","INV2","COM4","slave_4","status",25210,"Ток инвертора","A",3,
"2025-04-01T05:15:13.366Z","01.04.2025 08:15:13","INV2","COM4","slave_4","status",25213,"Мощность инвертора","W",65469,
"2025-04-01T05:15:13.673Z","01.04.2025 08:15:13","INV2","COM4","slave_4","status",25214,"Мощность сети","W",65282,
"2025-04-01T05:15:13.978Z","01.04.2025 08:15:13","INV2","COM4","slave_4","status",25215,"Мощность нагрузки","W",170,
"2025-04-01T05:15:14.285Z","01.04.2025 08:15:14","INV2","COM4","slave_4","status",25216,"Процент нагрузки","%",3,
"2025-04-01T05:15:14.602Z","01.04.2025 08:15:14","INV2","COM4","slave_4","status",25233,"Температура радиатора AC","C",49,
"2025-04-01T05:15:14.911Z","01.04.2025 08:15:14","INV2","COM4","slave_4","status",25234,"Температура трансформатора","C",63,
"2025-04-01T05:15:15.211Z","01.04.2025 08:15:15","INV2","COM4","slave_4","status",25235,"Температура радиатора DC","C",43,
"2025-04-01T05:15:15.524Z","01.04.2025 08:15:15","INV2","COM4","slave_4","energy",25245,"Накопленная зарядная энергия (старший байт)","kWh",0,
"2025-04-01T05:15:15.829Z","01.04.2025 08:15:15","INV2","COM4","slave_4","energy",25246,"Накопленная зарядная энергия (младший байт)","kWh",1079,
"2025-04-01T05:15:16.153Z","01.04.2025 08:15:16","INV2","COM4","slave_4","energy",25247,"Накопленная разрядная энергия (старший байт)","kWh",0,
"2025-04-01T05:15:16.465Z","01.04.2025 08:15:16","INV2","COM4","slave_4","energy",25248,"Накопленная разрядная энергия (младший байт)","kWh",43,
"2025-04-01T05:15:16.767Z","01.04.2025 08:15:16","INV2","COM4","slave_4","energy",25253,"Накопленная нагрузочная энергия (старший байт)","kWh",0,
"2025-04-01T05:15:17.084Z","01.04.2025 08:15:17","INV2","COM4","slave_4","energy",25254,"Накопленная нагрузочная энергия (младший байт)","kWh",7492,
"2025-04-01T05:15:17.394Z","01.04.2025 08:15:17","INV2","COM4","slave_4","error",25261,"Сообщение об ошибке 1","-",0,
"2025-04-01T05:15:17.711Z","01.04.2025 08:15:17","INV2","COM4","slave_4","error",25262,"Сообщение об ошибке 2","-",0,
"2025-04-01T05:15:18.026Z","01.04.2025 08:15:18","INV2","COM4","slave_4","error",25265,"Сообщение о предупреждении 1","-",0,
"2025-04-01T05:15:18.328Z","01.04.2025 08:15:18","INV2","COM4","slave_4","error",25266,"Сообщение о предупреждении 2","-",0,
"2025-04-01T05:15:18.634Z","01.04.2025 08:15:18","INV3","COM5","slave_4","info",20000,"Тип устройства (старший байт)","-",20566,
"2025-04-01T05:15:18.939Z","01.04.2025 08:15:18","INV3","COM5","slave_4","info",20001,"Тип устройства (младший байт)","-",1800,
"2025-04-01T05:15:19.252Z","01.04.2025 08:15:19","INV3","COM5","slave_4","info",20002,"Серийный номер (старший байт)","-",65535,
"2025-04-01T05:15:19.564Z","01.04.2025 08:15:19","INV3","COM5","slave_4","info",20003,"Серийный номер (младший байт)","-",65535,
"2025-04-01T05:15:19.875Z","01.04.2025 08:15:19","INV3","COM5","slave_4","info",20004,"Версия оборудования","-",10101,
"2025-04-01T05:15:20.179Z","01.04.2025 08:15:20","INV3","COM5","slave_4","info",20005,"Версия программного обеспечения","-",21706,
"2025-04-01T05:15:20.479Z","01.04.2025 08:15:20","INV3","COM5","slave_4","info",20006,"Версия протокола","-",10414,
"2025-04-01T05:15:20.791Z","01.04.2025 08:15:20","INV3","COM5","slave_4","status",25201,"Состояние работы","-",3,
"2025-04-01T05:15:21.098Z","01.04.2025 08:15:21","INV3","COM5","slave_4","status",25205,"Напряжение АКБ","V",548,
"2025-04-01T05:15:21.407Z","01.04.2025 08:15:21","INV3","COM5","slave_4","status",25206,"Выходное напряжение инвертора","V",2190,
"2025-04-01T05:15:21.713Z","01.04.2025 08:15:21","INV3","COM5","slave_4","status",25207,"Сетевое напряжение","V",2198,
"2025-04-01T05:15:22.022Z","01.04.2025 08:15:22","INV3","COM5","slave_4","status",25210,"Ток инвертора","A",4,
"2025-04-01T05:15:22.325Z","01.04.2025 08:15:22","INV3","COM5","slave_4","status",25213,"Мощность инвертора","W",65452,
"2025-04-01T05:15:22.632Z","01.04.2025 08:15:22","INV3","COM5","slave_4","status",25214,"Мощность сети","W",65165,
"2025-04-01T05:15:22.932Z","01.04.2025 08:15:22","INV3","COM5","slave_4","status",25215,"Мощность нагрузки","W",287,
"2025-04-01T05:15:23.236Z","01.04.2025 08:15:23","INV3","COM5","slave_4","status",25216,"Процент нагрузки","%",5,
"2025-04-01T05:15:23.542Z","01.04.2025 08:15:23","INV3","COM5","slave_4","status",25233,"Температура радиатора AC","C",52,
"2025-04-01T05:15:23.846Z","01.04.2025 08:15:23","INV3","COM5","slave_4","status",25234,"Температура трансформатора","C",64,
"2025-04-01T05:15:24.145Z","01.04.2025 08:15:24","INV3","COM5","slave_4","status",25235,"Температура радиатора DC","C",46,
"2025-04-01T05:15:24.454Z","01.04.2025 08:15:24","INV3","COM5","slave_4","energy",25245,"Накопленная зарядная энергия (старший байт)","kWh",0,
"2025-04-01T05:15:24.767Z","01.04.2025 08:15:24","INV3","COM5","slave_4","energy",25246,"Накопленная зарядная энергия (младший байт)","kWh",1088,
"2025-04-01T05:15:25.067Z","01.04.2025 08:15:25","INV3","COM5","slave_4","energy",25247,"Накопленная разрядная энергия (старший байт)","kWh",0,
"2025-04-01T05:15:25.375Z","01.04.2025 08:15:25","INV3","COM5","slave_4","energy",25248,"Накопленная разрядная энергия (младший байт)","kWh",44,
"2025-04-01T05:15:25.676Z","01.04.2025 08:15:25","INV3","COM5","slave_4","energy",25253,"Накопленная нагрузочная энергия (старший байт)","kWh",0,
"2025-04-01T05:15:25.982Z","01.04.2025 08:15:25","INV3","COM5","slave_4","energy",25254,"Накопленная нагрузочная энергия (младший байт)","kWh",6240,
"2025-04-01T05:15:26.293Z","01.04.2025 08:15:26","INV3","COM5","slave_4","error",25261,"Сообщение об ошибке 1","-",0,
"2025-04-01T05:15:26.611Z","01.04.2025 08:15:26","INV3","COM5","slave_4","error",25262,"Сообщение об ошибке 2","-",0,
"2025-04-01T05:15:26.922Z","01.04.2025 08:15:26","INV3","COM5","slave_4","error",25265,"Сообщение о предупреждении 1","-",0,
"2025-04-01T05:15:27.246Z","01.04.2025 08:15:27","INV3","COM5","slave_4","error",25266,"Сообщение о предупреждении 2","-",0,
"2025-04-01T05:30:00.574Z","01.04.2025 08:30:00","INV1","COM3","slave_4","info",20000,"Тип устройства (старший байт)","-",20566,
"2025-04-01T05:30:00.879Z","01.04.2025 08:30:00","INV1","COM3","slave_4","info",20001,"Тип устройства (младший байт)","-",1800,
"2025-04-01T05:30:01.189Z","01.04.2025 08:30:01","INV1","COM3","slave_4","info",20002,"Серийный номер (старший байт)","-",65535,
"2025-04-01T05:30:01.502Z","01.04.2025 08:30:01","INV1","COM3","slave_4","info",20003,"Серийный номер (младший байт)","-",65535,
"2025-04-01T05:30:01.807Z","01.04.2025 08:30:01","INV1","COM3","slave_4","info",20004,"Версия оборудования","-",10101,
"2025-04-01T05:30:02.124Z","01.04.2025 08:30:02","INV1","COM3","slave_4","info",20005,"Версия программного обеспечения","-",21706,
"2025-04-01T05:30:02.436Z","01.04.2025 08:30:02","INV1","COM3","slave_4","info",20006,"Версия протокола","-",10414,
"2025-04-01T05:30:02.746Z","01.04.2025 08:30:02","INV1","COM3","slave_4","status",25201,"Состояние работы","-",3,
"2025-04-01T05:30:03.068Z","01.04.2025 08:30:03","INV1","COM3","slave_4","status",25205,"Напряжение АКБ","V",548,
"2025-04-01T05:30:03.374Z","01.04.2025 08:30:03","INV1","COM3","slave_4","status",25206,"Выходное напряжение инвертора","V",2190,
"2025-04-01T05:30:03.679Z","01.04.2025 08:30:03","INV1","COM3","slave_4","status",25207,"Сетевое напряжение","V",2203,
"2025-04-01T05:30:03.991Z","01.04.2025 08:30:03","INV1","COM3","slave_4","status",25210,"Ток инвертора","A",4,
"2025-04-01T05:30:04.298Z","01.04.2025 08:30:04","INV1","COM3","slave_4","status",25213,"Мощность инвертора","W",65460,
"2025-04-01T05:30:04.599Z","01.04.2025 08:30:04","INV1","COM3","slave_4","status",25214,"Мощность сети","W",65296,
"2025-04-01T05:30:04.900Z","01.04.2025 08:30:04","INV1","COM3","slave_4","status",25215,"Мощность нагрузки","W",160,
"2025-04-01T05:30:05.213Z","01.04.2025 08:30:05","INV1","COM3","slave_4","status",25216,"Процент нагрузки","%",3,
"2025-04-01T05:30:05.519Z","01.04.2025 08:30:05","INV1","COM3","slave_4","status",25233,"Температура радиатора AC","C",54,
"2025-04-01T05:30:05.831Z","01.04.2025 08:30:05","INV1","COM3","slave_4","status",25234,"Температура трансформатора","C",62,
"2025-04-01T05:30:06.145Z","01.04.2025 08:30:06","INV1","COM3","slave_4","status",25235,"Температура радиатора DC","C",42,
"2025-04-01T05:30:06.453Z","01.04.2025 08:30:06","INV1","COM3","slave_4","energy",25245,"Накопленная зарядная энергия (старший байт)","kWh",0,
"2025-04-01T05:30:06.767Z","01.04.2025 08:30:06","INV1","COM3","slave_4","energy",25246,"Накопленная зарядная энергия (младший байт)","kWh",1063,
"2025-04-01T05:30:07.089Z","01.04.2025 08:30:07","INV1","COM3","slave_4","energy",25247,"Накопленная разрядная энергия (старший байт)","kWh",0,
"2025-04-01T05:30:07.395Z","01.04.2025 08:30:07","INV1","COM3","slave_4","energy",25248,"Накопленная разрядная энергия (младший байт)","kWh",44,
"2025-04-01T05:30:07.699Z","01.04.2025 08:30:07","INV1","COM3","slave_4","energy",25253,"Накопленная нагрузочная энергия (старший байт)","kWh",0,
"2025-04-01T05:30:08.008Z","01.04.2025 08:30:08","INV1","COM3","slave_4","energy",25254,"Накопленная нагрузочная энергия (младший байт)","kWh",3787,
"2025-04-01T05:30:08.326Z","01.04.2025 08:30:08","INV1","COM3","slave_4","error",25261,"Сообщение об ошибке 1","-",0,
"2025-04-01T05:30:08.630Z","01.04.2025 08:30:08","INV1","COM3","slave_4","error",25262,"Сообщение об ошибке 2","-",0,
"2025-04-01T05:30:08.940Z","01.04.2025 08:30:08","INV1","COM3","slave_4","error",25265,"Сообщение о предупреждении 1","-",0,
"2025-04-01T05:30:09.257Z","01.04.2025 08:30:09","INV1","COM3","slave_4","error",25266,"Сообщение о предупреждении 2","-",0,
"2025-04-01T05:30:09.569Z","01.04.2025 08:30:09","INV2","COM4","slave_4","info",20000,"Тип устройства (старший байт)","-",20566,
"2025-04-01T05:30:09.884Z","01.04.2025 08:30:09","INV2","COM4","slave_4","info",20001,"Тип устройства (младший байт)","-",1800,
"2025-04-01T05:30:10.179Z","01.04.2025 08:30:10","INV2","COM4","slave_4","info",20002,"Серийный номер (старший байт)","-",65535,
"2025-04-01T05:30:10.480Z","01.04.2025 08:30:10","INV2","COM4","slave_4","info",20003,"Серийный номер (младший байт)","-",65535,
"2025-04-01T05:30:10.792Z","01.04.2025 08:30:10","INV2","COM4","slave_4","info",20004,"Версия оборудования","-",10101,
"2025-04-01T05:30:11.102Z","01.04.2025 08:30:11","INV2","COM4","slave_4","info",20005,"Версия программного обеспечения","-",21706,
"2025-04-01T05:30:11.409Z","01.04.2025 08:30:11","INV2","COM4","slave_4","info",20006,"Версия протокола","-",10414,
"2025-04-01T05:30:11.725Z","01.04.2025 08:30:11","INV2","COM4","slave_4","status",25201,"Состояние работы","-",3,
"2025-04-01T05:30:12.041Z","01.04.2025 08:30:12","INV2","COM4","slave_4","status",25205,"Напряжение АКБ","V",548,
"2025-04-01T05:30:12.345Z","01.04.2025 08:30:12","INV2","COM4","slave_4","status",25206,"Выходное напряжение инвертора","V",2221,
"2025-04-01T05:30:12.660Z","01.04.2025 08:30:12","INV2","COM4","slave_4","status",25207,"Сетевое напряжение","V",2233,
"2025-04-01T05:30:12.967Z","01.04.2025 08:30:12","INV2","COM4","slave_4","status",25210,"Ток инвертора","A",4,
"2025-04-01T05:30:13.272Z","01.04.2025 08:30:13","INV2","COM4","slave_4","status",25213,"Мощность инвертора","W",65462,
"2025-04-01T05:30:13.573Z","01.04.2025 08:30:13","INV2","COM4","slave_4","status",25214,"Мощность сети","W",65261,
"2025-04-01T05:30:13.881Z","01.04.2025 08:30:13","INV2","COM4","slave_4","status",25215,"Мощность нагрузки","W",206,
"2025-04-01T05:30:14.182Z","01.04.2025 08:30:14","INV2","COM4","slave_4","status",25216,"Процент нагрузки","%",4,
"2025-04-01T05:30:14.490Z","01.04.2025 08:30:14","INV2","COM4","slave_4","status",25233,"Температура радиатора AC","C",49,
"2025-04-01T05:30:14.799Z","01.04.2025 08:30:14","INV2","COM4","slave_4","status",25234,"Температура трансформатора","C",63,
"2025-04-01T05:30:15.111Z","01.04.2025 08:30:15","INV2","COM4","slave_4","status",25235,"Температура радиатора DC","C",43,
"2025-04-01T05:30:15.422Z","01.04.2025 08:30:15","INV2","COM4","slave_4","energy",25245,"Накопленная зарядная энергия (старший байт)","kWh",0,
"2025-04-01T05:30:15.730Z","01.04.2025 08:30:15","INV2","COM4","slave_4","energy",25246,"Накопленная зарядная энергия (младший байт)","kWh",1079,
"2025-04-01T05:30:16.026Z","01.04.2025 08:30:16","INV2","COM4","slave_4","energy",25247,"Накопленная разрядная энергия (старший байт)","kWh",0,
"2025-04-01T05:30:16.339Z","01.04.2025 08:30:16","INV2","COM4","slave_4","energy",25248,"Накопленная разрядная энергия (младший байт)","kWh",43,
"2025-04-01T05:30:16.651Z","01.04.2025 08:30:16","INV2","COM4","slave_4","energy",25253,"Накопленная нагрузочная энергия (старший байт)","kWh",0,
"2025-04-01T05:30:16.960Z","01.04.2025 08:30:16","INV2","COM4","slave_4","energy",25254,"Накопленная нагрузочная энергия (младший байт)","kWh",7492,
"2025-04-01T05:30:17.261Z","01.04.2025 08:30:17","INV2","COM4","slave_4","error",25261,"Сообщение об ошибке 1","-",0,
"2025-04-01T05:30:17.563Z","01.04.2025 08:30:17","INV2","COM4","slave_4","error",25262,"Сообщение об ошибке 2","-",0,
"2025-04-01T05:30:17.866Z","01.04.2025 08:30:17","INV2","COM4","slave_4","error",25265,"Сообщение о предупреждении 1","-",0,
"2025-04-01T05:30:18.162Z","01.04.2025 08:30:18","INV2","COM4","slave_4","error",25266,"Сообщение о предупреждении 2","-",0,
"2025-04-01T05:30:18.470Z","01.04.2025 08:30:18","INV3","COM5","slave_4","info",20000,"Тип устройства (старший байт)","-",20566,
"2025-04-01T05:30:18.781Z","01.04.2025 08:30:18","INV3","COM5","slave_4","info",20001,"Тип устройства (младший байт)","-",1800,
"2025-04-01T05:30:19.094Z","01.04.2025 08:30:19","INV3","COM5","slave_4","info",20002,"Серийный номер (старший байт)","-",65535,
"2025-04-01T05:30:19.395Z","01.04.2025 08:30:19","INV3","COM5","slave_4","info",20003,"Серийный номер (младший байт)","-",65535,
"2025-04-01T05:30:19.703Z","01.04.2025 08:30:19","INV3","COM5","slave_4","info",20004,"Версия оборудования","-",10101,
"2025-04-01T05:30:20.011Z","01.04.2025 08:30:20","INV3","COM5","slave_4","info",20005,"Версия программного обеспечения","-",21706,
"2025-04-01T05:30:20.306Z","01.04.2025 08:30:20","INV3","COM5","slave_4","info",20006,"Версия протокола","-",10414,
"2025-04-01T05:30:20.617Z","01.04.2025 08:30:20","INV3","COM5","slave_4","status",25201,"Состояние работы","-",3,
"2025-04-01T05:30:20.924Z","01.04.2025 08:30:20","INV3","COM5","slave_4","status",25205,"Напряжение АКБ","V",548,
"2025-04-01T05:30:21.228Z","01.04.2025 08:30:21","INV3","COM5","slave_4","status",25206,"Выходное напряжение инвертора","V",2188,
"2025-04-01T05:30:21.541Z","01.04.2025 08:30:21","INV3","COM5","slave_4","status",25207,"Сетевое напряжение","V",2200,
"2025-04-01T05:30:21.842Z","01.04.2025 08:30:21","INV3","COM5","slave_4","status",25210,"Ток инвертора","A",4,
"2025-04-01T05:30:22.154Z","01.04.2025 08:30:22","INV3","COM5","slave_4","status",25213,"Мощность инвертора","W",65455,
"2025-04-01T05:30:22.454Z","01.04.2025 08:30:22","INV3","COM5","slave_4","status",25214,"Мощность сети","W",65128,
"2025-04-01T05:30:22.771Z","01.04.2025 08:30:22","INV3","COM5","slave_4","status",25215,"Мощность нагрузки","W",325,
"2025-04-01T05:30:23.086Z","01.04.2025 08:30:23","INV3","COM5","slave_4","status",25216,"Процент нагрузки","%",6,
"2025-04-01T05:30:23.396Z","01.04.2025 08:30:23","INV3","COM5","slave_4","status",25233,"Температура радиатора AC","C",52,
"2025-04-01T05:30:23.707Z","01.04.2025 08:30:23","INV3","COM5","slave_4","status",25234,"Температура трансформатора","C",64,
"2025-04-01T05:30:24.009Z","01.04.2025 08:30:24","INV3","COM5","slave_4","status",25235,"Температура радиатора DC","C",46,
"2025-04-01T05:30:24.328Z","01.04.2025 08:30:24","INV3","COM5","slave_4","energy",25245,"Накопленная зарядная энергия (старший байт)","kWh",0,
"2025-04-01T05:30:24.635Z","01.04.2025 08:30:24","INV3","COM5","slave_4","energy",25246,"Накопленная зарядная энергия (младший байт)","kWh",1088,
"2025-04-01T05:30:24.956Z","01.04.2025 08:30:24","INV3","COM5","slave_4","energy",25247,"Накопленная разрядная энергия (старший байт)","kWh",0,
"2025-04-01T05:30:25.280Z","01.04.2025 08:30:25","INV3","COM5","slave_4","energy",25248,"Накопленная разрядная энергия (младший байт)","kWh",44,
"2025-04-01T05:30:25.587Z","01.04.2025 08:30:25","INV3","COM5","slave_4","energy",25253,"Накопленная нагрузочная энергия (старший байт)","kWh",0,
"2025-04-01T05:30:25.900Z","01.04.2025 08:30:25","INV3","COM5","slave_4","energy",25254,"Накопленная нагрузочная энергия (младший байт)","kWh",6241,
"2025-04-01T05:30:26.205Z","01.04.2025 08:30:26","INV3","COM5","slave_4","error",25261,"Сообщение об ошибке 1","-",0,
"2025-04-01T05:30:26.511Z","01.04.2025 08:30:26","INV3","COM5","slave_4","error",25262,"Сообщение об ошибке 2","-",0,
"2025-04-01T05:30:26.827Z","01.04.2025 08:30:26","INV3","COM5","slave_4","error",25265,"Сообщение о предупреждении 1","-",0,
"2025-04-01T05:30:27.126Z","01.04.2025 08:30:27","INV3","COM5","slave_4","error",25266,"Сообщение о предупреждении 2","-",0,
"2025-04-01T05:45:00.594Z","01.04.2025 08:45:00","INV1","COM3","slave_4","info",20000,"Тип устройства (старший байт)","-",20566,
"2025-04-01T05:45:00.893Z","01.04.2025 08:45:00","INV1","COM3","slave_4","info",20001,"Тип устройства (младший байт)","-",1800,
"2025-04-01T05:45:01.196Z","01.04.2025 08:45:01","INV1","COM3","slave_4","info",20002,"Серийный номер (старший байт)","-",65535,
"2025-04-01T05:45:01.502Z","01.04.2025 08:45:01","INV1","COM3","slave_4","info",20003,"Серийный номер (младший байт)","-",65535,
"2025-04-01T05:45:01.801Z","01.04.2025 08:45:01","INV1","COM3","slave_4","info",20004,"Версия оборудования","-",10101,
"2025-04-01T05:45:02.112Z","01.04.2025 08:45:02","INV1","COM3","slave_4","info",20005,"Версия программного обеспечения","-",21706,
"2025-04-01T05:45:02.420Z","01.04.2025 08:45:02","INV1","COM3","slave_4","info",20006,"Версия протокола","-",10414,
"2025-04-01T05:45:02.726Z","01.04.2025 08:45:02","INV1","COM3","slave_4","status",25201,"Состояние работы","-",3,
"2025-04-01T05:45:03.024Z","01.04.2025 08:45:03","INV1","COM3","slave_4","status",25205,"Напряжение АКБ","V",548,
"2025-04-01T05:45:03.329Z","01.04.2025 08:45:03","INV1","COM3","slave_4","status",25206,"Выходное напряжение инвертора","V",2193,
"2025-04-01T05:45:03.645Z","01.04.2025 08:45:03","INV1","COM3","slave_4","status",25207,"Сетевое напряжение","V",2206,
"2025-04-01T05:45:03.947Z","01.04.2025 08:45:03","INV1","COM3","slave_4","status",25210,"Ток инвертора","A",4,
"2025-04-01T05:45:04.254Z","01.04.2025 08:45:04","INV1","COM3","slave_4","status",25213,"Мощность инвертора","W",65465,
"2025-04-01T05:45:04.563Z","01.04.2025 08:45:04","INV1","COM3","slave_4","status",25214,"Мощность сети","W",65290,
"2025-04-01T05:45:04.859Z","01.04.2025 08:45:04","INV1","COM3","slave_4","status",25215,"Мощность нагрузки","W",167,
"2025-04-01T05:45:05.166Z","01.04.2025 08:45:05","INV1","COM3","slave_4","status",25216,"Процент нагрузки","%",3,
"2025-04-01T05:45:05.478Z","01.04.2025 08:45:05","INV1","COM3","slave_4","status",25233,"Температура радиатора AC","C",55,
"2025-04-01T05:45:05.780Z","01.04.2025 08:45:05","INV1","COM3","slave_4","status",25234,"Температура трансформатора","C",62,
"2025-04-01T05:45:06.100Z","01.04.2025 08:45:06","INV1","COM3","slave_4","status",25235,"Температура радиатора DC","C",42,
"2025-04-01T05:45:06.413Z","01.04.2025 08:45:06","INV1","COM3","slave_4","energy",25245,"Накопленная зарядная энергия (старший байт)","kWh",0,
"2025-04-01T05:45:06.715Z","01.04.2025 08:45:06","INV1","COM3","slave_4","energy",25246,"Накопленная зарядная энергия (младший байт)","kWh",1064,
"2025-04-01T05:45:07.011Z","01.04.2025 08:45:07","INV1","COM3","slave_4","energy",25247,"Накопленная разрядная энергия (старший байт)","kWh",0,
"2025-04-01T05:45:07.327Z","01.04.2025 08:45:07","INV1","COM3","slave_4","energy",25248,"Накопленная разрядная энергия (младший байт)","kWh",44,
"2025-04-01T05:45:07.631Z","01.04.2025 08:45:07","INV1","COM3","slave_4","energy",25253,"Накопленная нагрузочная энергия (старший байт)","kWh",0,
"2025-04-01T05:45:07.939Z","01.04.2025 08:45:07","INV1","COM3","slave_4","energy",25254,"Накопленная нагрузочная энергия (младший байт)","kWh",3788,
"2025-04-01T05:45:08.244Z","01.04.2025 08:45:08","INV1","COM3","slave_4","error",25261,"Сообщение об ошибке 1","-",0,
"2025-04-01T05:45:08.550Z","01.04.2025 08:45:08","INV1","COM3","slave_4","error",25262,"Сообщение об ошибке 2","-",0,
"2025-04-01T05:45:08.855Z","01.04.2025 08:45:08","INV1","COM3","slave_4","error",25265,"Сообщение о предупреждении 1","-",0,
"2025-04-01T05:45:09.161Z","01.04.2025 08:45:09","INV1","COM3","slave_4","error",25266,"Сообщение о предупреждении 2","-",0,
"2025-04-01T05:45:09.488Z","01.04.2025 08:45:09","INV2","COM4","slave_4","info",20000,"Тип устройства (старший байт)","-",20566,
"2025-04-01T05:45:09.799Z","01.04.2025 08:45:09","INV2","COM4","slave_4","info",20001,"Тип устройства (младший байт)","-",1800,
"2025-04-01T05:45:10.115Z","01.04.2025 08:45:10","INV2","COM4","slave_4","info",20002,"Серийный номер (старший байт)","-",65535,
"2025-04-01T05:45:10.421Z","01.04.2025 08:45:10","INV2","COM4","slave_4","info",20003,"Серийный номер (младший байт)","-",65535,
"2025-04-01T05:45:10.723Z","01.04.2025 08:45:10","INV2","COM4","slave_4","info",20004,"Версия оборудования","-",10101,
"2025-04-01T05:45:11.038Z","01.04.2025 08:45:11","INV2","COM4","slave_4","info",20005,"Версия программного обеспечения","-",21706,
"2025-04-01T05:45:11.349Z","01.04.2025 08:45:11","INV2","COM4","slave_4","info",20006,"Версия протокола","-",10414,
"2025-04-01T05:45:11.663Z","01.04.2025 08:45:11","INV2","COM4","slave_4","status",25201,"Состояние работы","-",3,
"2025-04-01T05:45:11.968Z","01.04.2025 08:45:11","INV2","COM4","slave_4","status",25205,"Напряжение АКБ","V",548,
"2025-04-01T05:45:12.268Z","01.04.2025 08:45:12","INV2","COM4","slave_4","status",25206,"Выходное напряжение инвертора","V",2220,
"2025-04-01T05:45:12.572Z","01.04.2025 08:45:12","INV2","COM4","slave_4","status",25207,"Сетевое напряжение","V",2231,
"2025-04-01T05:45:12.871Z","01.04.2025 08:45:12","INV2","COM4","slave_4","status",25210,"Ток инвертора","A",4,
"2025-04-01T05:45:13.172Z","01.04.2025 08:45:13","INV2","COM4","slave_4","status",25213,"Мощность инвертора","W",65457,
"2025-04-01T05:45:13.481Z","01.04.2025 08:45:13","INV2","COM4","slave_4","status",25214,"Мощность сети","W",65282,
"2025-04-01T05:45:13.788Z","01.04.2025 08:45:13","INV2","COM4","slave_4","status",25215,"Мощность нагрузки","W",173,
"2025-04-01T05:45:14.120Z","01.04.2025 08:45:14","INV2","COM4","slave_4","status",25216,"Процент нагрузки","%",3,
"2025-04-01T05:45:14.416Z","01.04.2025 08:45:14","INV2","COM4","slave_4","status",25233,"Температура радиатора AC","C",49,
"2025-04-01T05:45:14.735Z","01.04.2025 08:45:14","INV2","COM4","slave_4","status",25234,"Температура трансформатора","C",63,
"2025-04-01T05:45:15.041Z","01.04.2025 08:45:15","INV2","COM4","slave_4","status",25235,"Температура радиатора DC","C",43,
"2025-04-01T05:45:15.365Z","01.04.2025 08:45:15","INV2","COM4","slave_4","energy",25245,"Накопленная зарядная энергия (старший байт)","kWh",0,
"2025-04-01T05:45:15.675Z","01.04.2025 08:45:15","INV2","COM4","slave_4","energy",25246,"Накопленная зарядная энергия (младший байт)","kWh",1080,
"2025-04-01T05:45:15.984Z","01.04.2025 08:45:15","INV2","COM4","slave_4","energy",25247,"Накопленная разрядная энергия (старший байт)","kWh",0,
"2025-04-01T05:45:16.299Z","01.04.2025 08:45:16","INV2","COM4","slave_4","energy",25248,"Накопленная разрядная энергия (младший байт)","kWh",43,
"2025-04-01T05:45:16.612Z","01.04.2025 08:45:16","INV2","COM4","slave_4","energy",25253,"Накопленная нагрузочная энергия (старший байт)","kWh",0,
"2025-04-01T05:45:16.912Z","01.04.2025 08:45:16","INV2","COM4","slave_4","energy",25254,"Накопленная нагрузочная энергия (младший байт)","kWh",7493,
"2025-04-01T05:45:17.221Z","01.04.2025 08:45:17","INV2","COM4","slave_4","error",25261,"Сообщение об ошибке 1","-",0,
"2025-04-01T05:45:17.527Z","01.04.2025 08:45:17","INV2","COM4","slave_4","error",25262,"Сообщение об ошибке 2","-",0,
"2025-04-01T05:45:17.838Z","01.04.2025 08:45:17","INV2","COM4","slave_4","error",25265,"Сообщение о предупреждении 1","-",0,
"2025-04-01T05:45:18.145Z","01.04.2025 08:45:18","INV2","COM4","slave_4","error",25266,"Сообщение о предупреждении 2","-",0,
"2025-04-01T05:45:18.460Z","01.04.2025 08:45:18","INV3","COM5","slave_4","info",20000,"Тип устройства (старший байт)","-",20566,
"2025-04-01T05:45:18.765Z","01.04.2025 08:45:18","INV3","COM5","slave_4","info",20001,"Тип устройства (младший байт)","-",1800,
"2025-04-01T05:45:19.063Z","01.04.2025 08:45:19","INV3","COM5","slave_4","info",20002,"Серийный номер (старший байт)","-",65535,
"2025-04-01T05:45:19.370Z","01.04.2025 08:45:19","INV3","COM5","slave_4","info",20003,"Серийный номер (младший байт)","-",65535,
"2025-04-01T05:45:19.680Z","01.04.2025 08:45:19","INV3","COM5","slave_4","info",20004,"Версия оборудования","-",10101,
"2025-04-01T05:45:19.983Z","01.04.2025 08:45:19","INV3","COM5","slave_4","info",20005,"Версия программного обеспечения","-",21706,
"2025-04-01T05:45:20.290Z","01.04.2025 08:45:20","INV3","COM5","slave_4","info",20006,"Версия протокола","-",10414,
"2025-04-01T05:45:20.610Z","01.04.2025 08:45:20","INV3","COM5","slave_4","status",25201,"Состояние работы","-",3,
"2025-04-01T05:45:20.909Z","01.04.2025 08:45:20","INV3","COM5","slave_4","status",25205,"Напряжение АКБ","V",548,
"2025-04-01T05:45:21.216Z","01.04.2025 08:45:21","INV3","COM5","slave_4","status",25206,"Выходное напряжение инвертора","V",2189,
"2025-04-01T05:45:21.526Z","01.04.2025 08:45:21","INV3","COM5","slave_4","status",25207,"Сетевое напряжение","V",2200,
"2025-04-01T05:45:21.830Z","01.04.2025 08:45:21","INV3","COM5","slave_4","status",25210,"Ток инвертора","A",4,
"2025-04-01T05:45:22.140Z","01.04.2025 08:45:22","INV3","COM5","slave_4","status",25213,"Мощность инвертора","W",65465,
"2025-04-01T05:45:22.445Z","01.04.2025 08:45:22","INV3","COM5","slave_4","status",25214,"Мощность сети","W",65149,
"2025-04-01T05:45:22.748Z","01.04.2025 08:45:22","INV3","COM5","slave_4","status",25215,"Мощность нагрузки","W",288,
"2025-04-01T05:45:23.056Z","01.04.2025 08:45:23","INV3","COM5","slave_4","status",25216,"Процент нагрузки","%",5,
"2025-04-01T05:45:23.360Z","01.04.2025 08:45:23","INV3","COM5","slave_4","status",25233,"Температура радиатора AC","C",52,
"2025-04-01T05:45:23.661Z","01.04.2025 08:45:23","INV3","COM5","slave_4","status",25234,"Температура трансформатора","C",64,
"2025-04-01T05:45:23.958Z","01.04.2025 08:45:23","INV3","COM5","slave_4","status",25235,"Температура радиатора DC","C",46,
"2025-04-01T05:45:24.264Z","01.04.2025 08:45:24","INV3","COM5","slave_4","energy",25245,"Накопленная зарядная энергия (старший байт)","kWh",0,
"2025-04-01T05:45:24.572Z","01.04.2025 08:45:24","INV3","COM5","slave_4","energy",25246,"Накопленная зарядная энергия (младший байт)","kWh",1089,
"2025-04-01T05:45:24.881Z","01.04.2025 08:45:24","INV3","COM5","slave_4","energy",25247,"Накопленная разрядная энергия (старший байт)","kWh",0,
"2025-04-01T05:45:25.189Z","01.04.2025 08:45:25","INV3","COM5","slave_4","energy",25248,"Накопленная разрядная энергия (младший байт)","kWh",44,
"2025-04-01T05:45:25.503Z","01.04.2025 08:45:25","INV3","COM5","slave_4","energy",25253,"Накопленная нагрузочная энергия (старший байт)","kWh",0,
"2025-04-01T05:45:25.815Z","01.04.2025 08:45:25","INV3","COM5","slave_4","energy",25254,"Накопленная нагрузочная энергия (младший байт)","kWh",6242,
"2025-04-01T05:45:26.113Z","01.04.2025 08:45:26","INV3","COM5","slave_4","error",25261,"Сообщение об ошибке 1","-",0,
"2025-04-01T05:45:26.414Z","01.04.2025 08:45:26","INV3","COM5","slave_4","error",25262,"Сообщение об ошибке 2","-",0,
"2025-04-01T05:45:26.720Z","01.04.2025 08:45:26","INV3","COM5","slave_4","error",25265,"Сообщение о предупреждении 1","-",0,
"2025-04-01T05:45:27.025Z","01.04.2025 08:45:27","INV3","COM5","slave_4","error",25266,"Сообщение о предупреждении 2","-",0,
"2025-04-01T06:00:00.348Z","01.04.2025 09:00:00","INV1","COM3","slave_4","info",20000,"Тип устройства (старший байт)","-",20566,
"2025-04-01T06:00:00.649Z","01.04.2025 09:00:00","INV1","COM3","slave_4","info",20001,"Тип устройства (младший байт)","-",1800,
"2025-04-01T06:00:00.952Z","01.04.2025 09:00:00","INV1","COM3","slave_4","info",20002,"Серийный номер (старший байт)","-",65535,
"2025-04-01T06:00:01.260Z","01.04.2025 09:00:01","INV1","COM3","slave_4","info",20003,"Серийный номер (младший байт)","-",65535,
"2025-04-01T06:00:01.560Z","01.04.2025 09:00:01","INV1","COM3","slave_4","info",20004,"Версия оборудования","-",10101,
"2025-04-01T06:00:01.867Z","01.04.2025 09:00:01","INV1","COM3","slave_4","info",20005,"Версия программного обеспечения","-",21706,
"2025-04-01T06:00:02.182Z","01.04.2025 09:00:02","INV1","COM3","slave_4","info",20006,"Версия протокола","-",10414,
"2025-04-01T06:00:02.479Z","01.04.2025 09:00:02","INV1","COM3","slave_4","status",25201,"Состояние работы","-",3,
"2025-04-01T06:00:02.779Z","01.04.2025 09:00:02","INV1","COM3","slave_4","status",25205,"Напряжение АКБ","V",548,
"2025-04-01T06:00:03.099Z","01.04.2025 09:00:03","INV1","COM3","slave_4","status",25206,"Выходное напряжение инвертора","V",2191,
"2025-04-01T06:00:03.424Z","01.04.2025 09:00:03","INV1","COM3","slave_4","status",25207,"Сетевое напряжение","V",2205,
"2025-04-01T06:00:03.733Z","01.04.2025 09:00:03","INV1","COM3","slave_4","status",25210,"Ток инвертора","A",6,
"2025-04-01T06:00:04.044Z","01.04.2025 09:00:04","INV1","COM3","slave_4","status",25213,"Мощность инвертора","W",65468,
"2025-04-01T06:00:04.347Z","01.04.2025 09:00:04","INV1","COM3","slave_4","status",25214,"Мощность сети","W",65289,
"2025-04-01T06:00:04.644Z","01.04.2025 09:00:04","INV1","COM3","slave_4","status",25215,"Мощность нагрузки","W",175,
"2025-04-01T06:00:04.959Z","01.04.2025 09:00:04","INV1","COM3","slave_4","status",25216,"Процент нагрузки","%",3,
"2025-04-01T06:00:05.273Z","01.04.2025 09:00:05","INV1","COM3","slave_4","status",25233,"Температура радиатора AC","C",55,
"2025-04-01T06:00:05.575Z","01.04.2025 09:00:05","INV1","COM3","slave_4","status",25234,"Температура трансформатора","C",62,
"2025-04-01T06:00:05.886Z","01.04.2025 09:00:05","INV1","COM3","slave_4","status",25235,"Температура радиатора DC","C",42,
"2025-04-01T06:00:06.190Z","01.04.2025 09:00:06","INV1","COM3","slave_4","energy",25245,"Накопленная зарядная энергия (старший байт)","kWh",0,
"2025-04-01T06:00:06.515Z","01.04.2025 09:00:06","INV1","COM3","slave_4","energy",25246,"Накопленная зарядная энергия (младший байт)","kWh",1064,
"2025-04-01T06:00:06.829Z","01.04.2025 09:00:06","INV1","COM3","slave_4","energy",25247,"Накопленная разрядная энергия (старший байт)","kWh",0,
"2025-04-01T06:00:07.143Z","01.04.2025 09:00:07","INV1","COM3","slave_4","energy",25248,"Накопленная разрядная энергия (младший байт)","kWh",44,
"2025-04-01T06:00:07.453Z","01.04.2025 09:00:07","INV1","COM3","slave_4","energy",25253,"Накопленная нагрузочная энергия (старший байт)","kWh",0,
"2025-04-01T06:00:07.753Z","01.04.2025 09:00:07","INV1","COM3","slave_4","energy",25254,"Накопленная нагрузочная энергия (младший байт)","kWh",3788,
"2025-04-01T06:00:08.074Z","01.04.2025 09:00:08","INV1","COM3","slave_4","error",25261,"Сообщение об ошибке 1","-",0,
"2025-04-01T06:00:08.377Z","01.04.2025 09:00:08","INV1","COM3","slave_4","error",25262,"Сообщение об ошибке 2","-",0,
"2025-04-01T06:00:08.690Z","01.04.2025 09:00:08","INV1","COM3","slave_4","error",25265,"Сообщение о предупреждении 1","-",0,
"2025-04-01T06:00:09.016Z","01.04.2025 09:00:09","INV1","COM3","slave_4","error",25266,"Сообщение о предупреждении 2","-",0,
"2025-04-01T06:00:09.324Z","01.04.2025 09:00:09","INV2","COM4","slave_4","info",20000,"Тип устройства (старший байт)","-",20566,
"2025-04-01T06:00:09.632Z","01.04.2025 09:00:09","INV2","COM4","slave_4","info",20001,"Тип устройства (младший байт)","-",1800,
"2025-04-01T06:00:09.949Z","01.04.2025 09:00:09","INV2","COM4","slave_4","info",20002,"Серийный номер (старший байт)","-",65535,
"2025-04-01T06:00:10.255Z","01.04.2025 09:00:10","INV2","COM4","slave_4","info",20003,"Серийный номер (младший байт)","-",65535,
"2025-04-01T06:00:10.557Z","01.04.2025 09:00:10","INV2","COM4","slave_4","info",20004,"Версия оборудования","-",10101,
"2025-04-01T06:00:10.860Z","01.04.2025 09:00:10","INV2","COM4","slave_4","info",20005,"Версия программного обеспечения","-",21706,
"2025-04-01T06:00:11.182Z","01.04.2025 09:00:11","INV2","COM4","slave_4","info",20006,"Версия протокола","-",10414,
"2025-04-01T06:00:11.479Z","01.04.2025 09:00:11","INV2","COM4","slave_4","status",25201,"Состояние работы","-",3,
"2025-04-01T06:00:11.787Z","01.04.2025 09:00:11","INV2","COM4","slave_4","status",25205,"Напряжение АКБ","V",548,
"2025-04-01T06:00:12.089Z","01.04.2025 09:00:12","INV2","COM4","slave_4","status",25206,"Выходное напряжение инвертора","V",2220,
"2025-04-01T06:00:12.386Z","01.04.2025 09:00:12","INV2","COM4","slave_4","status",25207,"Сетевое напряжение","V",2232,
"2025-04-01T06:00:12.689Z","01.04.2025 09:00:12","INV2","COM4","slave_4","status",25210,"Ток инвертора","A",6,
"2025-04-01T06:00:12.985Z","01.04.2025 09:00:12","INV2","COM4","slave_4","status",25213,"Мощность инвертора","W",65459,
"2025-04-01T06:00:13.289Z","01.04.2025 09:00:13","INV2","COM4","slave_4","status",25214,"Мощность сети","W",65283,
"2025-04-01T06:00:13.596Z","01.04.2025 09:00:13","INV2","COM4","slave_4","status",25215,"Мощность нагрузки","W",163,
"2025-04-01T06:00:13.910Z","01.04.2025 09:00:13","INV2","COM4","slave_4","status",25216,"Процент нагрузки","%",3,
"2025-04-01T06:00:14.222Z","01.04.2025 09:00:14","INV2","COM4","slave_4","status",25233,"Температура радиатора AC","C",49,
"2025-04-01T06:00:14.542Z","01.04.2025 09:00:14","INV2","COM4","slave_4","status",25234,"Температура трансформатора","C",63,
"2025-04-01T06:00:14.858Z","01.04.2025 09:00:14","INV2","COM4","slave_4","status",25235,"Температура радиатора DC","C",43,
"2025-04-01T06:00:15.172Z","01.04.2025 09:00:15","INV2","COM4","slave_4","energy",25245,"Накопленная зарядная энергия (старший байт)","kWh",0,
"2025-04-01T06:00:15.494Z","01.04.2025 09:00:15","INV2","COM4","slave_4","energy",25246,"Накопленная зарядная энергия (младший байт)","kWh",1080,
"2025-04-01T06:00:15.799Z","01.04.2025 09:00:15","INV2","COM4","slave_4","energy",25247,"Накопленная разрядная энергия (старший байт)","kWh",0,
"2025-04-01T06:00:16.100Z","01.04.2025 09:00:16","INV2","COM4","slave_4","energy",25248,"Накопленная разрядная энергия (младший байт)","kWh",43,
"2025-04-01T06:00:16.399Z","01.04.2025 09:00:16","INV2","COM4","slave_4","energy",25253,"Накопленная нагрузочная энергия (старший байт)","kWh",0,
"2025-04-01T06:00:16.695Z","01.04.2025 09:00:16","INV2","COM4","slave_4","energy",25254,"Накопленная нагрузочная энергия (младший байт)","kWh",7493,
"2025-04-01T06:00:17.005Z","01.04.2025 09:00:17","INV2","COM4","slave_4","error",25261,"Сообщение об ошибке 1","-",0,
"2025-04-01T06:00:17.311Z","01.04.2025 09:00:17","INV2","COM4","slave_4","error",25262,"Сообщение об ошибке 2","-",0,
"2025-04-01T06:00:17.617Z","01.04.2025 09:00:17","INV2","COM4","slave_4","error",25265,"Сообщение о предупреждении 1","-",0,
"2025-04-01T06:00:17.939Z","01.04.2025 09:00:17","INV2","COM4","slave_4","error",25266,"Сообщение о предупреждении 2","-",0,
"2025-04-01T06:00:18.242Z","01.04.2025 09:00:18","INV3","COM5","slave_4","info",20000,"Тип устройства (старший байт)","-",20566,
"2025-04-01T06:00:18.554Z","01.04.2025 09:00:18","INV3","COM5","slave_4","info",20001,"Тип устройства (младший байт)","-",1800,
"2025-04-01T06:00:18.858Z","01.04.2025 09:00:18","INV3","COM5","slave_4","info",20002,"Серийный номер (старший байт)","-",65535,
"2025-04-01T06:00:19.175Z","01.04.2025 09:00:19","INV3","COM5","slave_4","info",20003,"Серийный номер (младший байт)","-",65535,
"2025-04-01T06:00:19.485Z","01.04.2025 09:00:19","INV3","COM5","slave_4","info",20004,"Версия оборудования","-",10101,
"2025-04-01T06:00:19.789Z","01.04.2025 09:00:19","INV3","COM5","slave_4","info",20005,"Версия программного обеспечения","-",21706,
"2025-04-01T06:00:20.089Z","01.04.2025 09:00:20","INV3","COM5","slave_4","info",20006,"Версия протокола","-",10414,
"2025-04-01T06:00:20.398Z","01.04.2025 09:00:20","INV3","COM5","slave_4","status",25201,"Состояние работы","-",3,
"2025-04-01T06:00:20.710Z","01.04.2025 09:00:20","INV3","COM5","slave_4","status",25205,"Напряжение АКБ","V",548,
"2025-04-01T06:00:21.020Z","01.04.2025 09:00:21","INV3","COM5","slave_4","status",25206,"Выходное напряжение инвертора","V",2187,
"2025-04-01T06:00:21.323Z","01.04.2025 09:00:21","INV3","COM5","slave_4","status",25207,"Сетевое напряжение","V",2199,
"2025-04-01T06:00:21.624Z","01.04.2025 09:00:21","INV3","COM5","slave_4","status",25210,"Ток инвертора","A",6,
"2025-04-01T06:00:21.930Z","01.04.2025 09:00:21","INV3","COM5","slave_4","status",25213,"Мощность инвертора","W",65468,
"2025-04-01T06:00:22.243Z","01.04.2025 09:00:22","INV3","COM5","slave_4","status",25214,"Мощность сети","W",65036,
"2025-04-01T06:00:22.536Z","01.04.2025 09:00:22","INV3","COM5","slave_4","status",25215,"Мощность нагрузки","W",412,
"2025-04-01T06:00:22.858Z","01.04.2025 09:00:22","INV3","COM5","slave_4","status",25216,"Процент нагрузки","%",8,
"2025-04-01T06:00:23.160Z","01.04.2025 09:00:23","INV3","COM5","slave_4","status",25233,"Температура радиатора AC","C",52,
"2025-04-01T06:00:23.473Z","01.04.2025 09:00:23","INV3","COM5","slave_4","status",25234,"Температура трансформатора","C",64,
"2025-04-01T06:00:23.783Z","01.04.2025 09:00:23","INV3","COM5","slave_4","status",25235,"Температура радиатора DC","C",46,
"2025-04-01T06:00:24.091Z","01.04.2025 09:00:24","INV3","COM5","slave_4","energy",25245,"Накопленная зарядная энергия (старший байт)","kWh",0,
"2025-04-01T06:00:24.399Z","01.04.2025 09:00:24","INV3","COM5","slave_4","energy",25246,"Накопленная зарядная энергия (младший байт)","kWh",1089,
"2025-04-01T06:00:24.715Z","01.04.2025 09:00:24","INV3","COM5","slave_4","energy",25247,"Накопленная разрядная энергия (старший байт)","kWh",0,
"2025-04-01T06:00:25.021Z","01.04.2025 09:00:25","INV3","COM5","slave_4","energy",25248,"Накопленная разрядная энергия (младший байт)","kWh",44,
"2025-04-01T06:00:25.334Z","01.04.2025 09:00:25","INV3","COM5","slave_4","energy",25253,"Накопленная нагрузочная энергия (старший байт)","kWh",0,
"2025-04-01T06:00:25.640Z","01.04.2025 09:00:25","INV3","COM5","slave_4","energy",25254,"Накопленная нагрузочная энергия (младший байт)","kWh",6242,
"2025-04-01T06:00:25.942Z","01.04.2025 09:00:25","INV3","COM5","slave_4","error",25261,"Сообщение об ошибке 1","-",0,
"2025-04-01T06:00:26.246Z","01.04.2025 09:00:26","INV3","COM5","slave_4","error",25262,"Сообщение об ошибке 2","-",0,
"2025-04-01T06:00:26.549Z","01.04.2025 09:00:26","INV3","COM5","slave_4","error",25265,"Сообщение о предупреждении 1","-",0,
"2025-04-01T06:00:26.854Z","01.04.2025 09:00:26","INV3","COM5","slave_4","error",25266,"Сообщение о предупреждении 2","-",0,
"2025-04-01T06:15:01.284Z","01.04.2025 09:15:01","INV1","COM3","slave_4","info",20000,"Тип устройства (старший байт)","-",20566,
"2025-04-01T06:15:01.604Z","01.04.2025 09:15:01","INV1","COM3","slave_4","info",20001,"Тип устройства (младший байт)","-",1800,
"2025-04-01T06:15:01.912Z","01.04.2025 09:15:01","INV1","COM3","slave_4","info",20002,"Серийный номер (старший байт)","-",65535,
"2025-04-01T06:15:02.219Z","01.04.2025 09:15:02","INV1","COM3","slave_4","info",20003,"Серийный номер (младший байт)","-",65535,
"2025-04-01T06:15:02.526Z","01.04.2025 09:15:02","INV1","COM3","slave_4","info",20004,"Версия оборудования","-",10101,
"2025-04-01T06:15:02.835Z","01.04.2025 09:15:02","INV1","COM3","slave_4","info",20005,"Версия программного обеспечения","-",21706,
"2025-04-01T06:15:03.146Z","01.04.2025 09:15:03","INV1","COM3","slave_4","info",20006,"Версия протокола","-",10414,
"2025-04-01T06:15:03.443Z","01.04.2025 09:15:03","INV1","COM3","slave_4","status",25201,"Состояние работы","-",3,
"2025-04-01T06:15:03.745Z","01.04.2025 09:15:03","INV1","COM3","slave_4","status",25205,"Напряжение АКБ","V",548,
"2025-04-01T06:15:04.059Z","01.04.2025 09:15:04","INV1","COM3","slave_4","status",25206,"Выходное напряжение инвертора","V",2189,
"2025-04-01T06:15:04.368Z","01.04.2025 09:15:04","INV1","COM3","slave_4","status",25207,"Сетевое напряжение","V",2205,
"2025-04-01T06:15:04.676Z","01.04.2025 09:15:04","INV1","COM3","slave_4","status",25210,"Ток инвертора","A",7,
"2025-04-01T06:15:04.969Z","01.04.2025 09:15:04","INV1","COM3","slave_4","status",25213,"Мощность инвертора","W",65464,
"2025-04-01T06:15:05.269Z","01.04.2025 09:15:05","INV1","COM3","slave_4","status",25214,"Мощность сети","W",65304,
"2025-04-01T06:15:05.583Z","01.04.2025 09:15:05","INV1","COM3","slave_4","status",25215,"Мощность нагрузки","W",154,
"2025-04-01T06:15:05.885Z","01.04.2025 09:15:05","INV1","COM3","slave_4","status",25216,"Процент нагрузки","%",3,
"2025-04-01T06:15:06.200Z","01.04.2025 09:15:06","INV1","COM3","slave_4","status",25233,"Температура радиатора AC","C",55,
"2025-04-01T06:15:06.522Z","01.04.2025 09:15:06","INV1","COM3","slave_4","status",25234,"Температура трансформатора","C",62,
"2025-04-01T06:15:06.822Z","01.04.2025 09:15:06","INV1","COM3","slave_4","status",25235,"Температура радиатора DC","C",42,
"2025-04-01T06:15:07.146Z","01.04.2025 09:15:07","INV1","COM3","slave_4","energy",25245,"Накопленная зарядная энергия (старший байт)","kWh",0,
"2025-04-01T06:15:07.460Z","01.04.2025 09:15:07","INV1","COM3","slave_4","energy",25246,"Накопленная зарядная энергия (младший байт)","kWh",1064,
"2025-04-01T06:15:07.777Z","01.04.2025 09:15:07","INV1","COM3","slave_4","energy",25247,"Накопленная разрядная энергия (старший байт)","kWh",0,
"2025-04-01T06:15:08.076Z","01.04.2025 09:15:08","INV1","COM3","slave_4","energy",25248,"Накопленная разрядная энергия (младший байт)","kWh",44,
"2025-04-01T06:15:08.400Z","01.04.2025 09:15:08","INV1","COM3","slave_4","energy",25253,"Накопленная нагрузочная энергия (старший байт)","kWh",0,
"2025-04-01T06:15:08.697Z","01.04.2025 09:15:08","INV1","COM3","slave_4","energy",25254,"Накопленная нагрузочная энергия (младший байт)","kWh",3789,
"2025-04-01T06:15:09.014Z","01.04.2025 09:15:09","INV1","COM3","slave_4","error",25261,"Сообщение об ошибке 1","-",0,
"2025-04-01T06:15:09.319Z","01.04.2025 09:15:09","INV1","COM3","slave_4","error",25262,"Сообщение об ошибке 2","-",0,
"2025-04-01T06:15:09.622Z","01.04.2025 09:15:09","INV1","COM3","slave_4","error",25265,"Сообщение о предупреждении 1","-",0,
"2025-04-01T06:15:09.930Z","01.04.2025 09:15:09","INV1","COM3","slave_4","error",25266,"Сообщение о предупреждении 2","-",0,
"2025-04-01T06:15:10.237Z","01.04.2025 09:15:10","INV2","COM4","slave_4","info",20000,"Тип устройства (старший байт)","-",20566,
"2025-04-01T06:15:10.546Z","01.04.2025 09:15:10","INV2","COM4","slave_4","info",20001,"Тип устройства (младший байт)","-",1800,
"2025-04-01T06:15:10.872Z","01.04.2025 09:15:10","INV2","COM4","slave_4","info",20002,"Серийный номер (старший байт)","-",65535,
"2025-04-01T06:15:11.180Z","01.04.2025 09:15:11","INV2","COM4","slave_4","info",20003,"Серийный номер (младший байт)","-",65535,
"2025-04-01T06:15:11.489Z","01.04.2025 09:15:11","INV2","COM4","slave_4","info",20004,"Версия оборудования","-",10101,
"2025-04-01T06:15:11.796Z","01.04.2025 09:15:11","INV2","COM4","slave_4","info",20005,"Версия программного обеспечения","-",21706,
"2025-04-01T06:15:12.107Z","01.04.2025 09:15:12","INV2","COM4","slave_4","info",20006,"Версия протокола","-",10414,
"2025-04-01T06:15:12.418Z","01.04.2025 09:15:12","INV2","COM4","slave_4","status",25201,"Состояние работы","-",3,
"2025-04-01T06:15:12.722Z","01.04.2025 09:15:12","INV2","COM4","slave_4","status",25205,"Напряжение АКБ","V",548,
"2025-04-01T06:15:13.025Z","01.04.2025 09:15:13","INV2","COM4","slave_4","status",25206,"Выходное напряжение инвертора","V",2221,
"2025-04-01T06:15:13.327Z","01.04.2025 09:15:13","INV2","COM4","slave_4","status",25207,"Сетевое напряжение","V",2233,
"2025-04-01T06:15:13.624Z","01.04.2025 09:15:13","INV2","COM4","slave_4","status",25210,"Ток инвертора","A",5,
"2025-04-01T06:15:13.929Z","01.04.2025 09:15:13","INV2","COM4","slave_4","status",25213,"Мощность инвертора","W",65469,
"2025-04-01T06:15:14.238Z","01.04.2025 09:15:14","INV2","COM4","slave_4","status",25214,"Мощность сети","W",65284,
"2025-04-01T06:15:14.550Z","01.04.2025 09:15:14","INV2","COM4","slave_4","status",25215,"Мощность нагрузки","W",166,
"2025-04-01T06:15:14.856Z","01.04.2025 09:15:14","INV2","COM4","slave_4","status",25216,"Процент нагрузки","%",3,
"2025-04-01T06:15:15.169Z","01.04.2025 09:15:15","INV2","COM4","slave_4","status",25233,"Температура радиатора AC","C",49,
"2025-04-01T06:15:15.475Z","01.04.2025 09:15:15","INV2","COM4","slave_4","status",25234,"Температура трансформатора","C",63,
"2025-04-01T06:15:15.785Z","01.04.2025 09:15:15","INV2","COM4","slave_4","status",25235,"Температура радиатора DC","C",43,
"2025-04-01T06:15:16.093Z","01.04.2025 09:15:16","INV2","COM4","slave_4","energy",25245,"Накопленная зарядная энергия (старший байт)","kWh",0,
"2025-04-01T06:15:16.413Z","01.04.2025 09:15:16","INV2","COM4","slave_4","energy",25246,"Накопленная зарядная энергия (младший байт)","kWh",1080,
"2025-04-01T06:15:16.726Z","01.04.2025 09:15:16","INV2","COM4","slave_4","energy",25247,"Накопленная разрядная энергия (старший байт)","kWh",0,
"2025-04-01T06:15:17.033Z","01.04.2025 09:15:17","INV2","COM4","slave_4","energy",25248,"Накопленная разрядная энергия (младший байт)","kWh",43,
"2025-04-01T06:15:17.338Z","01.04.2025 09:15:17","INV2","COM4","slave_4","energy",25253,"Накопленная нагрузочная энергия (старший байт)","kWh",0,
"2025-04-01T06:15:17.642Z","01.04.2025 09:15:17","INV2","COM4","slave_4","energy",25254,"Накопленная нагрузочная энергия (младший байт)","kWh",7494,
"2025-04-01T06:15:17.945Z","01.04.2025 09:15:17","INV2","COM4","slave_4","error",25261,"Сообщение об ошибке 1","-",0,
"2025-04-01T06:15:18.247Z","01.04.2025 09:15:18","INV2","COM4","slave_4","error",25262,"Сообщение об ошибке 2","-",0,
"2025-04-01T06:15:18.555Z","01.04.2025 09:15:18","INV2","COM4","slave_4","error",25265,"Сообщение о предупреждении 1","-",0,
"2025-04-01T06:15:18.855Z","01.04.2025 09:15:18","INV2","COM4","slave_4","error",25266,"Сообщение о предупреждении 2","-",0,
"2025-04-01T06:15:19.172Z","01.04.2025 09:15:19","INV3","COM5","slave_4","info",20000,"Тип устройства (старший байт)","-",20566,
"2025-04-01T06:15:19.478Z","01.04.2025 09:15:19","INV3","COM5","slave_4","info",20001,"Тип устройства (младший байт)","-",1800,
"2025-04-01T06:15:19.775Z","01.04.2025 09:15:19","INV3","COM5","slave_4","info",20002,"Серийный номер (старший байт)","-",65535,
"2025-04-01T06:15:20.085Z","01.04.2025 09:15:20","INV3","COM5","slave_4","info",20003,"Серийный номер (младший байт)","-",65535,
"2025-04-01T06:15:20.383Z","01.04.2025 09:15:20","INV3","COM5","slave_4","info",20004,"Версия оборудования","-",10101,
"2025-04-01T06:15:20.695Z","01.04.2025 09:15:20","INV3","COM5","slave_4","info",20005,"Версия программного обеспечения","-",21706,
"2025-04-01T06:15:21.004Z","01.04.2025 09:15:21","INV3","COM5","slave_4","info",20006,"Версия протокола","-",10414,
"2025-04-01T06:15:21.309Z","01.04.2025 09:15:21","INV3","COM5","slave_4","status",25201,"Состояние работы","-",3,
"2025-04-01T06:15:21.614Z","01.04.2025 09:15:21","INV3","COM5","slave_4","status",25205,"Напряжение АКБ","V",548,
"2025-04-01T06:15:21.918Z","01.04.2025 09:15:21","INV3","COM5","slave_4","status",25206,"Выходное напряжение инвертора","V",2188,
"2025-04-01T06:15:22.219Z","01.04.2025 09:15:22","INV3","COM5","slave_4","status",25207,"Сетевое напряжение","V",2198,
"2025-04-01T06:15:22.531Z","01.04.2025 09:15:22","INV3","COM5","slave_4","status",25210,"Ток инвертора","A",6,
"2025-04-01T06:15:22.844Z","01.04.2025 09:15:22","INV3","COM5","slave_4","status",25213,"Мощность инвертора","W",65463,
"2025-04-01T06:15:23.151Z","01.04.2025 09:15:23","INV3","COM5","slave_4","status",25214,"Мощность сети","W",65162,
"2025-04-01T06:15:23.452Z","01.04.2025 09:15:23","INV3","COM5","slave_4","status",25215,"Мощность нагрузки","W",284,
"2025-04-01T06:15:23.760Z","01.04.2025 09:15:23","INV3","COM5","slave_4","status",25216,"Процент нагрузки","%",5,
"2025-04-01T06:15:24.058Z","01.04.2025 09:15:24","INV3","COM5","slave_4","status",25233,"Температура радиатора AC","C",52,
"2025-04-01T06:15:24.359Z","01.04.2025 09:15:24","INV3","COM5","slave_4","status",25234,"Температура трансформатора","C",64,
"2025-04-01T06:15:24.660Z","01.04.2025 09:15:24","INV3","COM5","slave_4","status",25235,"Температура радиатора DC","C",46,
"2025-04-01T06:15:24.982Z","01.04.2025 09:15:24","INV3","COM5","slave_4","energy",25245,"Накопленная зарядная энергия (старший байт)","kWh",0,
"2025-04-01T06:15:25.291Z","01.04.2025 09:15:25","INV3","COM5","slave_4","energy",25246,"Накопленная зарядная энергия (младший байт)","kWh",1089,
"2025-04-01T06:15:25.599Z","01.04.2025 09:15:25","INV3","COM5","slave_4","energy",25247,"Накопленная разрядная энергия (старший байт)","kWh",0,
"2025-04-01T06:15:25.913Z","01.04.2025 09:15:25","INV3","COM5","slave_4","energy",25248,"Накопленная разрядная энергия (младший байт)","kWh",44,
"2025-04-01T06:15:26.212Z","01.04.2025 09:15:26","INV3","COM5","slave_4","energy",25253,"Накопленная нагрузочная энергия (старший байт)","kWh",0,
"2025-04-01T06:15:26.515Z","01.04.2025 09:15:26","INV3","COM5","slave_4","energy",25254,"Накопленная нагрузочная энергия (младший байт)","kWh",6243,
"2025-04-01T06:15:26.825Z","01.04.2025 09:15:26","INV3","COM5","slave_4","error",25261,"Сообщение об ошибке 1","-",0,
"2025-04-01T06:15:27.146Z","01.04.2025 09:15:27","INV3","COM5","slave_4","error",25262,"Сообщение об ошибке 2","-",0,
"2025-04-01T06:15:27.473Z","01.04.2025 09:15:27","INV3","COM5","slave_4","error",25265,"Сообщение о предупреждении 1","-",0,
"2025-04-01T06:15:27.779Z","01.04.2025 09:15:27","INV3","COM5","slave_4","error",25266,"Сообщение о предупреждении 2","-",0,
"2025-04-01T06:30:00.927Z","01.04.2025 09:30:00","INV1","COM3","slave_4","info",20000,"Тип устройства (старший байт)","-",20566,
"2025-04-01T06:30:01.228Z","01.04.2025 09:30:01","INV1","COM3","slave_4","info",20001,"Тип устройства (младший байт)","-",1800,
"2025-04-01T06:30:01.527Z","01.04.2025 09:30:01","INV1","COM3","slave_4","info",20002,"Серийный номер (старший байт)","-",65535,
"2025-04-01T06:30:01.848Z","01.04.2025 09:30:01","INV1","COM3","slave_4","info",20003,"Серийный номер (младший байт)","-",65535,
"2025-04-01T06:30:02.153Z","01.04.2025 09:30:02","INV1","COM3","slave_4","info",20004,"Версия оборудования","-",10101,
"2025-04-01T06:30:02.453Z","01.04.2025 09:30:02","INV1","COM3","slave_4","info",20005,"Версия программного обеспечения","-",21706,
"2025-04-01T06:30:02.751Z","01.04.2025 09:30:02","INV1","COM3","slave_4","info",20006,"Версия протокола","-",10414,
"2025-04-01T06:30:03.052Z","01.04.2025 09:30:03","INV1","COM3","slave_4","status",25201,"Состояние работы","-",3,
"2025-04-01T06:30:03.373Z","01.04.2025 09:30:03","INV1","COM3","slave_4","status",25205,"Напряжение АКБ","V",548,
"2025-04-01T06:30:03.681Z","01.04.2025 09:30:03","INV1","COM3","slave_4","status",25206,"Выходное напряжение инвертора","V",2190,
"2025-04-01T06:30:03.989Z","01.04.2025 09:30:03","INV1","COM3","slave_4","status",25207,"Сетевое напряжение","V",2204,
"2025-04-01T06:30:04.303Z","01.04.2025 09:30:04","INV1","COM3","slave_4","status",25210,"Ток инвертора","A",6,
"2025-04-01T06:30:04.603Z","01.04.2025 09:30:04","INV1","COM3","slave_4","status",25213,"Мощность инвертора","W",65461,
"2025-04-01T06:30:04.910Z","01.04.2025 09:30:04","INV1","COM3","slave_4","status",25214,"Мощность сети","W",65302,
"2025-04-01T06:30:05.215Z","01.04.2025 09:30:05","INV1","COM3","slave_4","status",25215,"Мощность нагрузки","W",156,
"2025-04-01T06:30:05.521Z","01.04.2025 09:30:05","INV1","COM3","slave_4","status",25216,"Процент нагрузки","%",3,
"2025-04-01T06:30:05.837Z","01.04.2025 09:30:05","INV1","COM3","slave_4","status",25233,"Температура радиатора AC","C",55,
"2025-04-01T06:30:06.131Z","01.04.2025 09:30:06","INV1","COM3","slave_4","status",25234,"Температура трансформатора","C",62,
"2025-04-01T06:30:06.444Z","01.04.2025 09:30:06","INV1","COM3","slave_4","status",25235,"Температура радиатора DC","C",42,
"2025-04-01T06:30:06.741Z","01.04.2025 09:30:06","INV1","COM3","slave_4","energy",25245,"Накопленная зарядная энергия (старший байт)","kWh",0,
"2025-04-01T06:30:07.043Z","01.04.2025 09:30:07","INV1","COM3","slave_4","energy",25246,"Накопленная зарядная энергия (младший байт)","kWh",1064,
"2025-04-01T06:30:07.347Z","01.04.2025 09:30:07","INV1","COM3","slave_4","energy",25247,"Накопленная разрядная энергия (старший байт)","kWh",0,
"2025-04-01T06:30:07.671Z","01.04.2025 09:30:07","INV1","COM3","slave_4","energy",25248,"Накопленная разрядная энергия (младший байт)","kWh",44,
"2025-04-01T06:30:07.992Z","01.04.2025 09:30:07","INV1","COM3","slave_4","energy",25253,"Накопленная нагрузочная энергия (старший байт)","kWh",0,
"2025-04-01T06:30:08.295Z","01.04.2025 09:30:08","INV1","COM3","slave_4","energy",25254,"Накопленная нагрузочная энергия (младший байт)","kWh",3789,
"2025-04-01T06:30:08.608Z","01.04.2025 09:30:08","INV1","COM3","slave_4","error",25261,"Сообщение об ошибке 1","-",0,
"2025-04-01T06:30:08.918Z","01.04.2025 09:30:08","INV1","COM3","slave_4","error",25262,"Сообщение об ошибке 2","-",0,
"2025-04-01T06:30:09.232Z","01.04.2025 09:30:09","INV1","COM3","slave_4","error",25265,"Сообщение о предупреждении 1","-",0,
"2025-04-01T06:30:09.540Z","01.04.2025 09:30:09","INV1","COM3","slave_4","error",25266,"Сообщение о предупреждении 2","-",0,
"2025-04-01T06:30:09.848Z","01.04.2025 09:30:09","INV2","COM4","slave_4","info",20000,"Тип устройства (старший байт)","-",20566,
"2025-04-01T06:30:10.148Z","01.04.2025 09:30:10","INV2","COM4","slave_4","info",20001,"Тип устройства (младший байт)","-",1800,
"2025-04-01T06:30:10.444Z","01.04.2025 09:30:10","INV2","COM4","slave_4","info",20002,"Серийный номер (старший байт)","-",65535,
"2025-04-01T06:30:10.763Z","01.04.2025 09:30:10","INV2","COM4","slave_4","info",20003,"Серийный номер (младший байт)","-",65535,
"2025-04-01T06:30:11.077Z","01.04.2025 09:30:11","INV2","COM4","slave_4","info",20004,"Версия оборудования","-",10101,
"2025-04-01T06:30:11.402Z","01.04.2025 09:30:11","INV2","COM4","slave_4","info",20005,"Версия программного обеспечения","-",21706,
"2025-04-01T06:30:11.704Z","01.04.2025 09:30:11","INV2","COM4","slave_4","info",20006,"Версия протокола","-",10414,
"2025-04-01T06:30:12.015Z","01.04.2025 09:30:12","INV2","COM4","slave_4","status",25201,"Состояние работы","-",3,
"2025-04-01T06:30:12.323Z","01.04.2025 09:30:12","INV2","COM4","slave_4","status",25205,"Напряжение АКБ","V",547,
"2025-04-01T06:30:12.622Z","01.04.2025 09:30:12","INV2","COM4","slave_4","status",25206,"Выходное напряжение инвертора","V",2221,
"2025-04-01T06:30:12.935Z","01.04.2025 09:30:12","INV2","COM4","slave_4","status",25207,"Сетевое напряжение","V",2231,
"2025-04-01T06:30:13.240Z","01.04.2025 09:30:13","INV2","COM4","slave_4","status",25210,"Ток инвертора","A",6,
"2025-04-01T06:30:13.546Z","01.04.2025 09:30:13","INV2","COM4","slave_4","status",25213,"Мощность инвертора","W",65469,
"2025-04-01T06:30:13.853Z","01.04.2025 09:30:13","INV2","COM4","slave_4","status",25214,"Мощность сети","W",65285,
"2025-04-01T06:30:14.162Z","01.04.2025 09:30:14","INV2","COM4","slave_4","status",25215,"Мощность нагрузки","W",164,
"2025-04-01T06:30:14.479Z","01.04.2025 09:30:14","INV2","COM4","slave_4","status",25216,"Процент нагрузки","%",3,
"2025-04-01T06:30:14.793Z","01.04.2025 09:30:14","INV2","COM4","slave_4","status",25233,"Температура радиатора AC","C",49,
"2025-04-01T06:30:15.112Z","01.04.2025 09:30:15","INV2","COM4","slave_4","status",25234,"Температура трансформатора","C",63,
"2025-04-01T06:30:15.413Z","01.04.2025 09:30:15","INV2","COM4","slave_4","status",25235,"Температура радиатора DC","C",43,
"2025-04-01T06:30:15.722Z","01.04.2025 09:30:15","INV2","COM4","slave_4","energy",25245,"Накопленная зарядная энергия (старший байт)","kWh",0,
"2025-04-01T06:30:16.034Z","01.04.2025 09:30:16","INV2","COM4","slave_4","energy",25246,"Накопленная зарядная энергия (младший байт)","kWh",1080,
"2025-04-01T06:30:16.346Z","01.04.2025 09:30:16","INV2","COM4","slave_4","energy",25247,"Накопленная разрядная энергия (старший байт)","kWh",0,
"2025-04-01T06:30:16.658Z","01.04.2025 09:30:16","INV2","COM4","slave_4","energy",25248,"Накопленная разрядная энергия (младший байт)","kWh",43,
"2025-04-01T06:30:16.971Z","01.04.2025 09:30:16","INV2","COM4","slave_4","energy",25253,"Накопленная нагрузочная энергия (старший байт)","kWh",0,
"2025-04-01T06:30:17.277Z","01.04.2025 09:30:17","INV2","COM4","slave_4","energy",25254,"Накопленная нагрузочная энергия (младший байт)","kWh",7494,
"2025-04-01T06:30:17.590Z","01.04.2025 09:30:17","INV2","COM4","slave_4","error",25261,"Сообщение об ошибке 1","-",0,
"2025-04-01T06:30:17.901Z","01.04.2025 09:30:17","INV2","COM4","slave_4","error",25262,"Сообщение об ошибке 2","-",0,
"2025-04-01T06:30:18.215Z","01.04.2025 09:30:18","INV2","COM4","slave_4","error",25265,"Сообщение о предупреждении 1","-",0,
"2025-04-01T06:30:18.519Z","01.04.2025 09:30:18","INV2","COM4","slave_4","error",25266,"Сообщение о предупреждении 2","-",0,
"2025-04-01T06:30:18.819Z","01.04.2025 09:30:18","INV3","COM5","slave_4","info",20000,"Тип устройства (старший байт)","-",20566,
"2025-04-01T06:30:19.130Z","01.04.2025 09:30:19","INV3","COM5","slave_4","info",20001,"Тип устройства (младший байт)","-",1800,
"2025-04-01T06:30:19.443Z","01.04.2025 09:30:19","INV3","COM5","slave_4","info",20002,"Серийный номер (старший байт)","-",65535,
"2025-04-01T06:30:19.754Z","01.04.2025 09:30:19","INV3","COM5","slave_4","info",20003,"Серийный номер (младший байт)","-",65535,
"2025-04-01T06:30:20.075Z","01.04.2025 09:30:20","INV3","COM5","slave_4","info",20004,"Версия оборудования","-",10101,
"2025-04-01T06:30:20.381Z","01.04.2025 09:30:20","INV3","COM5","slave_4","info",20005,"Версия программного обеспечения","-",21706,
"2025-04-01T06:30:20.680Z","01.04.2025 09:30:20","INV3","COM5","slave_4","info",20006,"Версия протокола","-",10414,
"2025-04-01T06:30:20.988Z","01.04.2025 09:30:20","INV3","COM5","slave_4","status",25201,"Состояние работы","-",3,
"2025-04-01T06:30:21.285Z","01.04.2025 09:30:21","INV3","COM5","slave_4","status",25205,"Напряжение АКБ","V",548,
"2025-04-01T06:30:21.583Z","01.04.2025 09:30:21","INV3","COM5","slave_4","status",25206,"Выходное напряжение инвертора","V",2188,
"2025-04-01T06:30:21.880Z","01.04.2025 09:30:21","INV3","COM5","slave_4","status",25207,"Сетевое напряжение","V",2199,
"2025-04-01T06:30:22.184Z","01.04.2025 09:30:22","INV3","COM5","slave_4","status",25210,"Ток инвертора","A",6,
"2025-04-01T06:30:22.475Z","01.04.2025 09:30:22","INV3","COM5","slave_4","status",25213,"Мощность инвертора","W",65468,
"2025-04-01T06:30:22.783Z","01.04.2025 09:30:22","INV3","COM5","slave_4","status",25214,"Мощность сети","W",65147,
"2025-04-01T06:30:23.098Z","01.04.2025 09:30:23","INV3","COM5","slave_4","status",25215,"Мощность нагрузки","W",300,
"2025-04-01T06:30:23.403Z","01.04.2025 09:30:23","INV3","COM5","slave_4","status",25216,"Процент нагрузки","%",5,
"2025-04-01T06:30:23.710Z","01.04.2025 09:30:23","INV3","COM5","slave_4","status",25233,"Температура радиатора AC","C",52,
"2025-04-01T06:30:24.016Z","01.04.2025 09:30:24","INV3","COM5","slave_4","status",25234,"Температура трансформатора","C",64,
"2025-04-01T06:30:24.328Z","01.04.2025 09:30:24","INV3","COM5","slave_4","status",25235,"Температура радиатора DC","C",46,
"2025-04-01T06:30:24.653Z","01.04.2025 09:30:24","INV3","COM5","slave_4","energy",25245,"Накопленная зарядная энергия (старший байт)","kWh",0,
"2025-04-01T06:30:24.960Z","01.04.2025 09:30:24","INV3","COM5","slave_4","energy",25246,"Накопленная зарядная энергия (младший байт)","kWh",1089,
"2025-04-01T06:30:25.277Z","01.04.2025 09:30:25","INV3","COM5","slave_4","energy",25247,"Накопленная разрядная энергия (старший байт)","kWh",0,
"2025-04-01T06:30:25.574Z","01.04.2025 09:30:25","INV3","COM5","slave_4","energy",25248,"Накопленная разрядная энергия (младший байт)","kWh",44,
"2025-04-01T06:30:25.885Z","01.04.2025 09:30:25","INV3","COM5","slave_4","energy",25253,"Накопленная нагрузочная энергия (старший байт)","kWh",0,
"2025-04-01T06:30:26.187Z","01.04.2025 09:30:26","INV3","COM5","slave_4","energy",25254,"Накопленная нагрузочная энергия (младший байт)","kWh",6244,
"2025-04-01T06:30:26.490Z","01.04.2025 09:30:26","INV3","COM5","slave_4","error",25261,"Сообщение об ошибке 1","-",0,
"2025-04-01T06:30:26.789Z","01.04.2025 09:30:26","INV3","COM5","slave_4","error",25262,"Сообщение об ошибке 2","-",0,
"2025-04-01T06:30:27.103Z","01.04.2025 09:30:27","INV3","COM5","slave_4","error",25265,"Сообщение о предупреждении 1","-",0,
"2025-04-01T06:30:27.404Z","01.04.2025 09:30:27","INV3","COM5","slave_4","error",25266,"Сообщение о предупреждении 2","-",0,
"2025-04-01T06:45:00.404Z","01.04.2025 09:45:00","INV1","COM3","slave_4","info",20000,"Тип устройства (старший байт)","-",20566,
"2025-04-01T06:45:00.748Z","01.04.2025 09:45:00","INV1","COM3","slave_4","info",20001,"Тип устройства (младший байт)","-",1800,
"2025-04-01T06:45:01.063Z","01.04.2025 09:45:01","INV1","COM3","slave_4","info",20002,"Серийный номер (старший байт)","-",65535,
"2025-04-01T06:45:01.360Z","01.04.2025 09:45:01","INV1","COM3","slave_4","info",20003,"Серийный номер (младший байт)","-",65535,
"2025-04-01T06:45:01.679Z","01.04.2025 09:45:01","INV1","COM3","slave_4","info",20004,"Версия оборудования","-",10101,
"2025-04-01T06:45:01.990Z","01.04.2025 09:45:01","INV1","COM3","slave_4","info",20005,"Версия программного обеспечения","-",21706,
"2025-04-01T06:45:02.297Z","01.04.2025 09:45:02","INV1","COM3","slave_4","info",20006,"Версия протокола","-",10414,
"2025-04-01T06:45:02.600Z","01.04.2025 09:45:02","INV1","COM3","slave_4","status",25201,"Состояние работы","-",3,
"2025-04-01T06:45:02.904Z","01.04.2025 09:45:02","INV1","COM3","slave_4","status",25205,"Напряжение АКБ","V",548,
"2025-04-01T06:45:03.208Z","01.04.2025 09:45:03","INV1","COM3","slave_4","status",25206,"Выходное напряжение инвертора","V",2192,
"2025-04-01T06:45:03.508Z","01.04.2025 09:45:03","INV1","COM3","slave_4","status",25207,"Сетевое напряжение","V",2204,
"2025-04-01T06:45:03.817Z","01.04.2025 09:45:03","INV1","COM3","slave_4","status",25210,"Ток инвертора","A",5,
"2025-04-01T06:45:04.121Z","01.04.2025 09:45:04","INV1","COM3","slave_4","status",25213,"Мощность инвертора","W",65468,
"2025-04-01T06:45:04.422Z","01.04.2025 09:45:04","INV1","COM3","slave_4","status",25214,"Мощность сети","W",65305,
"2025-04-01T06:45:04.722Z","01.04.2025 09:45:04","INV1","COM3","slave_4","status",25215,"Мощность нагрузки","W",156,
"2025-04-01T06:45:05.035Z","01.04.2025 09:45:05","INV1","COM3","slave_4","status",25216,"Процент нагрузки","%",3,
"2025-04-01T06:45:05.338Z","01.04.2025 09:45:05","INV1","COM3","slave_4","status",25233,"Температура радиатора AC","C",55,
"2025-04-01T06:45:05.647Z","01.04.2025 09:45:05","INV1","COM3","slave_4","status",25234,"Температура трансформатора","C",62,
"2025-04-01T06:45:05.954Z","01.04.2025 09:45:05","INV1","COM3","slave_4","status",25235,"Температура радиатора DC","C",42,
"2025-04-01T06:45:06.258Z","01.04.2025 09:45:06","INV1","COM3","slave_4","energy",25245,"Накопленная зарядная энергия (старший байт)","kWh",0,
"2025-04-01T06:45:06.572Z","01.04.2025 09:45:06","INV1","COM3","slave_4","energy",25246,"Накопленная зарядная энергия (младший байт)","kWh",1064,
"2025-04-01T06:45:06.884Z","01.04.2025 09:45:06","INV1","COM3","slave_4","energy",25247,"Накопленная разрядная энергия (старший байт)","kWh",0,
"2025-04-01T06:45:07.185Z","01.04.2025 09:45:07","INV1","COM3","slave_4","energy",25248,"Накопленная разрядная энергия (младший байт)","kWh",44,
"2025-04-01T06:45:07.507Z","01.04.2025 09:45:07","INV1","COM3","slave_4","energy",25253,"Накопленная нагрузочная энергия (старший байт)","kWh",0,
"2025-04-01T06:45:07.819Z","01.04.2025 09:45:07","INV1","COM3","slave_4","energy",25254,"Накопленная нагрузочная энергия (младший байт)","kWh",3789,
"2025-04-01T06:45:08.123Z","01.04.2025 09:45:08","INV1","COM3","slave_4","error",25261,"Сообщение об ошибке 1","-",0,
"2025-04-01T06:45:08.433Z","01.04.2025 09:45:08","INV1","COM3","slave_4","error",25262,"Сообщение об ошибке 2","-",0,
"2025-04-01T06:45:08.743Z","01.04.2025 09:45:08","INV1","COM3","slave_4","error",25265,"Сообщение о предупреждении 1","-",0,
"2025-04-01T06:45:09.039Z","01.04.2025 09:45:09","INV1","COM3","slave_4","error",25266,"Сообщение о предупреждении 2","-",0,
"2025-04-01T06:45:09.350Z","01.04.2025 09:45:09","INV2","COM4","slave_4","info",20000,"Тип устройства (старший байт)","-",20566,
"2025-04-01T06:45:09.658Z","01.04.2025 09:45:09","INV2","COM4","slave_4","info",20001,"Тип устройства (младший байт)","-",1800,
"2025-04-01T06:45:09.965Z","01.04.2025 09:45:09","INV2","COM4","slave_4","info",20002,"Серийный номер (старший байт)","-",65535,
"2025-04-01T06:45:10.265Z","01.04.2025 09:45:10","INV2","COM4","slave_4","info",20003,"Серийный номер (младший байт)","-",65535,
"2025-04-01T06:45:10.571Z","01.04.2025 09:45:10","INV2","COM4","slave_4","info",20004,"Версия оборудования","-",10101,
"2025-04-01T06:45:10.870Z","01.04.2025 09:45:10","INV2","COM4","slave_4","info",20005,"Версия программного обеспечения","-",21706,
"2025-04-01T06:45:11.170Z","01.04.2025 09:45:11","INV2","COM4","slave_4","info",20006,"Версия протокола","-",10414,
"2025-04-01T06:45:11.466Z","01.04.2025 09:45:11","INV2","COM4","slave_4","status",25201,"Состояние работы","-",3,
"2025-04-01T06:45:11.763Z","01.04.2025 09:45:11","INV2","COM4","slave_4","status",25205,"Напряжение АКБ","V",548,
"2025-04-01T06:45:12.078Z","01.04.2025 09:45:12","INV2","COM4","slave_4","status",25206,"Выходное напряжение инвертора","V",2221,
"2025-04-01T06:45:12.382Z","01.04.2025 09:45:12","INV2","COM4","slave_4","status",25207,"Сетевое напряжение","V",2231,
"2025-04-01T06:45:12.687Z","01.04.2025 09:45:12","INV2","COM4","slave_4","status",25210,"Ток инвертора","A",4,
"2025-04-01T06:45:12.990Z","01.04.2025 09:45:12","INV2","COM4","slave_4","status",25213,"Мощность инвертора","W",65460,
"2025-04-01T06:45:13.296Z","01.04.2025 09:45:13","INV2","COM4","slave_4","status",25214,"Мощность сети","W",65283,
"2025-04-01T06:45:13.601Z","01.04.2025 09:45:13","INV2","COM4","slave_4","status",25215,"Мощность нагрузки","W",171,
"2025-04-01T06:45:13.922Z","01.04.2025 09:45:13","INV2","COM4","slave_4","status",25216,"Процент нагрузки","%",3,
"2025-04-01T06:45:14.236Z","01.04.2025 09:45:14","INV2","COM4","slave_4","status",25233,"Температура радиатора AC","C",49,
"2025-04-01T06:45:14.559Z","01.04.2025 09:45:14","INV2","COM4","slave_4","status",25234,"Температура трансформатора","C",63,
"2025-04-01T06:45:14.873Z","01.04.2025 09:45:14","INV2","COM4","slave_4","status",25235,"Температура радиатора DC","C",43,
"2025-04-01T06:45:15.174Z","01.04.2025 09:45:15","INV2","COM4","slave_4","energy",25245,"Накопленная зарядная энергия (старший байт)","kWh",0,
"2025-04-01T06:45:15.484Z","01.04.2025 09:45:15","INV2","COM4","slave_4","energy",25246,"Накопленная зарядная энергия (младший байт)","kWh",1080,
"2025-04-01T06:45:15.782Z","01.04.2025 09:45:15","INV2","COM4","slave_4","energy",25247,"Накопленная разрядная энергия (старший байт)","kWh",0,
"2025-04-01T06:45:16.090Z","01.04.2025 09:45:16","INV2","COM4","slave_4","energy",25248,"Накопленная разрядная энергия (младший байт)","kWh",43,
"2025-04-01T06:45:16.406Z","01.04.2025 09:45:16","INV2","COM4","slave_4","energy",25253,"Накопленная нагрузочная энергия (старший байт)","kWh",0,
"2025-04-01T06:45:16.708Z","01.04.2025 09:45:16","INV2","COM4","slave_4","energy",25254,"Накопленная нагрузочная энергия (младший байт)","kWh",7494,
"2025-04-01T06:45:17.009Z","01.04.2025 09:45:17","INV2","COM4","slave_4","error",25261,"Сообщение об ошибке 1","-",0,
"2025-04-01T06:45:17.313Z","01.04.2025 09:45:17","INV2","COM4","slave_4","error",25262,"Сообщение об ошибке 2","-",0,
"2025-04-01T06:45:17.627Z","01.04.2025 09:45:17","INV2","COM4","slave_4","error",25265,"Сообщение о предупреждении 1","-",0,
"2025-04-01T06:45:17.930Z","01.04.2025 09:45:17","INV2","COM4","slave_4","error",25266,"Сообщение о предупреждении 2","-",0,
"2025-04-01T06:45:18.236Z","01.04.2025 09:45:18","INV3","COM5","slave_4","info",20000,"Тип устройства (старший байт)","-",20566,
"2025-04-01T06:45:18.542Z","01.04.2025 09:45:18","INV3","COM5","slave_4","info",20001,"Тип устройства (младший байт)","-",1800,
"2025-04-01T06:45:18.854Z","01.04.2025 09:45:18","INV3","COM5","slave_4","info",20002,"Серийный номер (старший байт)","-",65535,
"2025-04-01T06:45:19.154Z","01.04.2025 09:45:19","INV3","COM5","slave_4","info",20003,"Серийный номер (младший байт)","-",65535,
"2025-04-01T06:45:19.462Z","01.04.2025 09:45:19","INV3","COM5","slave_4","info",20004,"Версия оборудования","-",10101,
"2025-04-01T06:45:19.775Z","01.04.2025 09:45:19","INV3","COM5","slave_4","info",20005,"Версия программного обеспечения","-",21706,
"2025-04-01T06:45:20.079Z","01.04.2025 09:45:20","INV3","COM5","slave_4","info",20006,"Версия протокола","-",10414,
"2025-04-01T06:45:20.379Z","01.04.2025 09:45:20","INV3","COM5","slave_4","status",25201,"Состояние работы","-",3,
"2025-04-01T06:45:20.692Z","01.04.2025 09:45:20","INV3","COM5","slave_4","status",25205,"Напряжение АКБ","V",548,
"2025-04-01T06:45:21.001Z","01.04.2025 09:45:21","INV3","COM5","slave_4","status",25206,"Выходное напряжение инвертора","V",2190,
"2025-04-01T06:45:21.306Z","01.04.2025 09:45:21","INV3","COM5","slave_4","status",25207,"Сетевое напряжение","V",2200,
"2025-04-01T06:45:21.601Z","01.04.2025 09:45:21","INV3","COM5","slave_4","status",25210,"Ток инвертора","A",4,
"2025-04-01T06:45:21.902Z","01.04.2025 09:45:21","INV3","COM5","slave_4","status",25213,"Мощность инвертора","W",65464,
"2025-04-01T06:45:22.199Z","01.04.2025 09:45:22","INV3","COM5","slave_4","status",25214,"Мощность сети","W",65156,
"2025-04-01T06:45:22.510Z","01.04.2025 09:45:22","INV3","COM5","slave_4","status",25215,"Мощность нагрузки","W",294,
"2025-04-01T06:45:22.828Z","01.04.2025 09:45:22","INV3","COM5","slave_4","status",25216,"Процент нагрузки","%",5,
"2025-04-01T06:45:23.134Z","01.04.2025 09:45:23","INV3","COM5","slave_4","status",25233,"Температура радиатора AC","C",52,
"2025-04-01T06:45:23.449Z","01.04.2025 09:45:23","INV3","COM5","slave_4","status",25234,"Температура трансформатора","C",64,
"2025-04-01T06:45:23.767Z","01.04.2025 09:45:23","INV3","COM5","slave_4","status",25235,"Температура радиатора DC","C",46,
"2025-04-01T06:45:24.093Z","01.04.2025 09:45:24","INV3","COM5","slave_4","energy",25245,"Накопленная зарядная энергия (старший байт)","kWh",0,
"2025-04-01T06:45:24.406Z","01.04.2025 09:45:24","INV3","COM5","slave_4","energy",25246,"Накопленная зарядная энергия (младший байт)","kWh",1089,
"2025-04-01T06:45:24.709Z","01.04.2025 09:45:24","INV3","COM5","slave_4","energy",25247,"Накопленная разрядная энергия (старший байт)","kWh",0,
"2025-04-01T06:45:25.008Z","01.04.2025 09:45:25","INV3","COM5","slave_4","energy",25248,"Накопленная разрядная энергия (младший байт)","kWh",44,
"2025-04-01T06:45:25.309Z","01.04.2025 09:45:25","INV3","COM5","slave_4","energy",25253,"Накопленная нагрузочная энергия (старший байт)","kWh",0,
"2025-04-01T06:45:25.612Z","01.04.2025 09:45:25","INV3","COM5","slave_4","energy",25254,"Накопленная нагрузочная энергия (младший байт)","kWh",6245,
"2025-04-01T06:45:25.928Z","01.04.2025 09:45:25","INV3","COM5","slave_4","error",25261,"Сообщение об ошибке 1","-",0,
"2025-04-01T06:45:26.231Z","01.04.2025 09:45:26","INV3","COM5","slave_4","error",25262,"Сообщение об ошибке 2","-",0,
"2025-04-01T06:45:26.531Z","01.04.2025 09:45:26","INV3","COM5","slave_4","error",25265,"Сообщение о предупреждении 1","-",0,
"2025-04-01T06:45:26.841Z","01.04.2025 09:45:26","INV3","COM5","slave_4","error",25266,"Сообщение о предупреждении 2","-",0,
"2025-04-01T07:00:00.321Z","01.04.2025 10:00:00","INV1","COM3","slave_4","info",20000,"Тип устройства (старший байт)","-",20566,
"2025-04-01T07:00:00.632Z","01.04.2025 10:00:00","INV1","COM3","slave_4","info",20001,"Тип устройства (младший байт)","-",1800,
"2025-04-01T07:00:00.943Z","01.04.2025 10:00:00","INV1","COM3","slave_4","info",20002,"Серийный номер (старший байт)","-",65535,
"2025-04-01T07:00:01.244Z","01.04.2025 10:00:01","INV1","COM3","slave_4","info",20003,"Серийный номер (младший байт)","-",65535,
"2025-04-01T07:00:01.564Z","01.04.2025 10:00:01","INV1","COM3","slave_4","info",20004,"Версия оборудования","-",10101,
"2025-04-01T07:00:01.866Z","01.04.2025 10:00:01","INV1","COM3","slave_4","info",20005,"Версия программного обеспечения","-",21706,
"2025-04-01T07:00:02.180Z","01.04.2025 10:00:02","INV1","COM3","slave_4","info",20006,"Версия протокола","-",10414,
"2025-04-01T07:00:02.475Z","01.04.2025 10:00:02","INV1","COM3","slave_4","status",25201,"Состояние работы","-",3,
"2025-04-01T07:00:02.778Z","01.04.2025 10:00:02","INV1","COM3","slave_4","status",25205,"Напряжение АКБ","V",548,
"2025-04-01T07:00:03.075Z","01.04.2025 10:00:03","INV1","COM3","slave_4","status",25206,"Выходное напряжение инвертора","V",2193,
"2025-04-01T07:00:03.381Z","01.04.2025 10:00:03","INV1","COM3","slave_4","status",25207,"Сетевое напряжение","V",2208,
"2025-04-01T07:00:03.692Z","01.04.2025 10:00:03","INV1","COM3","slave_4","status",25210,"Ток инвертора","A",5,
"2025-04-01T07:00:03.997Z","01.04.2025 10:00:03","INV1","COM3","slave_4","status",25213,"Мощность инвертора","W",65467,
"2025-04-01T07:00:04.299Z","01.04.2025 10:00:04","INV1","COM3","slave_4","status",25214,"Мощность сети","W",65302,
"2025-04-01T07:00:04.591Z","01.04.2025 10:00:04","INV1","COM3","slave_4","status",25215,"Мощность нагрузки","W",149,
"2025-04-01T07:00:04.900Z","01.04.2025 10:00:04","INV1","COM3","slave_4","status",25216,"Процент нагрузки","%",3,
"2025-04-01T07:00:05.214Z","01.04.2025 10:00:05","INV1","COM3","slave_4","status",25233,"Температура радиатора AC","C",55,
"2025-04-01T07:00:05.526Z","01.04.2025 10:00:05","INV1","COM3","slave_4","status",25234,"Температура трансформатора","C",62,
"2025-04-01T07:00:05.842Z","01.04.2025 10:00:05","INV1","COM3","slave_4","status",25235,"Температура радиатора DC","C",42,
"2025-04-01T07:00:06.147Z","01.04.2025 10:00:06","INV1","COM3","slave_4","energy",25245,"Накопленная зарядная энергия (старший байт)","kWh",0,
"2025-04-01T07:00:06.451Z","01.04.2025 10:00:06","INV1","COM3","slave_4","energy",25246,"Накопленная зарядная энергия (младший байт)","kWh",1064,
"2025-04-01T07:00:06.749Z","01.04.2025 10:00:06","INV1","COM3","slave_4","energy",25247,"Накопленная разрядная энергия (старший байт)","kWh",0,
"2025-04-01T07:00:07.061Z","01.04.2025 10:00:07","INV1","COM3","slave_4","energy",25248,"Накопленная разрядная энергия (младший байт)","kWh",44,
"2025-04-01T07:00:07.371Z","01.04.2025 10:00:07","INV1","COM3","slave_4","energy",25253,"Накопленная нагрузочная энергия (старший байт)","kWh",0,
"2025-04-01T07:00:07.686Z","01.04.2025 10:00:07","INV1","COM3","slave_4","energy",25254,"Накопленная нагрузочная энергия (младший байт)","kWh",3790,
"2025-04-01T07:00:07.996Z","01.04.2025 10:00:07","INV1","COM3","slave_4","error",25261,"Сообщение об ошибке 1","-",0,
"2025-04-01T07:00:08.305Z","01.04.2025 10:00:08","INV1","COM3","slave_4","error",25262,"Сообщение об ошибке 2","-",0,
"2025-04-01T07:00:08.615Z","01.04.2025 10:00:08","INV1","COM3","slave_4","error",25265,"Сообщение о предупреждении 1","-",0,
"2025-04-01T07:00:08.922Z","01.04.2025 10:00:08","INV1","COM3","slave_4","error",25266,"Сообщение о предупреждении 2","-",0,
"2025-04-01T07:00:09.229Z","01.04.2025 10:00:09","INV2","COM4","slave_4","info",20000,"Тип устройства (старший байт)","-",20566,
"2025-04-01T07:00:09.560Z","01.04.2025 10:00:09","INV2","COM4","slave_4","info",20001,"Тип устройства (младший байт)","-",1800,
"2025-04-01T07:00:09.870Z","01.04.2025 10:00:09","INV2","COM4","slave_4","info",20002,"Серийный номер (старший байт)","-",65535,
"2025-04-01T07:00:10.177Z","01.04.2025 10:00:10","INV2","COM4","slave_4","info",20003,"Серийный номер (младший байт)","-",65535,
"2025-04-01T07:00:10.475Z","01.04.2025 10:00:10","INV2","COM4","slave_4","info",20004,"Версия оборудования","-",10101,
"2025-04-01T07:00:10.787Z","01.04.2025 10:00:10","INV2","COM4","slave_4","info",20005,"Версия программного обеспечения","-",21706,
"2025-04-01T07:00:11.094Z","01.04.2025 10:00:11","INV2","COM4","slave_4","info",20006,"Версия протокола","-",10414,
"2025-04-01T07:00:11.389Z","01.04.2025 10:00:11","INV2","COM4","slave_4","status",25201,"Состояние работы","-",3,
"2025-04-01T07:00:11.695Z","01.04.2025 10:00:11","INV2","COM4","slave_4","status",25205,"Напряжение АКБ","V",548,
"2025-04-01T07:00:12.020Z","01.04.2025 10:00:12","INV2","COM4","slave_4","status",25206,"Выходное напряжение инвертора","V",2219,
"2025-04-01T07:00:12.330Z","01.04.2025 10:00:12","INV2","COM4","slave_4","status",25207,"Сетевое напряжение","V",2231,
"2025-04-01T07:00:12.638Z","01.04.2025 10:00:12","INV2","COM4","slave_4","status",25210,"Ток инвертора","A",4,
"2025-04-01T07:00:12.959Z","01.04.2025 10:00:12","INV2","COM4","slave_4","status",25213,"Мощность инвертора","W",65468,
"2025-04-01T07:00:13.271Z","01.04.2025 10:00:13","INV2","COM4","slave_4","status",25214,"Мощность сети","W",65279,
"2025-04-01T07:00:13.576Z","01.04.2025 10:00:13","INV2","COM4","slave_4","status",25215,"Мощность нагрузки","W",172,
"2025-04-01T07:00:13.876Z","01.04.2025 10:00:13","INV2","COM4","slave_4","status",25216,"Процент нагрузки","%",3,
"2025-04-01T07:00:14.173Z","01.04.2025 10:00:14","INV2","COM4","slave_4","status",25233,"Температура радиатора AC","C",48,
"2025-04-01T07:00:14.478Z","01.04.2025 10:00:14","INV2","COM4","slave_4","status",25234,"Температура трансформатора","C",63,
"2025-04-01T07:00:14.793Z","01.04.2025 10:00:14","INV2","COM4","slave_4","status",25235,"Температура радиатора DC","C",43,
"2025-04-01T07:00:15.102Z","01.04.2025 10:00:15","INV2","COM4","slave_4","energy",25245,"Накопленная зарядная энергия (старший байт)","kWh",0,
"2025-04-01T07:00:15.424Z","01.04.2025 10:00:15","INV2","COM4","slave_4","energy",25246,"Накопленная зарядная энергия (младший байт)","kWh",1080,
"2025-04-01T07:00:15.726Z","01.04.2025 10:00:15","INV2","COM4","slave_4","energy",25247,"Накопленная разрядная энергия (старший байт)","kWh",0,
"2025-04-01T07:00:16.038Z","01.04.2025 10:00:16","INV2","COM4","slave_4","energy",25248,"Накопленная разрядная энергия (младший байт)","kWh",43,
"2025-04-01T07:00:16.335Z","01.04.2025 10:00:16","INV2","COM4","slave_4","energy",25253,"Накопленная нагрузочная энергия (старший байт)","kWh",0,
"2025-04-01T07:00:16.651Z","01.04.2025 10:00:16","INV2","COM4","slave_4","energy",25254,"Накопленная нагрузочная энергия (младший байт)","kWh",7495,
"2025-04-01T07:00:16.955Z","01.04.2025 10:00:16","INV2","COM4","slave_4","error",25261,"Сообщение об ошибке 1","-",0,
"2025-04-01T07:00:17.274Z","01.04.2025 10:00:17","INV2","COM4","slave_4","error",25262,"Сообщение об ошибке 2","-",0,
"2025-04-01T07:00:17.586Z","01.04.2025 10:00:17","INV2","COM4","slave_4","error",25265,"Сообщение о предупреждении 1","-",0,
"2025-04-01T07:00:17.900Z","01.04.2025 10:00:17","INV2","COM4","slave_4","error",25266,"Сообщение о предупреждении 2","-",0,
"2025-04-01T07:00:18.210Z","01.04.2025 10:00:18","INV3","COM5","slave_4","info",20000,"Тип устройства (старший байт)","-",20566,
"2025-04-01T07:00:18.508Z","01.04.2025 10:00:18","INV3","COM5","slave_4","info",20001,"Тип устройства (младший байт)","-",1800,
"2025-04-01T07:00:18.814Z","01.04.2025 10:00:18","INV3","COM5","slave_4","info",20002,"Серийный номер (старший байт)","-",65535,
"2025-04-01T07:00:19.115Z","01.04.2025 10:00:19","INV3","COM5","slave_4","info",20003,"Серийный номер (младший байт)","-",65535,
"2025-04-01T07:00:19.413Z","01.04.2025 10:00:19","INV3","COM5","slave_4","info",20004,"Версия оборудования","-",10101,
"2025-04-01T07:00:19.711Z","01.04.2025 10:00:19","INV3","COM5","slave_4","info",20005,"Версия программного обеспечения","-",21706,
"2025-04-01T07:00:20.010Z","01.04.2025 10:00:20","INV3","COM5","slave_4","info",20006,"Версия протокола","-",10414,
"2025-04-01T07:00:20.310Z","01.04.2025 10:00:20","INV3","COM5","slave_4","status",25201,"Состояние работы","-",3,
"2025-04-01T07:00:20.626Z","01.04.2025 10:00:20","INV3","COM5","slave_4","status",25205,"Напряжение АКБ","V",548,
"2025-04-01T07:00:20.935Z","01.04.2025 10:00:20","INV3","COM5","slave_4","status",25206,"Выходное напряжение инвертора","V",2189,
"2025-04-01T07:00:21.239Z","01.04.2025 10:00:21","INV3","COM5","slave_4","status",25207,"Сетевое напряжение","V",2200,
"2025-04-01T07:00:21.553Z","01.04.2025 10:00:21","INV3","COM5","slave_4","status",25210,"Ток инвертора","A",4,
"2025-04-01T07:00:21.873Z","01.04.2025 10:00:21","INV3","COM5","slave_4","status",25213,"Мощность инвертора","W",65466,
"2025-04-01T07:00:22.177Z","01.04.2025 10:00:22","INV3","COM5","slave_4","status",25214,"Мощность сети","W",65127,
"2025-04-01T07:00:22.494Z","01.04.2025 10:00:22","INV3","COM5","slave_4","status",25215,"Мощность нагрузки","W",324,
"2025-04-01T07:00:22.804Z","01.04.2025 10:00:22","INV3","COM5","slave_4","status",25216,"Процент нагрузки","%",6,
"2025-04-01T07:00:23.110Z","01.04.2025 10:00:23","INV3","COM5","slave_4","status",25233,"Температура радиатора AC","C",51,
"2025-04-01T07:00:23.426Z","01.04.2025 10:00:23","INV3","COM5","slave_4","status",25234,"Температура трансформатора","C",64,
"2025-04-01T07:00:23.741Z","01.04.2025 10:00:23","INV3","COM5","slave_4","status",25235,"Температура радиатора DC","C",46,
"2025-04-01T07:00:24.049Z","01.04.2025 10:00:24","INV3","COM5","slave_4","energy",25245,"Накопленная зарядная энергия (старший байт)","kWh",0,
"2025-04-01T07:00:24.365Z","01.04.2025 10:00:24","INV3","COM5","slave_4","energy",25246,"Накопленная зарядная энергия (младший байт)","kWh",1089,
"2025-04-01T07:00:24.665Z","01.04.2025 10:00:24","INV3","COM5","slave_4","energy",25247,"Накопленная разрядная энергия (старший байт)","kWh",0,
"2025-04-01T07:00:24.974Z","01.04.2025 10:00:24","INV3","COM5","slave_4","energy",25248,"Накопленная разрядная энергия (младший байт)","kWh",44,
"2025-04-01T07:00:25.277Z","01.04.2025 10:00:25","INV3","COM5","slave_4","energy",25253,"Накопленная нагрузочная энергия (старший байт)","kWh",0,
"2025-04-01T07:00:25.589Z","01.04.2025 10:00:25","INV3","COM5","slave_4","energy",25254,"Накопленная нагрузочная энергия (младший байт)","kWh",6246,
"2025-04-01T07:00:25.902Z","01.04.2025 10:00:25","INV3","COM5","slave_4","error",25261,"Сообщение об ошибке 1","-",0,
"2025-04-01T07:00:26.210Z","01.04.2025 10:00:26","INV3","COM5","slave_4","error",25262,"Сообщение об ошибке 2","-",0,
"2025-04-01T07:00:26.506Z","01.04.2025 10:00:26","INV3","COM5","slave_4","error",25265,"Сообщение о предупреждении 1","-",0,
"2025-04-01T07:00:26.807Z","01.04.2025 10:00:26","INV3","COM5","slave_4","error",25266,"Сообщение о предупреждении 2","-",0,
"2025-04-01T07:15:00.994Z","01.04.2025 10:15:00","INV1","COM3","slave_4","info",20000,"Тип устройства (старший байт)","-",20566,
"2025-04-01T07:15:01.318Z","01.04.2025 10:15:01","INV1","COM3","slave_4","info",20001,"Тип устройства (младший байт)","-",1800,
"2025-04-01T07:15:01.618Z","01.04.2025 10:15:01","INV1","COM3","slave_4","info",20002,"Серийный номер (старший байт)","-",65535,
"2025-04-01T07:15:01.922Z","01.04.2025 10:15:01","INV1","COM3","slave_4","info",20003,"Серийный номер (младший байт)","-",65535,
"2025-04-01T07:15:02.243Z","01.04.2025 10:15:02","INV1","COM3","slave_4","info",20004,"Версия оборудования","-",10101,
"2025-04-01T07:15:02.552Z","01.04.2025 10:15:02","INV1","COM3","slave_4","info",20005,"Версия программного обеспечения","-",21706,
"2025-04-01T07:15:02.860Z","01.04.2025 10:15:02","INV1","COM3","slave_4","info",20006,"Версия протокола","-",10414,
"2025-04-01T07:15:03.159Z","01.04.2025 10:15:03","INV1","COM3","slave_4","status",25201,"Состояние работы","-",3,
"2025-04-01T07:15:03.475Z","01.04.2025 10:15:03","INV1","COM3","slave_4","status",25205,"Напряжение АКБ","V",548,
"2025-04-01T07:15:03.772Z","01.04.2025 10:15:03","INV1","COM3","slave_4","status",25206,"Выходное напряжение инвертора","V",2194,
"2025-04-01T07:15:04.094Z","01.04.2025 10:15:04","INV1","COM3","slave_4","status",25207,"Сетевое напряжение","V",2201,
"2025-04-01T07:15:04.392Z","01.04.2025 10:15:04","INV1","COM3","slave_4","status",25210,"Ток инвертора","A",4,
"2025-04-01T07:15:04.715Z","01.04.2025 10:15:04","INV1","COM3","slave_4","status",25213,"Мощность инвертора","W",65456,
"2025-04-01T07:15:05.022Z","01.04.2025 10:15:05","INV1","COM3","slave_4","status",25214,"Мощность сети","W",65304,
"2025-04-01T07:15:05.320Z","01.04.2025 10:15:05","INV1","COM3","slave_4","status",25215,"Мощность нагрузки","W",154,
"2025-04-01T07:15:05.643Z","01.04.2025 10:15:05","INV1","COM3","slave_4","status",25216,"Процент нагрузки","%",3,
"2025-04-01T07:15:05.955Z","01.04.2025 10:15:05","INV1","COM3","slave_4","status",25233,"Температура радиатора AC","C",55,
"2025-04-01T07:15:06.258Z","01.04.2025 10:15:06","INV1","COM3","slave_4","status",25234,"Температура трансформатора","C",62,
"2025-04-01T07:15:06.561Z","01.04.2025 10:15:06","INV1","COM3","slave_4","status",25235,"Температура радиатора DC","C",42,
"2025-04-01T07:15:06.866Z","01.04.2025 10:15:06","INV1","COM3","slave_4","energy",25245,"Накопленная зарядная энергия (старший байт)","kWh",0,
"2025-04-01T07:15:07.180Z","01.04.2025 10:15:07","INV1","COM3","slave_4","energy",25246,"Накопленная зарядная энергия (младший байт)","kWh",1065,
"2025-04-01T07:15:07.479Z","01.04.2025 10:15:07","INV1","COM3","slave_4","energy",25247,"Накопленная разрядная энергия (старший байт)","kWh",0,
"2025-04-01T07:15:07.795Z","01.04.2025 10:15:07","INV1","COM3","slave_4","energy",25248,"Накопленная разрядная энергия (младший байт)","kWh",44,
"2025-04-01T07:15:08.111Z","01.04.2025 10:15:08","INV1","COM3","slave_4","energy",25253,"Накопленная нагрузочная энергия (старший байт)","kWh",0,
"2025-04-01T07:15:08.437Z","01.04.2025 10:15:08","INV1","COM3","slave_4","energy",25254,"Накопленная нагрузочная энергия (младший байт)","kWh",3790,
"2025-04-01T07:15:08.746Z","01.04.2025 10:15:08","INV1","COM3","slave_4","error",25261,"Сообщение об ошибке 1","-",0,
"2025-04-01T07:15:09.047Z","01.04.2025 10:15:09","INV1","COM3","slave_4","error",25262,"Сообщение об ошибке 2","-",0,
"2025-04-01T07:15:09.365Z","01.04.2025 10:15:09","INV1","COM3","slave_4","error",25265,"Сообщение о предупреждении 1","-",0,
"2025-04-01T07:15:09.666Z","01.04.2025 10:15:09","INV1","COM3","slave_4","error",25266,"Сообщение о предупреждении 2","-",0,
"2025-04-01T07:15:09.996Z","01.04.2025 10:15:09","INV2","COM4","slave_4","info",20000,"Тип устройства (старший байт)","-",20566,
"2025-04-01T07:15:10.295Z","01.04.2025 10:15:10","INV2","COM4","slave_4","info",20001,"Тип устройства (младший байт)","-",1800,
"2025-04-01T07:15:10.602Z","01.04.2025 10:15:10","INV2","COM4","slave_4","info",20002,"Серийный номер (старший байт)","-",65535,
"2025-04-01T07:15:10.925Z","01.04.2025 10:15:10","INV2","COM4","slave_4","info",20003,"Серийный номер (младший байт)","-",65535,
"2025-04-01T07:15:11.223Z","01.04.2025 10:15:11","INV2","COM4","slave_4","info",20004,"Версия оборудования","-",10101,
"2025-04-01T07:15:11.529Z","01.04.2025 10:15:11","INV2","COM4","slave_4","info",20005,"Версия программного обеспечения","-",21706,
"2025-04-01T07:15:11.827Z","01.04.2025 10:15:11","INV2","COM4","slave_4","info",20006,"Версия протокола","-",10414,
"2025-04-01T07:15:12.133Z","01.04.2025 10:15:12","INV2","COM4","slave_4","status",25201,"Состояние работы","-",3,
"2025-04-01T07:15:12.440Z","01.04.2025 10:15:12","INV2","COM4","slave_4","status",25205,"Напряжение АКБ","V",548,
"2025-04-01T07:15:12.734Z","01.04.2025 10:15:12","INV2","COM4","slave_4","status",25206,"Выходное напряжение инвертора","V",2221,
"2025-04-01T07:15:13.050Z","01.04.2025 10:15:13","INV2","COM4","slave_4","status",25207,"Сетевое напряжение","V",2234,
"2025-04-01T07:15:13.349Z","01.04.2025 10:15:13","INV2","COM4","slave_4","status",25210,"Ток инвертора","A",4,
"2025-04-01T07:15:13.654Z","01.04.2025 10:15:13","INV2","COM4","slave_4","status",25213,"Мощность инвертора","W",65462,
"2025-04-01T07:15:13.963Z","01.04.2025 10:15:13","INV2","COM4","slave_4","status",25214,"Мощность сети","W",65274,
"2025-04-01T07:15:14.264Z","01.04.2025 10:15:14","INV2","COM4","slave_4","status",25215,"Мощность нагрузки","W",171,
"2025-04-01T07:15:14.572Z","01.04.2025 10:15:14","INV2","COM4","slave_4","status",25216,"Процент нагрузки","%",3,
"2025-04-01T07:15:14.868Z","01.04.2025 10:15:14","INV2","COM4","slave_4","status",25233,"Температура радиатора AC","C",48,
"2025-04-01T07:15:15.191Z","01.04.2025 10:15:15","INV2","COM4","slave_4","status",25234,"Температура трансформатора","C",63,
"2025-04-01T07:15:15.486Z","01.04.2025 10:15:15","INV2","COM4","slave_4","status",25235,"Температура радиатора DC","C",43,
"2025-04-01T07:15:15.807Z","01.04.2025 10:15:15","INV2","COM4","slave_4","energy",25245,"Накопленная зарядная энергия (старший байт)","kWh",0,
"2025-04-01T07:15:16.112Z","01.04.2025 10:15:16","INV2","COM4","slave_4","energy",25246,"Накопленная зарядная энергия (младший байт)","kWh",1081,
"2025-04-01T07:15:16.421Z","01.04.2025 10:15:16","INV2","COM4","slave_4","energy",25247,"Накопленная разрядная энергия (старший байт)","kWh",0,
"2025-04-01T07:15:16.724Z","01.04.2025 10:15:16","INV2","COM4","slave_4","energy",25248,"Накопленная разрядная энергия (младший байт)","kWh",43,
"2025-04-01T07:15:17.033Z","01.04.2025 10:15:17","INV2","COM4","slave_4","energy",25253,"Накопленная нагрузочная энергия (старший байт)","kWh",0,
"2025-04-01T07:15:17.347Z","01.04.2025 10:15:17","INV2","COM4","slave_4","energy",25254,"Накопленная нагрузочная энергия (младший байт)","kWh",7495,
"2025-04-01T07:15:17.650Z","01.04.2025 10:15:17","INV2","COM4","slave_4","error",25261,"Сообщение об ошибке 1","-",0,
"2025-04-01T07:15:17.961Z","01.04.2025 10:15:17","INV2","COM4","slave_4","error",25262,"Сообщение об ошибке 2","-",0,
"2025-04-01T07:15:18.264Z","01.04.2025 10:15:18","INV2","COM4","slave_4","error",25265,"Сообщение о предупреждении 1","-",0,
"2025-04-01T07:15:18.567Z","01.04.2025 10:15:18","INV2","COM4","slave_4","error",25266,"Сообщение о предупреждении 2","-",0,
"2025-04-01T07:15:18.881Z","01.04.2025 10:15:18","INV3","COM5","slave_4","info",20000,"Тип устройства (старший байт)","-",20566,
"2025-04-01T07:15:19.199Z","01.04.2025 10:15:19","INV3","COM5","slave_4","info",20001,"Тип устройства (младший байт)","-",1800,
"2025-04-01T07:15:19.511Z","01.04.2025 10:15:19","INV3","COM5","slave_4","info",20002,"Серийный номер (старший байт)","-",65535,
"2025-04-01T07:15:19.809Z","01.04.2025 10:15:19","INV3","COM5","slave_4","info",20003,"Серийный номер (младший байт)","-",65535,
"2025-04-01T07:15:20.130Z","01.04.2025 10:15:20","INV3","COM5","slave_4","info",20004,"Версия оборудования","-",10101,
"2025-04-01T07:15:20.442Z","01.04.2025 10:15:20","INV3","COM5","slave_4","info",20005,"Версия программного обеспечения","-",21706,
"2025-04-01T07:15:20.759Z","01.04.2025 10:15:20","INV3","COM5","slave_4","info",20006,"Версия протокола","-",10414,
"2025-04-01T07:15:21.084Z","01.04.2025 10:15:21","INV3","COM5","slave_4","status",25201,"Состояние работы","-",3,
"2025-04-01T07:15:21.390Z","01.04.2025 10:15:21","INV3","COM5","slave_4","status",25205,"Напряжение АКБ","V",547,
"2025-04-01T07:15:21.690Z","01.04.2025 10:15:21","INV3","COM5","slave_4","status",25206,"Выходное напряжение инвертора","V",2189,
"2025-04-01T07:15:21.992Z","01.04.2025 10:15:21","INV3","COM5","slave_4","status",25207,"Сетевое напряжение","V",2200,
"2025-04-01T07:15:22.301Z","01.04.2025 10:15:22","INV3","COM5","slave_4","status",25210,"Ток инвертора","A",4,
"2025-04-01T07:15:22.600Z","01.04.2025 10:15:22","INV3","COM5","slave_4","status",25213,"Мощность инвертора","W",65461,
"2025-04-01T07:15:22.908Z","01.04.2025 10:15:22","INV3","COM5","slave_4","status",25214,"Мощность сети","W",65125,
"2025-04-01T07:15:23.215Z","01.04.2025 10:15:23","INV3","COM5","slave_4","status",25215,"Мощность нагрузки","W",323,
"2025-04-01T07:15:23.521Z","01.04.2025 10:15:23","INV3","COM5","slave_4","status",25216,"Процент нагрузки","%",6,
"2025-04-01T07:15:23.825Z","01.04.2025 10:15:23","INV3","COM5","slave_4","status",25233,"Температура радиатора AC","C",51,
"2025-04-01T07:15:24.130Z","01.04.2025 10:15:24","INV3","COM5","slave_4","status",25234,"Температура трансформатора","C",64,
"2025-04-01T07:15:24.445Z","01.04.2025 10:15:24","INV3","COM5","slave_4","status",25235,"Температура радиатора DC","C",46,
"2025-04-01T07:15:24.754Z","01.04.2025 10:15:24","INV3","COM5","slave_4","energy",25245,"Накопленная зарядная энергия (старший байт)","kWh",0,
"2025-04-01T07:15:25.061Z","01.04.2025 10:15:25","INV3","COM5","slave_4","energy",25246,"Накопленная зарядная энергия (младший байт)","kWh",1090,
"2025-04-01T07:15:25.371Z","01.04.2025 10:15:25","INV3","COM5","slave_4","energy",25247,"Накопленная разрядная энергия (старший байт)","kWh",0,
"2025-04-01T07:15:25.676Z","01.04.2025 10:15:25","INV3","COM5","slave_4","energy",25248,"Накопленная разрядная энергия (младший байт)","kWh",44,
"2025-04-01T07:15:25.997Z","01.04.2025 10:15:25","INV3","COM5","slave_4","energy",25253,"Накопленная нагрузочная энергия (старший байт)","kWh",0,
"2025-04-01T07:15:26.302Z","01.04.2025 10:15:26","INV3","COM5","slave_4","energy",25254,"Накопленная нагрузочная энергия (младший байт)","kWh",6246,
"2025-04-01T07:15:26.604Z","01.04.2025 10:15:26","INV3","COM5","slave_4","error",25261,"Сообщение об ошибке 1","-",0,
"2025-04-01T07:15:26.920Z","01.04.2025 10:15:26","INV3","COM5","slave_4","error",25262,"Сообщение об ошибке 2","-",0,
"2025-04-01T07:15:27.225Z","01.04.2025 10:15:27","INV3","COM5","slave_4","error",25265,"Сообщение о предупреждении 1","-",0,
"2025-04-01T07:15:27.539Z","01.04.2025 10:15:27","INV3","COM5","slave_4","error",25266,"Сообщение о предупреждении 2","-",0,
"2025-04-01T07:30:00.905Z","01.04.2025 10:30:00","INV1","COM3","slave_4","info",20000,"Тип устройства (старший байт)","-",20566,
"2025-04-01T07:30:01.206Z","01.04.2025 10:30:01","INV1","COM3","slave_4","info",20001,"Тип устройства (младший байт)","-",1800,
"2025-04-01T07:30:01.504Z","01.04.2025 10:30:01","INV1","COM3","slave_4","info",20002,"Серийный номер (старший байт)","-",65535,
"2025-04-01T07:30:01.818Z","01.04.2025 10:30:01","INV1","COM3","slave_4","info",20003,"Серийный номер (младший байт)","-",65535,
"2025-04-01T07:30:02.127Z","01.04.2025 10:30:02","INV1","COM3","slave_4","info",20004,"Версия оборудования","-",10101,
"2025-04-01T07:30:02.437Z","01.04.2025 10:30:02","INV1","COM3","slave_4","info",20005,"Версия программного обеспечения","-",21706,
"2025-04-01T07:30:02.743Z","01.04.2025 10:30:02","INV1","COM3","slave_4","info",20006,"Версия протокола","-",10414,
"2025-04-01T07:30:03.049Z","01.04.2025 10:30:03","INV1","COM3","slave_4","status",25201,"Состояние работы","-",3,
"2025-04-01T07:30:03.355Z","01.04.2025 10:30:03","INV1","COM3","slave_4","status",25205,"Напряжение АКБ","V",548,
"2025-04-01T07:30:03.662Z","01.04.2025 10:30:03","INV1","COM3","slave_4","status",25206,"Выходное напряжение инвертора","V",2190,
"2025-04-01T07:30:03.965Z","01.04.2025 10:30:03","INV1","COM3","slave_4","status",25207,"Сетевое напряжение","V",2201,
"2025-04-01T07:30:04.266Z","01.04.2025 10:30:04","INV1","COM3","slave_4","status",25210,"Ток инвертора","A",4,
"2025-04-01T07:30:04.587Z","01.04.2025 10:30:04","INV1","COM3","slave_4","status",25213,"Мощность инвертора","W",65466,
"2025-04-01T07:30:04.891Z","01.04.2025 10:30:04","INV1","COM3","slave_4","status",25214,"Мощность сети","W",65300,
"2025-04-01T07:30:05.191Z","01.04.2025 10:30:05","INV1","COM3","slave_4","status",25215,"Мощность нагрузки","W",162,
"2025-04-01T07:30:05.495Z","01.04.2025 10:30:05","INV1","COM3","slave_4","status",25216,"Процент нагрузки","%",3,
"2025-04-01T07:30:05.793Z","01.04.2025 10:30:05","INV1","COM3","slave_4","status",25233,"Температура радиатора AC","C",54,
"2025-04-01T07:30:06.115Z","01.04.2025 10:30:06","INV1","COM3","slave_4","status",25234,"Температура трансформатора","C",62,
"2025-04-01T07:30:06.438Z","01.04.2025 10:30:06","INV1","COM3","slave_4","status",25235,"Температура радиатора DC","C",42,
"2025-04-01T07:30:06.741Z","01.04.2025 10:30:06","INV1","COM3","slave_4","energy",25245,"Накопленная зарядная энергия (старший байт)","kWh",0,
"2025-04-01T07:30:07.042Z","01.04.2025 10:30:07","INV1","COM3","slave_4","energy",25246,"Накопленная зарядная энергия (младший байт)","kWh",1065,
"2025-04-01T07:30:07.349Z","01.04.2025 10:30:07","INV1","COM3","slave_4","energy",25247,"Накопленная разрядная энергия (старший байт)","kWh",0,
"2025-04-01T07:30:07.659Z","01.04.2025 10:30:07","INV1","COM3","slave_4","energy",25248,"Накопленная разрядная энергия (младший байт)","kWh",44,
"2025-04-01T07:30:07.957Z","01.04.2025 10:30:07","INV1","COM3","slave_4","energy",25253,"Накопленная нагрузочная энергия (старший байт)","kWh",0,
"2025-04-01T07:30:08.263Z","01.04.2025 10:30:08","INV1","COM3","slave_4","energy",25254,"Накопленная нагрузочная энергия (младший байт)","kWh",3791,
"2025-04-01T07:30:08.575Z","01.04.2025 10:30:08","INV1","COM3","slave_4","error",25261,"Сообщение об ошибке 1","-",0,
"2025-04-01T07:30:08.879Z","01.04.2025 10:30:08","INV1","COM3","slave_4","error",25262,"Сообщение об ошибке 2","-",0,
"2025-04-01T07:30:09.187Z","01.04.2025 10:30:09","INV1","COM3","slave_4","error",25265,"Сообщение о предупреждении 1","-",0,
"2025-04-01T07:30:09.495Z","01.04.2025 10:30:09","INV1","COM3","slave_4","error",25266,"Сообщение о предупреждении 2","-",0,
"2025-04-01T07:30:09.798Z","01.04.2025 10:30:09","INV2","COM4","slave_4","info",20000,"Тип устройства (старший байт)","-",20566,
"2025-04-01T07:30:10.112Z","01.04.2025 10:30:10","INV2","COM4","slave_4","info",20001,"Тип устройства (младший байт)","-",1800,
"2025-04-01T07:30:10.436Z","01.04.2025 10:30:10","INV2","COM4","slave_4","info",20002,"Серийный номер (старший байт)","-",65535,
"2025-04-01T07:30:10.751Z","01.04.2025 10:30:10","INV2","COM4","slave_4","info",20003,"Серийный номер (младший байт)","-",65535,
"2025-04-01T07:30:11.059Z","01.04.2025 10:30:11","INV2","COM4","slave_4","info",20004,"Версия оборудования","-",10101,
"2025-04-01T07:30:11.376Z","01.04.2025 10:30:11","INV2","COM4","slave_4","info",20005,"Версия программного обеспечения","-",21706,
"2025-04-01T07:30:11.669Z","01.04.2025 10:30:11","INV2","COM4","slave_4","info",20006,"Версия протокола","-",10414,
"2025-04-01T07:30:11.967Z","01.04.2025 10:30:11","INV2","COM4","slave_4","status",25201,"Состояние работы","-",3,
"2025-04-01T07:30:12.283Z","01.04.2025 10:30:12","INV2","COM4","slave_4","status",25205,"Напряжение АКБ","V",547,
"2025-04-01T07:30:12.583Z","01.04.2025 10:30:12","INV2","COM4","slave_4","status",25206,"Выходное напряжение инвертора","V",2221,
"2025-04-01T07:30:12.889Z","01.04.2025 10:30:12","INV2","COM4","slave_4","status",25207,"Сетевое напряжение","V",2232,
"2025-04-01T07:30:13.195Z","01.04.2025 10:30:13","INV2","COM4","slave_4","status",25210,"Ток инвертора","A",4,
"2025-04-01T07:30:13.510Z","01.04.2025 10:30:13","INV2","COM4","slave_4","status",25213,"Мощность инвертора","W",65469,
"2025-04-01T07:30:13.814Z","01.04.2025 10:30:13","INV2","COM4","slave_4","status",25214,"Мощность сети","W",65277,
"2025-04-01T07:30:14.118Z","01.04.2025 10:30:14","INV2","COM4","slave_4","status",25215,"Мощность нагрузки","W",168,
"2025-04-01T07:30:14.429Z","01.04.2025 10:30:14","INV2","COM4","slave_4","status",25216,"Процент нагрузки","%",3,
"2025-04-01T07:30:14.741Z","01.04.2025 10:30:14","INV2","COM4","slave_4","status",25233,"Температура радиатора AC","C",49,
"2025-04-01T07:30:15.049Z","01.04.2025 10:30:15","INV2","COM4","slave_4","status",25234,"Температура трансформатора","C",63,
"2025-04-01T07:30:15.352Z","01.04.2025 10:30:15","INV2","COM4","slave_4","status",25235,"Температура радиатора DC","C",43,
"2025-04-01T07:30:15.664Z","01.04.2025 10:30:15","INV2","COM4","slave_4","energy",25245,"Накопленная зарядная энергия (старший байт)","kWh",0,
"2025-04-01T07:30:15.966Z","01.04.2025 10:30:15","INV2","COM4","slave_4","energy",25246,"Накопленная зарядная энергия (младший байт)","kWh",1081,
"2025-04-01T07:30:16.277Z","01.04.2025 10:30:16","INV2","COM4","slave_4","energy",25247,"Накопленная разрядная энергия (старший байт)","kWh",0,
"2025-04-01T07:30:16.584Z","01.04.2025 10:30:16","INV2","COM4","slave_4","energy",25248,"Накопленная разрядная энергия (младший байт)","kWh",43,
"2025-04-01T07:30:16.879Z","01.04.2025 10:30:16","INV2","COM4","slave_4","energy",25253,"Накопленная нагрузочная энергия (старший байт)","kWh",0,
"2025-04-01T07:30:17.195Z","01.04.2025 10:30:17","INV2","COM4","slave_4","energy",25254,"Накопленная нагрузочная энергия (младший байт)","kWh",7496,
"2025-04-01T07:30:17.500Z","01.04.2025 10:30:17","INV2","COM4","slave_4","error",25261,"Сообщение об ошибке 1","-",0,
"2025-04-01T07:30:17.810Z","01.04.2025 10:30:17","INV2","COM4","slave_4","error",25262,"Сообщение об ошибке 2","-",0,
"2025-04-01T07:30:18.123Z","01.04.2025 10:30:18","INV2","COM4","slave_4","error",25265,"Сообщение о предупреждении 1","-",0,
"2025-04-01T07:30:18.433Z","01.04.2025 10:30:18","INV2","COM4","slave_4","error",25266,"Сообщение о предупреждении 2","-",0,
"2025-04-01T07:30:18.747Z","01.04.2025 10:30:18","INV3","COM5","slave_4","info",20000,"Тип устройства (старший байт)","-",20566,
"2025-04-01T07:30:19.047Z","01.04.2025 10:30:19","INV3","COM5","slave_4","info",20001,"Тип устройства (младший байт)","-",1800,
"2025-04-01T07:30:19.363Z","01.04.2025 10:30:19","INV3","COM5","slave_4","info",20002,"Серийный номер (старший байт)","-",65535,
"2025-04-01T07:30:19.669Z","01.04.2025 10:30:19","INV3","COM5","slave_4","info",20003,"Серийный номер (младший байт)","-",65535,
"2025-04-01T07:30:19.970Z","01.04.2025 10:30:19","INV3","COM5","slave_4","info",20004,"Версия оборудования","-",10101,
"2025-04-01T07:30:20.272Z","01.04.2025 10:30:20","INV3","COM5","slave_4","info",20005,"Версия программного обеспечения","-",21706,
"2025-04-01T07:30:20.573Z","01.04.2025 10:30:20","INV3","COM5","slave_4","info",20006,"Версия протокола","-",10414,
"2025-04-01T07:30:20.877Z","01.04.2025 10:30:20","INV3","COM5","slave_4","status",25201,"Состояние работы","-",3,
"2025-04-01T07:30:21.184Z","01.04.2025 10:30:21","INV3","COM5","slave_4","status",25205,"Напряжение АКБ","V",547,
"2025-04-01T07:30:21.483Z","01.04.2025 10:30:21","INV3","COM5","slave_4","status",25206,"Выходное напряжение инвертора","V",2190,
"2025-04-01T07:30:21.794Z","01.04.2025 10:30:21","INV3","COM5","slave_4","status",25207,"Сетевое напряжение","V",2201,
"2025-04-01T07:30:22.102Z","01.04.2025 10:30:22","INV3","COM5","slave_4","status",25210,"Ток инвертора","A",4,
"2025-04-01T07:30:22.410Z","01.04.2025 10:30:22","INV3","COM5","slave_4","status",25213,"Мощность инвертора","W",65459,
"2025-04-01T07:30:22.716Z","01.04.2025 10:30:22","INV3","COM5","slave_4","status",25214,"Мощность сети","W",65069,
"2025-04-01T07:30:23.025Z","01.04.2025 10:30:23","INV3","COM5","slave_4","status",25215,"Мощность нагрузки","W",376,
"2025-04-01T07:30:23.350Z","01.04.2025 10:30:23","INV3","COM5","slave_4","status",25216,"Процент нагрузки","%",7,
"2025-04-01T07:30:23.661Z","01.04.2025 10:30:23","INV3","COM5","slave_4","status",25233,"Температура радиатора AC","C",51,
"2025-04-01T07:30:23.970Z","01.04.2025 10:30:23","INV3","COM5","slave_4","status",25234,"Температура трансформатора","C",64,
"2025-04-01T07:30:24.280Z","01.04.2025 10:30:24","INV3","COM5","slave_4","status",25235,"Температура радиатора DC","C",46,
"2025-04-01T07:30:24.593Z","01.04.2025 10:30:24","INV3","COM5","slave_4","energy",25245,"Накопленная зарядная энергия (старший байт)","kWh",0,
"2025-04-01T07:30:24.897Z","01.04.2025 10:30:24","INV3","COM5","slave_4","energy",25246,"Накопленная зарядная энергия (младший байт)","kWh",1090,
"2025-04-01T07:30:25.212Z","01.04.2025 10:30:25","INV3","COM5","slave_4","energy",25247,"Накопленная разрядная энергия (старший байт)","kWh",0,
"2025-04-01T07:30:25.535Z","01.04.2025 10:30:25","INV3","COM5","slave_4","energy",25248,"Накопленная разрядная энергия (младший байт)","kWh",44,
"2025-04-01T07:30:25.849Z","01.04.2025 10:30:25","INV3","COM5","slave_4","energy",25253,"Накопленная нагрузочная энергия (старший байт)","kWh",0,
"2025-04-01T07:30:26.159Z","01.04.2025 10:30:26","INV3","COM5","slave_4","energy",25254,"Накопленная нагрузочная энергия (младший байт)","kWh",6247,
"2025-04-01T07:30:26.453Z","01.04.2025 10:30:26","INV3","COM5","slave_4","error",25261,"Сообщение об ошибке 1","-",0,
"2025-04-01T07:30:26.766Z","01.04.2025 10:30:26","INV3","COM5","slave_4","error",25262,"Сообщение об ошибке 2","-",0,
"2025-04-01T07:30:27.072Z","01.04.2025 10:30:27","INV3","COM5","slave_4","error",25265,"Сообщение о предупреждении 1","-",0,
"2025-04-01T07:30:27.383Z","01.04.2025 10:30:27","INV3","COM5","slave_4","error",25266,"Сообщение о предупреждении 2","-",0,
"2025-04-01T07:45:00.879Z","01.04.2025 10:45:00","INV1","COM3","slave_4","info",20000,"Тип устройства (старший байт)","-",20566,
"2025-04-01T07:45:01.219Z","01.04.2025 10:45:01","INV1","COM3","slave_4","info",20001,"Тип устройства (младший байт)","-",1800,
"2025-04-01T07:45:01.531Z","01.04.2025 10:45:01","INV1","COM3","slave_4","info",20002,"Серийный номер (старший байт)","-",65535,
"2025-04-01T07:45:01.830Z","01.04.2025 10:45:01","INV1","COM3","slave_4","info",20003,"Серийный номер (младший байт)","-",65535,
"2025-04-01T07:45:02.133Z","01.04.2025 10:45:02","INV1","COM3","slave_4","info",20004,"Версия оборудования","-",10101,
"2025-04-01T07:45:02.440Z","01.04.2025 10:45:02","INV1","COM3","slave_4","info",20005,"Версия программного обеспечения","-",21706,
"2025-04-01T07:45:02.747Z","01.04.2025 10:45:02","INV1","COM3","slave_4","info",20006,"Версия протокола","-",10414,
"2025-04-01T07:45:03.041Z","01.04.2025 10:45:03","INV1","COM3","slave_4","status",25201,"Состояние работы","-",3,
"2025-04-01T07:45:03.364Z","01.04.2025 10:45:03","INV1","COM3","slave_4","status",25205,"Напряжение АКБ","V",548,
"2025-04-01T07:45:03.671Z","01.04.2025 10:45:03","INV1","COM3","slave_4","status",25206,"Выходное напряжение инвертора","V",2195,
"2025-04-01T07:45:03.973Z","01.04.2025 10:45:03","INV1","COM3","slave_4","status",25207,"Сетевое напряжение","V",2210,
"2025-04-01T07:45:04.283Z","01.04.2025 10:45:04","INV1","COM3","slave_4","status",25210,"Ток инвертора","A",4,
"2025-04-01T07:45:04.590Z","01.04.2025 10:45:04","INV1","COM3","slave_4","status",25213,"Мощность инвертора","W",65466,
"2025-04-01T07:45:04.912Z","01.04.2025 10:45:04","INV1","COM3","slave_4","status",25214,"Мощность сети","W",65274,
"2025-04-01T07:45:05.211Z","01.04.2025 10:45:05","INV1","COM3","slave_4","status",25215,"Мощность нагрузки","W",181,
"2025-04-01T07:45:05.524Z","01.04.2025 10:45:05","INV1","COM3","slave_4","status",25216,"Процент нагрузки","%",3,
"2025-04-01T07:45:05.840Z","01.04.2025 10:45:05","INV1","COM3","slave_4","status",25233,"Температура радиатора AC","C",54,
"2025-04-01T07:45:06.154Z","01.04.2025 10:45:06","INV1","COM3","slave_4","status",25234,"Температура трансформатора","C",62,
"2025-04-01T07:45:06.457Z","01.04.2025 10:45:06","INV1","COM3","slave_4","status",25235,"Температура радиатора DC","C",42,
"2025-04-01T07:45:06.760Z","01.04.2025 10:45:06","INV1","COM3","slave_4","energy",25245,"Накопленная зарядная энергия (старший байт)","kWh",0,
"2025-04-01T07:45:07.061Z","01.04.2025 10:45:07","INV1","COM3","slave_4","energy",25246,"Накопленная зарядная энергия (младший байт)","kWh",1065,
"2025-04-01T07:45:07.368Z","01.04.2025 10:45:07","INV1","COM3","slave_4","energy",25247,"Накопленная разрядная энергия (старший байт)","kWh",0,
"2025-04-01T07:45:07.678Z","01.04.2025 10:45:07","INV1","COM3","slave_4","energy",25248,"Накопленная разрядная энергия (младший байт)","kWh",44,
"2025-04-01T07:45:08.002Z","01.04.2025 10:45:08","INV1","COM3","slave_4","energy",25253,"Накопленная нагрузочная энергия (старший байт)","kWh",0,
"2025-04-01T07:45:08.307Z","01.04.2025 10:45:08","INV1","COM3","slave_4","energy",25254,"Накопленная нагрузочная энергия (младший байт)","kWh",3791,
"2025-04-01T07:45:08.631Z","01.04.2025 10:45:08","INV1","COM3","slave_4","error",25261,"Сообщение об ошибке 1","-",0,
"2025-04-01T07:45:08.935Z","01.04.2025 10:45:08","INV1","COM3","slave_4","error",25262,"Сообщение об ошибке 2","-",0,
"2025-04-01T07:45:09.245Z","01.04.2025 10:45:09","INV1","COM3","slave_4","error",25265,"Сообщение о предупреждении 1","-",0,
"2025-04-01T07:45:09.553Z","01.04.2025 10:45:09","INV1","COM3","slave_4","error",25266,"Сообщение о предупреждении 2","-",0,
"2025-04-01T07:45:09.881Z","01.04.2025 10:45:09","INV2","COM4","slave_4","info",20000,"Тип устройства (старший байт)","-",20566,
"2025-04-01T07:45:10.179Z","01.04.2025 10:45:10","INV2","COM4","slave_4","info",20001,"Тип устройства (младший байт)","-",1800,
"2025-04-01T07:45:10.496Z","01.04.2025 10:45:10","INV2","COM4","slave_4","info",20002,"Серийный номер (старший байт)","-",65535,
"2025-04-01T07:45:10.795Z","01.04.2025 10:45:10","INV2","COM4","slave_4","info",20003,"Серийный номер (младший байт)","-",65535,
"2025-04-01T07:45:11.096Z","01.04.2025 10:45:11","INV2","COM4","slave_4","info",20004,"Версия оборудования","-",10101,
"2025-04-01T07:45:11.397Z","01.04.2025 10:45:11","INV2","COM4","slave_4","info",20005,"Версия программного обеспечения","-",21706,
"2025-04-01T07:45:11.698Z","01.04.2025 10:45:11","INV2","COM4","slave_4","info",20006,"Версия протокола","-",10414,
"2025-04-01T07:45:12.000Z","01.04.2025 10:45:12","INV2","COM4","slave_4","status",25201,"Состояние работы","-",3,
"2025-04-01T07:45:12.301Z","01.04.2025 10:45:12","INV2","COM4","slave_4","status",25205,"Напряжение АКБ","V",547,
"2025-04-01T07:45:12.599Z","01.04.2025 10:45:12","INV2","COM4","slave_4","status",25206,"Выходное напряжение инвертора","V",2220,
"2025-04-01T07:45:12.913Z","01.04.2025 10:45:12","INV2","COM4","slave_4","status",25207,"Сетевое напряжение","V",2233,
"2025-04-01T07:45:13.223Z","01.04.2025 10:45:13","INV2","COM4","slave_4","status",25210,"Ток инвертора","A",3,
"2025-04-01T07:45:13.531Z","01.04.2025 10:45:13","INV2","COM4","slave_4","status",25213,"Мощность инвертора","W",65471,
"2025-04-01T07:45:13.845Z","01.04.2025 10:45:13","INV2","COM4","slave_4","status",25214,"Мощность сети","W",65161,
"2025-04-01T07:45:14.161Z","01.04.2025 10:45:14","INV2","COM4","slave_4","status",25215,"Мощность нагрузки","W",291,
"2025-04-01T07:45:14.467Z","01.04.2025 10:45:14","INV2","COM4","slave_4","status",25216,"Процент нагрузки","%",5,
"2025-04-01T07:45:14.775Z","01.04.2025 10:45:14","INV2","COM4","slave_4","status",25233,"Температура радиатора AC","C",49,
"2025-04-01T07:45:15.099Z","01.04.2025 10:45:15","INV2","COM4","slave_4","status",25234,"Температура трансформатора","C",63,
"2025-04-01T07:45:15.416Z","01.04.2025 10:45:15","INV2","COM4","slave_4","status",25235,"Температура радиатора DC","C",43,
"2025-04-01T07:45:15.723Z","01.04.2025 10:45:15","INV2","COM4","slave_4","energy",25245,"Накопленная зарядная энергия (старший байт)","kWh",0,
"2025-04-01T07:45:16.027Z","01.04.2025 10:45:16","INV2","COM4","slave_4","energy",25246,"Накопленная зарядная энергия (младший байт)","kWh",1081,
"2025-04-01T07:45:16.322Z","01.04.2025 10:45:16","INV2","COM4","slave_4","energy",25247,"Накопленная разрядная энергия (старший байт)","kWh",0,
"2025-04-01T07:45:16.639Z","01.04.2025 10:45:16","INV2","COM4","slave_4","energy",25248,"Накопленная разрядная энергия (младший байт)","kWh",43,
"2025-04-01T07:45:16.942Z","01.04.2025 10:45:16","INV2","COM4","slave_4","energy",25253,"Накопленная нагрузочная энергия (старший байт)","kWh",0,
"2025-04-01T07:45:17.260Z","01.04.2025 10:45:17","INV2","COM4","slave_4","energy",25254,"Накопленная нагрузочная энергия (младший байт)","kWh",7496,
"2025-04-01T07:45:17.565Z","01.04.2025 10:45:17","INV2","COM4","slave_4","error",25261,"Сообщение об ошибке 1","-",0,
"2025-04-01T07:45:17.874Z","01.04.2025 10:45:17","INV2","COM4","slave_4","error",25262,"Сообщение об ошибке 2","-",0,
"2025-04-01T07:45:18.191Z","01.04.2025 10:45:18","INV2","COM4","slave_4","error",25265,"Сообщение о предупреждении 1","-",0,
"2025-04-01T07:45:18.503Z","01.04.2025 10:45:18","INV2","COM4","slave_4","error",25266,"Сообщение о предупреждении 2","-",0,
"2025-04-01T07:45:18.830Z","01.04.2025 10:45:18","INV3","COM5","slave_4","info",20000,"Тип устройства (старший байт)","-",20566,
"2025-04-01T07:45:19.141Z","01.04.2025 10:45:19","INV3","COM5","slave_4","info",20001,"Тип устройства (младший байт)","-",1800,
"2025-04-01T07:45:19.454Z","01.04.2025 10:45:19","INV3","COM5","slave_4","info",20002,"Серийный номер (старший байт)","-",65535,
"2025-04-01T07:45:19.758Z","01.04.2025 10:45:19","INV3","COM5","slave_4","info",20003,"Серийный номер (младший байт)","-",65535,
"2025-04-01T07:45:20.057Z","01.04.2025 10:45:20","INV3","COM5","slave_4","info",20004,"Версия оборудования","-",10101,
"2025-04-01T07:45:20.381Z","01.04.2025 10:45:20","INV3","COM5","slave_4","info",20005,"Версия программного обеспечения","-",21706,
"2025-04-01T07:45:20.680Z","01.04.2025 10:45:20","INV3","COM5","slave_4","info",20006,"Версия протокола","-",10414,
"2025-04-01T07:45:21.000Z","01.04.2025 10:45:21","INV3","COM5","slave_4","status",25201,"Состояние работы","-",3,
"2025-04-01T07:45:21.314Z","01.04.2025 10:45:21","INV3","COM5","slave_4","status",25205,"Напряжение АКБ","V",548,
"2025-04-01T07:45:21.620Z","01.04.2025 10:45:21","INV3","COM5","slave_4","status",25206,"Выходное напряжение инвертора","V",2188,
"2025-04-01T07:45:21.932Z","01.04.2025 10:45:21","INV3","COM5","slave_4","status",25207,"Сетевое напряжение","V",2198,
"2025-04-01T07:45:22.239Z","01.04.2025 10:45:22","INV3","COM5","slave_4","status",25210,"Ток инвертора","A",4,
"2025-04-01T07:45:22.550Z","01.04.2025 10:45:22","INV3","COM5","slave_4","status",25213,"Мощность инвертора","W",65459,
"2025-04-01T07:45:22.852Z","01.04.2025 10:45:22","INV3","COM5","slave_4","status",25214,"Мощность сети","W",65122,
"2025-04-01T07:45:23.166Z","01.04.2025 10:45:23","INV3","COM5","slave_4","status",25215,"Мощность нагрузки","W",327,
"2025-04-01T07:45:23.472Z","01.04.2025 10:45:23","INV3","COM5","slave_4","status",25216,"Процент нагрузки","%",6,
"2025-04-01T07:45:23.785Z","01.04.2025 10:45:23","INV3","COM5","slave_4","status",25233,"Температура радиатора AC","C",52,
"2025-04-01T07:45:24.090Z","01.04.2025 10:45:24","INV3","COM5","slave_4","status",25234,"Температура трансформатора","C",64,
"2025-04-01T07:45:24.397Z","01.04.2025 10:45:24","INV3","COM5","slave_4","status",25235,"Температура радиатора DC","C",46,
"2025-04-01T07:45:24.713Z","01.04.2025 10:45:24","INV3","COM5","slave_4","energy",25245,"Накопленная зарядная энергия (старший байт)","kWh",0,
"2025-04-01T07:45:25.017Z","01.04.2025 10:45:25","INV3","COM5","slave_4","energy",25246,"Накопленная зарядная энергия (младший байт)","kWh",1090,
"2025-04-01T07:45:25.318Z","01.04.2025 10:45:25","INV3","COM5","slave_4","energy",25247,"Накопленная разрядная энергия (старший байт)","kWh",0,
"2025-04-01T07:45:25.624Z","01.04.2025 10:45:25","INV3","COM5","slave_4","energy",25248,"Накопленная разрядная энергия (младший байт)","kWh",44,
"2025-04-01T07:45:25.936Z","01.04.2025 10:45:25","INV3","COM5","slave_4","energy",25253,"Накопленная нагрузочная энергия (старший байт)","kWh",0,
"2025-04-01T07:45:26.255Z","01.04.2025 10:45:26","INV3","COM5","slave_4","energy",25254,"Накопленная нагрузочная энергия (младший байт)","kWh",6248,
"2025-04-01T07:45:26.563Z","01.04.2025 10:45:26","INV3","COM5","slave_4","error",25261,"Сообщение об ошибке 1","-",0,
"2025-04-01T07:45:26.876Z","01.04.2025 10:45:26","INV3","COM5","slave_4","error",25262,"Сообщение об ошибке 2","-",0,
"2025-04-01T07:45:27.179Z","01.04.2025 10:45:27","INV3","COM5","slave_4","error",25265,"Сообщение о предупреждении 1","-",0,
"2025-04-01T07:45:27.479Z","01.04.2025 10:45:27","INV3","COM5","slave_4","error",25266,"Сообщение о предупреждении 2","-",0,
"2025-04-01T08:00:00.848Z","01.04.2025 11:00:00","INV1","COM3","slave_4","info",20000,"Тип устройства (старший байт)","-",20566,
"2025-04-01T08:00:01.147Z","01.04.2025 11:00:01","INV1","COM3","slave_4","info",20001,"Тип устройства (младший байт)","-",1800,
"2025-04-01T08:00:01.450Z","01.04.2025 11:00:01","INV1","COM3","slave_4","info",20002,"Серийный номер (старший байт)","-",65535,
"2025-04-01T08:00:01.767Z","01.04.2025 11:00:01","INV1","COM3","slave_4","info",20003,"Серийный номер (младший байт)","-",65535,
"2025-04-01T08:00:02.088Z","01.04.2025 11:00:02","INV1","COM3","slave_4","info",20004,"Версия оборудования","-",10101,
"2025-04-01T08:00:02.384Z","01.04.2025 11:00:02","INV1","COM3","slave_4","info",20005,"Версия программного обеспечения","-",21706,
"2025-04-01T08:00:02.689Z","01.04.2025 11:00:02","INV1","COM3","slave_4","info",20006,"Версия протокола","-",10414,
"2025-04-01T08:00:02.986Z","01.04.2025 11:00:02","INV1","COM3","slave_4","status",25201,"Состояние работы","-",3,
"2025-04-01T08:00:03.307Z","01.04.2025 11:00:03","INV1","COM3","slave_4","status",25205,"Напряжение АКБ","V",548,
"2025-04-01T08:00:03.620Z","01.04.2025 11:00:03","INV1","COM3","slave_4","status",25206,"Выходное напряжение инвертора","V",2191,
"2025-04-01T08:00:03.926Z","01.04.2025 11:00:03","INV1","COM3","slave_4","status",25207,"Сетевое напряжение","V",2202,
"2025-04-01T08:00:04.250Z","01.04.2025 11:00:04","INV1","COM3","slave_4","status",25210,"Ток инвертора","A",11,
"2025-04-01T08:00:04.554Z","01.04.2025 11:00:04","INV1","COM3","slave_4","status",25213,"Мощность инвертора","W",65466,
"2025-04-01T08:00:04.872Z","01.04.2025 11:00:04","INV1","COM3","slave_4","status",25214,"Мощность сети","W",65300,
"2025-04-01T08:00:05.179Z","01.04.2025 11:00:05","INV1","COM3","slave_4","status",25215,"Мощность нагрузки","W",149,
"2025-04-01T08:00:05.486Z","01.04.2025 11:00:05","INV1","COM3","slave_4","status",25216,"Процент нагрузки","%",2,
"2025-04-01T08:00:05.786Z","01.04.2025 11:00:05","INV1","COM3","slave_4","status",25233,"Температура радиатора AC","C",54,
"2025-04-01T08:00:06.093Z","01.04.2025 11:00:06","INV1","COM3","slave_4","status",25234,"Температура трансформатора","C",62,
"2025-04-01T08:00:06.403Z","01.04.2025 11:00:06","INV1","COM3","slave_4","status",25235,"Температура радиатора DC","C",42,
"2025-04-01T08:00:06.709Z","01.04.2025 11:00:06","INV1","COM3","slave_4","energy",25245,"Накопленная зарядная энергия (старший байт)","kWh",0,
"2025-04-01T08:00:07.024Z","01.04.2025 11:00:07","INV1","COM3","slave_4","energy",25246,"Накопленная зарядная энергия (младший байт)","kWh",1065,
"2025-04-01T08:00:07.334Z","01.04.2025 11:00:07","INV1","COM3","slave_4","energy",25247,"Накопленная разрядная энергия (старший байт)","kWh",0,
"2025-04-01T08:00:07.643Z","01.04.2025 11:00:07","INV1","COM3","slave_4","energy",25248,"Накопленная разрядная энергия (младший байт)","kWh",44,
"2025-04-01T08:00:07.950Z","01.04.2025 11:00:07","INV1","COM3","slave_4","energy",25253,"Накопленная нагрузочная энергия (старший байт)","kWh",0,
"2025-04-01T08:00:08.256Z","01.04.2025 11:00:08","INV1","COM3","slave_4","energy",25254,"Накопленная нагрузочная энергия (младший байт)","kWh",3791,
"2025-04-01T08:00:08.570Z","01.04.2025 11:00:08","INV1","COM3","slave_4","error",25261,"Сообщение об ошибке 1","-",0,
"2025-04-01T08:00:08.885Z","01.04.2025 11:00:08","INV1","COM3","slave_4","error",25262,"Сообщение об ошибке 2","-",0,
"2025-04-01T08:00:09.187Z","01.04.2025 11:00:09","INV1","COM3","slave_4","error",25265,"Сообщение о предупреждении 1","-",0,
"2025-04-01T08:00:09.502Z","01.04.2025 11:00:09","INV1","COM3","slave_4","error",25266,"Сообщение о предупреждении 2","-",0,
"2025-04-01T08:00:09.799Z","01.04.2025 11:00:09","INV2","COM4","slave_4","info",20000,"Тип устройства (старший байт)","-",20566,
"2025-04-01T08:00:10.104Z","01.04.2025 11:00:10","INV2","COM4","slave_4","info",20001,"Тип устройства (младший байт)","-",1800,
"2025-04-01T08:00:10.415Z","01.04.2025 11:00:10","INV2","COM4","slave_4","info",20002,"Серийный номер (старший байт)","-",65535,
"2025-04-01T08:00:10.736Z","01.04.2025 11:00:10","INV2","COM4","slave_4","info",20003,"Серийный номер (младший байт)","-",65535,
"2025-04-01T08:00:11.035Z","01.04.2025 11:00:11","INV2","COM4","slave_4","info",20004,"Версия оборудования","-",10101,
"2025-04-01T08:00:11.349Z","01.04.2025 11:00:11","INV2","COM4","slave_4","info",20005,"Версия программного обеспечения","-",21706,
"2025-04-01T08:00:11.655Z","01.04.2025 11:00:11","INV2","COM4","slave_4","info",20006,"Версия протокола","-",10414,
"2025-04-01T08:00:11.952Z","01.04.2025 11:00:11","INV2","COM4","slave_4","status",25201,"Состояние работы","-",3,
"2025-04-01T08:00:12.258Z","01.04.2025 11:00:12","INV2","COM4","slave_4","status",25205,"Напряжение АКБ","V",548,
"2025-04-01T08:00:12.556Z","01.04.2025 11:00:12","INV2","COM4","slave_4","status",25206,"Выходное напряжение инвертора","V",2218,
"2025-04-01T08:00:12.863Z","01.04.2025 11:00:12","INV2","COM4","slave_4","status",25207,"Сетевое напряжение","V",2230,
"2025-04-01T08:00:13.174Z","01.04.2025 11:00:13","INV2","COM4","slave_4","status",25210,"Ток инвертора","A",8,
"2025-04-01T08:00:13.479Z","01.04.2025 11:00:13","INV2","COM4","slave_4","status",25213,"Мощность инвертора","W",65471,
"2025-04-01T08:00:13.784Z","01.04.2025 11:00:13","INV2","COM4","slave_4","status",25214,"Мощность сети","W",65283,
"2025-04-01T08:00:14.090Z","01.04.2025 11:00:14","INV2","COM4","slave_4","status",25215,"Мощность нагрузки","W",166,
"2025-04-01T08:00:14.394Z","01.04.2025 11:00:14","INV2","COM4","slave_4","status",25216,"Процент нагрузки","%",3,
"2025-04-01T08:00:14.707Z","01.04.2025 11:00:14","INV2","COM4","slave_4","status",25233,"Температура радиатора AC","C",49,
"2025-04-01T08:00:15.030Z","01.04.2025 11:00:15","INV2","COM4","slave_4","status",25234,"Температура трансформатора","C",63,
"2025-04-01T08:00:15.335Z","01.04.2025 11:00:15","INV2","COM4","slave_4","status",25235,"Температура радиатора DC","C",43,
"2025-04-01T08:00:15.636Z","01.04.2025 11:00:15","INV2","COM4","slave_4","energy",25245,"Накопленная зарядная энергия (старший байт)","kWh",0,
"2025-04-01T08:00:15.945Z","01.04.2025 11:00:15","INV2","COM4","slave_4","energy",25246,"Накопленная зарядная энергия (младший байт)","kWh",1081,
"2025-04-01T08:00:16.259Z","01.04.2025 11:00:16","INV2","COM4","slave_4","energy",25247,"Накопленная разрядная энергия (старший байт)","kWh",0,
"2025-04-01T08:00:16.589Z","01.04.2025 11:00:16","INV2","COM4","slave_4","energy",25248,"Накопленная разрядная энергия (младший байт)","kWh",43,
"2025-04-01T08:00:16.897Z","01.04.2025 11:00:16","INV2","COM4","slave_4","energy",25253,"Накопленная нагрузочная энергия (старший байт)","kWh",0,
"2025-04-01T08:00:17.196Z","01.04.2025 11:00:17","INV2","COM4","slave_4","energy",25254,"Накопленная нагрузочная энергия (младший байт)","kWh",7497,
"2025-04-01T08:00:17.507Z","01.04.2025 11:00:17","INV2","COM4","slave_4","error",25261,"Сообщение об ошибке 1","-",0,
"2025-04-01T08:00:17.820Z","01.04.2025 11:00:17","INV2","COM4","slave_4","error",25262,"Сообщение об ошибке 2","-",0,
"2025-04-01T08:00:18.145Z","01.04.2025 11:00:18","INV2","COM4","slave_4","error",25265,"Сообщение о предупреждении 1","-",0,
"2025-04-01T08:00:18.458Z","01.04.2025 11:00:18","INV2","COM4","slave_4","error",25266,"Сообщение о предупреждении 2","-",0,
"2025-04-01T08:00:18.778Z","01.04.2025 11:00:18","INV3","COM5","slave_4","info",20000,"Тип устройства (старший байт)","-",20566,
"2025-04-01T08:00:19.100Z","01.04.2025 11:00:19","INV3","COM5","slave_4","info",20001,"Тип устройства (младший байт)","-",1800,
"2025-04-01T08:00:19.410Z","01.04.2025 11:00:19","INV3","COM5","slave_4","info",20002,"Серийный номер (старший байт)","-",65535,
"2025-04-01T08:00:19.709Z","01.04.2025 11:00:19","INV3","COM5","slave_4","info",20003,"Серийный номер (младший байт)","-",65535,
"2025-04-01T08:00:20.012Z","01.04.2025 11:00:20","INV3","COM5","slave_4","info",20004,"Версия оборудования","-",10101,
"2025-04-01T08:00:20.312Z","01.04.2025 11:00:20","INV3","COM5","slave_4","info",20005,"Версия программного обеспечения","-",21706,
"2025-04-01T08:00:20.631Z","01.04.2025 11:00:20","INV3","COM5","slave_4","info",20006,"Версия протокола","-",10414,
"2025-04-01T08:00:20.936Z","01.04.2025 11:00:20","INV3","COM5","slave_4","status",25201,"Состояние работы","-",3,
"2025-04-01T08:00:21.236Z","01.04.2025 11:00:21","INV3","COM5","slave_4","status",25205,"Напряжение АКБ","V",548,
"2025-04-01T08:00:21.545Z","01.04.2025 11:00:21","INV3","COM5","slave_4","status",25206,"Выходное напряжение инвертора","V",2188,
"2025-04-01T08:00:21.847Z","01.04.2025 11:00:21","INV3","COM5","slave_4","status",25207,"Сетевое напряжение","V",2196,
"2025-04-01T08:00:22.155Z","01.04.2025 11:00:22","INV3","COM5","slave_4","status",25210,"Ток инвертора","A",9,
"2025-04-01T08:00:22.462Z","01.04.2025 11:00:22","INV3","COM5","slave_4","status",25213,"Мощность инвертора","W",65457,
"2025-04-01T08:00:22.769Z","01.04.2025 11:00:22","INV3","COM5","slave_4","status",25214,"Мощность сети","W",65096,
"2025-04-01T08:00:23.089Z","01.04.2025 11:00:23","INV3","COM5","slave_4","status",25215,"Мощность нагрузки","W",354,
"2025-04-01T08:00:23.401Z","01.04.2025 11:00:23","INV3","COM5","slave_4","status",25216,"Процент нагрузки","%",7,
"2025-04-01T08:00:23.704Z","01.04.2025 11:00:23","INV3","COM5","slave_4","status",25233,"Температура радиатора AC","C",52,
"2025-04-01T08:00:24.019Z","01.04.2025 11:00:24","INV3","COM5","slave_4","status",25234,"Температура трансформатора","C",64,
"2025-04-01T08:00:24.324Z","01.04.2025 11:00:24","INV3","COM5","slave_4","status",25235,"Температура радиатора DC","C",46,
"2025-04-01T08:00:24.623Z","01.04.2025 11:00:24","INV3","COM5","slave_4","energy",25245,"Накопленная зарядная энергия (старший байт)","kWh",0,
"2025-04-01T08:00:24.945Z","01.04.2025 11:00:24","INV3","COM5","slave_4","energy",25246,"Накопленная зарядная энергия (младший байт)","kWh",1090,
"2025-04-01T08:00:25.250Z","01.04.2025 11:00:25","INV3","COM5","slave_4","energy",25247,"Накопленная разрядная энергия (старший байт)","kWh",0,
"2025-04-01T08:00:25.555Z","01.04.2025 11:00:25","INV3","COM5","slave_4","energy",25248,"Накопленная разрядная энергия (младший байт)","kWh",44,
"2025-04-01T08:00:25.867Z","01.04.2025 11:00:25","INV3","COM5","slave_4","energy",25253,"Накопленная нагрузочная энергия (старший байт)","kWh",0,
"2025-04-01T08:00:26.182Z","01.04.2025 11:00:26","INV3","COM5","slave_4","energy",25254,"Накопленная нагрузочная энергия (младший байт)","kWh",6249,
"2025-04-01T08:00:26.482Z","01.04.2025 11:00:26","INV3","COM5","slave_4","error",25261,"Сообщение об ошибке 1","-",0,
"2025-04-01T08:00:26.778Z","01.04.2025 11:00:26","INV3","COM5","slave_4","error",25262,"Сообщение об ошибке 2","-",0,
"2025-04-01T08:00:27.091Z","01.04.2025 11:00:27","INV3","COM5","slave_4","error",25265,"Сообщение о предупреждении 1","-",0,
"2025-04-01T08:00:27.392Z","01.04.2025 11:00:27","INV3","COM5","slave_4","error",25266,"Сообщение о предупреждении 2","-",0,
"2025-04-01T08:15:00.700Z","01.04.2025 11:15:00","INV1","COM3","slave_4","info",20000,"Тип устройства (старший байт)","-",20566,
"2025-04-01T08:15:01.005Z","01.04.2025 11:15:01","INV1","COM3","slave_4","info",20001,"Тип устройства (младший байт)","-",1800,
"2025-04-01T08:15:01.324Z","01.04.2025 11:15:01","INV1","COM3","slave_4","info",20002,"Серийный номер (старший байт)","-",65535,
"2025-04-01T08:15:01.626Z","01.04.2025 11:15:01","INV1","COM3","slave_4","info",20003,"Серийный номер (младший байт)","-",65535,
"2025-04-01T08:15:01.932Z","01.04.2025 11:15:01","INV1","COM3","slave_4","info",20004,"Версия оборудования","-",10101,
"2025-04-01T08:15:02.241Z","01.04.2025 11:15:02","INV1","COM3","slave_4","info",20005,"Версия программного обеспечения","-",21706,
"2025-04-01T08:15:02.548Z","01.04.2025 11:15:02","INV1","COM3","slave_4","info",20006,"Версия протокола","-",10414,
"2025-04-01T08:15:02.851Z","01.04.2025 11:15:02","INV1","COM3","slave_4","status",25201,"Состояние работы","-",3,
"2025-04-01T08:15:03.157Z","01.04.2025 11:15:03","INV1","COM3","slave_4","status",25205,"Напряжение АКБ","V",548,
"2025-04-01T08:15:03.459Z","01.04.2025 11:15:03","INV1","COM3","slave_4","status",25206,"Выходное напряжение инвертора","V",2191,
"2025-04-01T08:15:03.765Z","01.04.2025 11:15:03","INV1","COM3","slave_4","status",25207,"Сетевое напряжение","V",2208,
"2025-04-01T08:15:04.065Z","01.04.2025 11:15:04","INV1","COM3","slave_4","status",25210,"Ток инвертора","A",4,
"2025-04-01T08:15:04.372Z","01.04.2025 11:15:04","INV1","COM3","slave_4","status",25213,"Мощность инвертора","W",65470,
"2025-04-01T08:15:04.689Z","01.04.2025 11:15:04","INV1","COM3","slave_4","status",25214,"Мощность сети","W",65298,
"2025-04-01T08:15:05.004Z","01.04.2025 11:15:05","INV1","COM3","slave_4","status",25215,"Мощность нагрузки","W",163,
"2025-04-01T08:15:05.330Z","01.04.2025 11:15:05","INV1","COM3","slave_4","status",25216,"Процент нагрузки","%",3,
"2025-04-01T08:15:05.646Z","01.04.2025 11:15:05","INV1","COM3","slave_4","status",25233,"Температура радиатора AC","C",55,
"2025-04-01T08:15:05.942Z","01.04.2025 11:15:05","INV1","COM3","slave_4","status",25234,"Температура трансформатора","C",62,
"2025-04-01T08:15:06.257Z","01.04.2025 11:15:06","INV1","COM3","slave_4","status",25235,"Температура радиатора DC","C",42,
"2025-04-01T08:15:06.564Z","01.04.2025 11:15:06","INV1","COM3","slave_4","energy",25245,"Накопленная зарядная энергия (старший байт)","kWh",0,
"2025-04-01T08:15:06.881Z","01.04.2025 11:15:06","INV1","COM3","slave_4","energy",25246,"Накопленная зарядная энергия (младший байт)","kWh",1065,
"2025-04-01T08:15:07.188Z","01.04.2025 11:15:07","INV1","COM3","slave_4","energy",25247,"Накопленная разрядная энергия (старший байт)","kWh",0,
"2025-04-01T08:15:07.493Z","01.04.2025 11:15:07","INV1","COM3","slave_4","energy",25248,"Накопленная разрядная энергия (младший байт)","kWh",44,
"2025-04-01T08:15:07.819Z","01.04.2025 11:15:07","INV1","COM3","slave_4","energy",25253,"Накопленная нагрузочная энергия (старший байт)","kWh",0,
"2025-04-01T08:15:08.121Z","01.04.2025 11:15:08","INV1","COM3","slave_4","energy",25254,"Накопленная нагрузочная энергия (младший байт)","kWh",3792,
"2025-04-01T08:15:08.446Z","01.04.2025 11:15:08","INV1","COM3","slave_4","error",25261,"Сообщение об ошибке 1","-",0,
"2025-04-01T08:15:08.758Z","01.04.2025 11:15:08","INV1","COM3","slave_4","error",25262,"Сообщение об ошибке 2","-",0,
"2025-04-01T08:15:09.067Z","01.04.2025 11:15:09","INV1","COM3","slave_4","error",25265,"Сообщение о предупреждении 1","-",0,
"2025-04-01T08:15:09.373Z","01.04.2025 11:15:09","INV1","COM3","slave_4","error",25266,"Сообщение о предупреждении 2","-",0,
"2025-04-01T08:15:09.688Z","01.04.2025 11:15:09","INV2","COM4","slave_4","info",20000,"Тип устройства (старший байт)","-",20566,
"2025-04-01T08:15:10.005Z","01.04.2025 11:15:10","INV2","COM4","slave_4","info",20001,"Тип устройства (младший байт)","-",1800,
"2025-04-01T08:15:10.320Z","01.04.2025 11:15:10","INV2","COM4","slave_4","info",20002,"Серийный номер (старший байт)","-",65535,
"2025-04-01T08:15:10.617Z","01.04.2025 11:15:10","INV2","COM4","slave_4","info",20003,"Серийный номер (младший байт)","-",65535,
"2025-04-01T08:15:10.918Z","01.04.2025 11:15:10","INV2","COM4","slave_4","info",20004,"Версия оборудования","-",10101,
"2025-04-01T08:15:11.223Z","01.04.2025 11:15:11","INV2","COM4","slave_4","info",20005,"Версия программного обеспечения","-",21706,
"2025-04-01T08:15:11.547Z","01.04.2025 11:15:11","INV2","COM4","slave_4","info",20006,"Версия протокола","-",10414,
"2025-04-01T08:15:11.851Z","01.04.2025 11:15:11","INV2","COM4","slave_4","status",25201,"Состояние работы","-",3,
"2025-04-01T08:15:12.158Z","01.04.2025 11:15:12","INV2","COM4","slave_4","status",25205,"Напряжение АКБ","V",548,
"2025-04-01T08:15:12.459Z","01.04.2025 11:15:12","INV2","COM4","slave_4","status",25206,"Выходное напряжение инвертора","V",2218,
"2025-04-01T08:15:12.766Z","01.04.2025 11:15:12","INV2","COM4","slave_4","status",25207,"Сетевое напряжение","V",2231,
"2025-04-01T08:15:13.072Z","01.04.2025 11:15:13","INV2","COM4","slave_4","status",25210,"Ток инвертора","A",3,
"2025-04-01T08:15:13.381Z","01.04.2025 11:15:13","INV2","COM4","slave_4","status",25213,"Мощность инвертора","W",65466,
"2025-04-01T08:15:13.687Z","01.04.2025 11:15:13","INV2","COM4","slave_4","status",25214,"Мощность сети","W",65282,
"2025-04-01T08:15:14.003Z","01.04.2025 11:15:14","INV2","COM4","slave_4","status",25215,"Мощность нагрузки","W",171,
"2025-04-01T08:15:14.310Z","01.04.2025 11:15:14","INV2","COM4","slave_4","status",25216,"Процент нагрузки","%",3,
"2025-04-01T08:15:14.625Z","01.04.2025 11:15:14","INV2","COM4","slave_4","status",25233,"Температура радиатора AC","C",49,
"2025-04-01T08:15:14.938Z","01.04.2025 11:15:14","INV2","COM4","slave_4","status",25234,"Температура трансформатора","C",63,
"2025-04-01T08:15:15.249Z","01.04.2025 11:15:15","INV2","COM4","slave_4","status",25235,"Температура радиатора DC","C",43,
"2025-04-01T08:15:15.553Z","01.04.2025 11:15:15","INV2","COM4","slave_4","energy",25245,"Накопленная зарядная энергия (старший байт)","kWh",0,
"2025-04-01T08:15:15.863Z","01.04.2025 11:15:15","INV2","COM4","slave_4","energy",25246,"Накопленная зарядная энергия (младший байт)","kWh",1081,
"2025-04-01T08:15:16.168Z","01.04.2025 11:15:16","INV2","COM4","slave_4","energy",25247,"Накопленная разрядная энергия (старший байт)","kWh",0,
"2025-04-01T08:15:16.465Z","01.04.2025 11:15:16","INV2","COM4","slave_4","energy",25248,"Накопленная разрядная энергия (младший байт)","kWh",43,
"2025-04-01T08:15:16.773Z","01.04.2025 11:15:16","INV2","COM4","slave_4","energy",25253,"Накопленная нагрузочная энергия (старший байт)","kWh",0,
"2025-04-01T08:15:17.095Z","01.04.2025 11:15:17","INV2","COM4","slave_4","energy",25254,"Накопленная нагрузочная энергия (младший байт)","kWh",7497,
"2025-04-01T08:15:17.403Z","01.04.2025 11:15:17","INV2","COM4","slave_4","error",25261,"Сообщение об ошибке 1","-",0,
"2025-04-01T08:15:17.710Z","01.04.2025 11:15:17","INV2","COM4","slave_4","error",25262,"Сообщение об ошибке 2","-",0,
"2025-04-01T08:15:18.031Z","01.04.2025 11:15:18","INV2","COM4","slave_4","error",25265,"Сообщение о предупреждении 1","-",0,
"2025-04-01T08:15:18.353Z","01.04.2025 11:15:18","INV2","COM4","slave_4","error",25266,"Сообщение о предупреждении 2","-",0,
"2025-04-01T08:15:18.659Z","01.04.2025 11:15:18","INV3","COM5","slave_4","info",20000,"Тип устройства (старший байт)","-",20566,
"2025-04-01T08:15:18.965Z","01.04.2025 11:15:18","INV3","COM5","slave_4","info",20001,"Тип устройства (младший байт)","-",1800,
"2025-04-01T08:15:19.274Z","01.04.2025 11:15:19","INV3","COM5","slave_4","info",20002,"Серийный номер (старший байт)","-",65535,
"2025-04-01T08:15:19.588Z","01.04.2025 11:15:19","INV3","COM5","slave_4","info",20003,"Серийный номер (младший байт)","-",65535,
"2025-04-01T08:15:19.898Z","01.04.2025 11:15:19","INV3","COM5","slave_4","info",20004,"Версия оборудования","-",10101,
"2025-04-01T08:15:20.202Z","01.04.2025 11:15:20","INV3","COM5","slave_4","info",20005,"Версия программного обеспечения","-",21706,
"2025-04-01T08:15:20.516Z","01.04.2025 11:15:20","INV3","COM5","slave_4","info",20006,"Версия протокола","-",10414,
"2025-04-01T08:15:20.821Z","01.04.2025 11:15:20","INV3","COM5","slave_4","status",25201,"Состояние работы","-",3,
"2025-04-01T08:15:21.134Z","01.04.2025 11:15:21","INV3","COM5","slave_4","status",25205,"Напряжение АКБ","V",548,
"2025-04-01T08:15:21.433Z","01.04.2025 11:15:21","INV3","COM5","slave_4","status",25206,"Выходное напряжение инвертора","V",2188,
"2025-04-01T08:15:21.740Z","01.04.2025 11:15:21","INV3","COM5","slave_4","status",25207,"Сетевое напряжение","V",2202,
"2025-04-01T08:15:22.051Z","01.04.2025 11:15:22","INV3","COM5","slave_4","status",25210,"Ток инвертора","A",4,
"2025-04-01T08:15:22.352Z","01.04.2025 11:15:22","INV3","COM5","slave_4","status",25213,"Мощность инвертора","W",65463,
"2025-04-01T08:15:22.663Z","01.04.2025 11:15:22","INV3","COM5","slave_4","status",25214,"Мощность сети","W",65128,
"2025-04-01T08:15:22.978Z","01.04.2025 11:15:22","INV3","COM5","slave_4","status",25215,"Мощность нагрузки","W",318,
"2025-04-01T08:15:23.279Z","01.04.2025 11:15:23","INV3","COM5","slave_4","status",25216,"Процент нагрузки","%",6,
"2025-04-01T08:15:23.581Z","01.04.2025 11:15:23","INV3","COM5","slave_4","status",25233,"Температура радиатора AC","C",52,
"2025-04-01T08:15:23.889Z","01.04.2025 11:15:23","INV3","COM5","slave_4","status",25234,"Температура трансформатора","C",64,
"2025-04-01T08:15:24.196Z","01.04.2025 11:15:24","INV3","COM5","slave_4","status",25235,"Температура радиатора DC","C",46,
"2025-04-01T08:15:24.510Z","01.04.2025 11:15:24","INV3","COM5","slave_4","energy",25245,"Накопленная зарядная энергия (старший байт)","kWh",0,
"2025-04-01T08:15:24.825Z","01.04.2025 11:15:24","INV3","COM5","slave_4","energy",25246,"Накопленная зарядная энергия (младший байт)","kWh",1090,
"2025-04-01T08:15:25.130Z","01.04.2025 11:15:25","INV3","COM5","slave_4","energy",25247,"Накопленная разрядная энергия (старший байт)","kWh",0,
"2025-04-01T08:15:25.444Z","01.04.2025 11:15:25","INV3","COM5","slave_4","energy",25248,"Накопленная разрядная энергия (младший байт)","kWh",44,
"2025-04-01T08:15:25.756Z","01.04.2025 11:15:25","INV3","COM5","slave_4","energy",25253,"Накопленная нагрузочная энергия (старший байт)","kWh",0,
"2025-04-01T08:15:26.067Z","01.04.2025 11:15:26","INV3","COM5","slave_4","energy",25254,"Накопленная нагрузочная энергия (младший байт)","kWh",6250,
"2025-04-01T08:15:26.385Z","01.04.2025 11:15:26","INV3","COM5","slave_4","error",25261,"Сообщение об ошибке 1","-",0,
"2025-04-01T08:15:26.687Z","01.04.2025 11:15:26","INV3","COM5","slave_4","error",25262,"Сообщение об ошибке 2","-",0,
"2025-04-01T08:15:26.989Z","01.04.2025 11:15:26","INV3","COM5","slave_4","error",25265,"Сообщение о предупреждении 1","-",0,
"2025-04-01T08:15:27.297Z","01.04.2025 11:15:27","INV3","COM5","slave_4","error",25266,"Сообщение о предупреждении 2","-",0,
"2025-04-01T08:30:00.442Z","01.04.2025 11:30:00","INV1","COM3","slave_4","info",20000,"Тип устройства (старший байт)","-",20566,
"2025-04-01T08:30:00.781Z","01.04.2025 11:30:00","INV1","COM3","slave_4","info",20001,"Тип устройства (младший байт)","-",1800,
"2025-04-01T08:30:01.094Z","01.04.2025 11:30:01","INV1","COM3","slave_4","info",20002,"Серийный номер (старший байт)","-",65535,
"2025-04-01T08:30:01.399Z","01.04.2025 11:30:01","INV1","COM3","slave_4","info",20003,"Серийный номер (младший байт)","-",65535,
"2025-04-01T08:30:01.708Z","01.04.2025 11:30:01","INV1","COM3","slave_4","info",20004,"Версия оборудования","-",10101,
"2025-04-01T08:30:02.029Z","01.04.2025 11:30:02","INV1","COM3","slave_4","info",20005,"Версия программного обеспечения","-",21706,
"2025-04-01T08:30:02.336Z","01.04.2025 11:30:02","INV1","COM3","slave_4","info",20006,"Версия протокола","-",10414,
"2025-04-01T08:30:02.639Z","01.04.2025 11:30:02","INV1","COM3","slave_4","status",25201,"Состояние работы","-",3,
"2025-04-01T08:30:02.953Z","01.04.2025 11:30:02","INV1","COM3","slave_4","status",25205,"Напряжение АКБ","V",548,
"2025-04-01T08:30:03.258Z","01.04.2025 11:30:03","INV1","COM3","slave_4","status",25206,"Выходное напряжение инвертора","V",2192,
"2025-04-01T08:30:03.569Z","01.04.2025 11:30:03","INV1","COM3","slave_4","status",25207,"Сетевое напряжение","V",2200,
"2025-04-01T08:30:03.895Z","01.04.2025 11:30:03","INV1","COM3","slave_4","status",25210,"Ток инвертора","A",4,
"2025-04-01T08:30:04.197Z","01.04.2025 11:30:04","INV1","COM3","slave_4","status",25213,"Мощность инвертора","W",65461,
"2025-04-01T08:30:04.506Z","01.04.2025 11:30:04","INV1","COM3","slave_4","status",25214,"Мощность сети","W",65292,
"2025-04-01T08:30:04.811Z","01.04.2025 11:30:04","INV1","COM3","slave_4","status",25215,"Мощность нагрузки","W",167,
"2025-04-01T08:30:05.118Z","01.04.2025 11:30:05","INV1","COM3","slave_4","status",25216,"Процент нагрузки","%",3,
"2025-04-01T08:30:05.422Z","01.04.2025 11:30:05","INV1","COM3","slave_4","status",25233,"Температура радиатора AC","C",55,
"2025-04-01T08:30:05.724Z","01.04.2025 11:30:05","INV1","COM3","slave_4","status",25234,"Температура трансформатора","C",62,
"2025-04-01T08:30:06.036Z","01.04.2025 11:30:06","INV1","COM3","slave_4","status",25235,"Температура радиатора DC","C",42,
"2025-04-01T08:30:06.341Z","01.04.2025 11:30:06","INV1","COM3","slave_4","energy",25245,"Накопленная зарядная энергия (старший байт)","kWh",0,
"2025-04-01T08:30:06.663Z","01.04.2025 11:30:06","INV1","COM3","slave_4","energy",25246,"Накопленная зарядная энергия (младший байт)","kWh",1065,
"2025-04-01T08:30:06.973Z","01.04.2025 11:30:06","INV1","COM3","slave_4","energy",25247,"Накопленная разрядная энергия (старший байт)","kWh",0,
"2025-04-01T08:30:07.278Z","01.04.2025 11:30:07","INV1","COM3","slave_4","energy",25248,"Накопленная разрядная энергия (младший байт)","kWh",44,
"2025-04-01T08:30:07.590Z","01.04.2025 11:30:07","INV1","COM3","slave_4","energy",25253,"Накопленная нагрузочная энергия (старший байт)","kWh",0,
"2025-04-01T08:30:07.912Z","01.04.2025 11:30:07","INV1","COM3","slave_4","energy",25254,"Накопленная нагрузочная энергия (младший байт)","kWh",3792,
"2025-04-01T08:30:08.227Z","01.04.2025 11:30:08","INV1","COM3","slave_4","error",25261,"Сообщение об ошибке 1","-",0,
"2025-04-01T08:30:08.544Z","01.04.2025 11:30:08","INV1","COM3","slave_4","error",25262,"Сообщение об ошибке 2","-",0,
"2025-04-01T08:30:08.848Z","01.04.2025 11:30:08","INV1","COM3","slave_4","error",25265,"Сообщение о предупреждении 1","-",0,
"2025-04-01T08:30:09.151Z","01.04.2025 11:30:09","INV1","COM3","slave_4","error",25266,"Сообщение о предупреждении 2","-",0,
"2025-04-01T08:30:09.461Z","01.04.2025 11:30:09","INV2","COM4","slave_4","info",20000,"Тип устройства (старший байт)","-",20566,
"2025-04-01T08:30:09.762Z","01.04.2025 11:30:09","INV2","COM4","slave_4","info",20001,"Тип устройства (младший байт)","-",1800,
"2025-04-01T08:30:10.068Z","01.04.2025 11:30:10","INV2","COM4","slave_4","info",20002,"Серийный номер (старший байт)","-",65535,
"2025-04-01T08:30:10.378Z","01.04.2025 11:30:10","INV2","COM4","slave_4","info",20003,"Серийный номер (младший байт)","-",65535,
"2025-04-01T08:30:10.689Z","01.04.2025 11:30:10","INV2","COM4","slave_4","info",20004,"Версия оборудования","-",10101,
"2025-04-01T08:30:11.006Z","01.04.2025 11:30:11","INV2","COM4","slave_4","info",20005,"Версия программного обеспечения","-",21706,
"2025-04-01T08:30:11.314Z","01.04.2025 11:30:11","INV2","COM4","slave_4","info",20006,"Версия протокола","-",10414,
"2025-04-01T08:30:11.624Z","01.04.2025 11:30:11","INV2","COM4","slave_4","status",25201,"Состояние работы","-",3,
"2025-04-01T08:30:11.933Z","01.04.2025 11:30:11","INV2","COM4","slave_4","status",25205,"Напряжение АКБ","V",548,
"2025-04-01T08:30:12.238Z","01.04.2025 11:30:12","INV2","COM4","slave_4","status",25206,"Выходное напряжение инвертора","V",2220,
"2025-04-01T08:30:12.541Z","01.04.2025 11:30:12","INV2","COM4","slave_4","status",25207,"Сетевое напряжение","V",2235,
"2025-04-01T08:30:12.838Z","01.04.2025 11:30:12","INV2","COM4","slave_4","status",25210,"Ток инвертора","A",3,
"2025-04-01T08:30:13.141Z","01.04.2025 11:30:13","INV2","COM4","slave_4","status",25213,"Мощность инвертора","W",65467,
"2025-04-01T08:30:13.454Z","01.04.2025 11:30:13","INV2","COM4","slave_4","status",25214,"Мощность сети","W",65268,
"2025-04-01T08:30:13.762Z","01.04.2025 11:30:13","INV2","COM4","slave_4","status",25215,"Мощность нагрузки","W",179,
"2025-04-01T08:30:14.064Z","01.04.2025 11:30:14","INV2","COM4","slave_4","status",25216,"Процент нагрузки","%",3,
"2025-04-01T08:30:14.376Z","01.04.2025 11:30:14","INV2","COM4","slave_4","status",25233,"Температура радиатора AC","C",49,
"2025-04-01T08:30:14.683Z","01.04.2025 11:30:14","INV2","COM4","slave_4","status",25234,"Температура трансформатора","C",63,
"2025-04-01T08:30:14.985Z","01.04.2025 11:30:14","INV2","COM4","slave_4","status",25235,"Температура радиатора DC","C",43,
"2025-04-01T08:30:15.292Z","01.04.2025 11:30:15","INV2","COM4","slave_4","energy",25245,"Накопленная зарядная энергия (старший байт)","kWh",0,
"2025-04-01T08:30:15.613Z","01.04.2025 11:30:15","INV2","COM4","slave_4","energy",25246,"Накопленная зарядная энергия (младший байт)","kWh",1081,
"2025-04-01T08:30:15.920Z","01.04.2025 11:30:15","INV2","COM4","slave_4","energy",25247,"Накопленная разрядная энергия (старший байт)","kWh",0,
"2025-04-01T08:30:16.234Z","01.04.2025 11:30:16","INV2","COM4","slave_4","energy",25248,"Накопленная разрядная энергия (младший байт)","kWh",43,
"2025-04-01T08:30:16.536Z","01.04.2025 11:30:16","INV2","COM4","slave_4","energy",25253,"Накопленная нагрузочная энергия (старший байт)","kWh",0,
"2025-04-01T08:30:16.841Z","01.04.2025 11:30:16","INV2","COM4","slave_4","energy",25254,"Накопленная нагрузочная энергия (младший байт)","kWh",7498,
"2025-04-01T08:30:17.143Z","01.04.2025 11:30:17","INV2","COM4","slave_4","error",25261,"Сообщение об ошибке 1","-",0,
"2025-04-01T08:30:17.453Z","01.04.2025 11:30:17","INV2","COM4","slave_4","error",25262,"Сообщение об ошибке 2","-",0,
"2025-04-01T08:30:17.756Z","01.04.2025 11:30:17","INV2","COM4","slave_4","error",25265,"Сообщение о предупреждении 1","-",0,
"2025-04-01T08:30:18.065Z","01.04.2025 11:30:18","INV2","COM4","slave_4","error",25266,"Сообщение о предупреждении 2","-",0,
"2025-04-01T08:30:18.377Z","01.04.2025 11:30:18","INV3","COM5","slave_4","info",20000,"Тип устройства (старший байт)","-",20566,
"2025-04-01T08:30:18.680Z","01.04.2025 11:30:18","INV3","COM5","slave_4","info",20001,"Тип устройства (младший байт)","-",1800,
"2025-04-01T08:30:18.973Z","01.04.2025 11:30:18","INV3","COM5","slave_4","info",20002,"Серийный номер (старший байт)","-",65535,
"2025-04-01T08:30:19.275Z","01.04.2025 11:30:19","INV3","COM5","slave_4","info",20003,"Серийный номер (младший байт)","-",65535,
"2025-04-01T08:30:19.586Z","01.04.2025 11:30:19","INV3","COM5","slave_4","info",20004,"Версия оборудования","-",10101,
"2025-04-01T08:30:19.888Z","01.04.2025 11:30:19","INV3","COM5","slave_4","info",20005,"Версия программного обеспечения","-",21706,
"2025-04-01T08:30:20.201Z","01.04.2025 11:30:20","INV3","COM5","slave_4","info",20006,"Версия протокола","-",10414,
"2025-04-01T08:30:20.510Z","01.04.2025 11:30:20","INV3","COM5","slave_4","status",25201,"Состояние работы","-",3,
"2025-04-01T08:30:20.821Z","01.04.2025 11:30:20","INV3","COM5","slave_4","status",25205,"Напряжение АКБ","V",548,
"2025-04-01T08:30:21.127Z","01.04.2025 11:30:21","INV3","COM5","slave_4","status",25206,"Выходное напряжение инвертора","V",2189,
"2025-04-01T08:30:21.427Z","01.04.2025 11:30:21","INV3","COM5","slave_4","status",25207,"Сетевое напряжение","V",2199,
"2025-04-01T08:30:21.733Z","01.04.2025 11:30:21","INV3","COM5","slave_4","status",25210,"Ток инвертора","A",4,
"2025-04-01T08:30:22.048Z","01.04.2025 11:30:22","INV3","COM5","slave_4","status",25213,"Мощность инвертора","W",65467,
"2025-04-01T08:30:22.359Z","01.04.2025 11:30:22","INV3","COM5","slave_4","status",25214,"Мощность сети","W",65156,
"2025-04-01T08:30:22.666Z","01.04.2025 11:30:22","INV3","COM5","slave_4","status",25215,"Мощность нагрузки","W",298,
"2025-04-01T08:30:22.971Z","01.04.2025 11:30:22","INV3","COM5","slave_4","status",25216,"Процент нагрузки","%",5,
"2025-04-01T08:30:23.268Z","01.04.2025 11:30:23","INV3","COM5","slave_4","status",25233,"Температура радиатора AC","C",51,
"2025-04-01T08:30:23.572Z","01.04.2025 11:30:23","INV3","COM5","slave_4","status",25234,"Температура трансформатора","C",64,
"2025-04-01T08:30:23.876Z","01.04.2025 11:30:23","INV3","COM5","slave_4","status",25235,"Температура радиатора DC","C",46,
"2025-04-01T08:30:24.203Z","01.04.2025 11:30:24","INV3","COM5","slave_4","energy",25245,"Накопленная зарядная энергия (старший байт)","kWh",0,
"2025-04-01T08:30:24.512Z","01.04.2025 11:30:24","INV3","COM5","slave_4","energy",25246,"Накопленная зарядная энергия (младший байт)","kWh",1090,
"2025-04-01T08:30:24.821Z","01.04.2025 11:30:24","INV3","COM5","slave_4","energy",25247,"Накопленная разрядная энергия (старший байт)","kWh",0,
"2025-04-01T08:30:25.128Z","01.04.2025 11:30:25","INV3","COM5","slave_4","energy",25248,"Накопленная разрядная энергия (младший байт)","kWh",44,
"2025-04-01T08:30:25.433Z","01.04.2025 11:30:25","INV3","COM5","slave_4","energy",25253,"Накопленная нагрузочная энергия (старший байт)","kWh",0,
"2025-04-01T08:30:25.738Z","01.04.2025 11:30:25","INV3","COM5","slave_4","energy",25254,"Накопленная нагрузочная энергия (младший байт)","kWh",6250,
"2025-04-01T08:30:26.039Z","01.04.2025 11:30:26","INV3","COM5","slave_4","error",25261,"Сообщение об ошибке 1","-",0,
"2025-04-01T08:30:26.343Z","01.04.2025 11:30:26","INV3","COM5","slave_4","error",25262,"Сообщение об ошибке 2","-",0,
"2025-04-01T08:30:26.656Z","01.04.2025 11:30:26","INV3","COM5","slave_4","error",25265,"Сообщение о предупреждении 1","-",0,
"2025-04-01T08:30:26.968Z","01.04.2025 11:30:26","INV3","COM5","slave_4","error",25266,"Сообщение о предупреждении 2","-",0,
"2025-04-01T08:45:00.788Z","01.04.2025 11:45:00","INV1","COM3","slave_4","info",20000,"Тип устройства (старший байт)","-",20566,
"2025-04-01T08:45:01.096Z","01.04.2025 11:45:01","INV1","COM3","slave_4","info",20001,"Тип устройства (младший байт)","-",1800,
"2025-04-01T08:45:01.402Z","01.04.2025 11:45:01","INV1","COM3","slave_4","info",20002,"Серийный номер (старший байт)","-",65535,
"2025-04-01T08:45:01.710Z","01.04.2025 11:45:01","INV1","COM3","slave_4","info",20003,"Серийный номер (младший байт)","-",65535,
"2025-04-01T08:45:02.008Z","01.04.2025 11:45:02","INV1","COM3","slave_4","info",20004,"Версия оборудования","-",10101,
"2025-04-01T08:45:02.322Z","01.04.2025 11:45:02","INV1","COM3","slave_4","info",20005,"Версия программного обеспечения","-",21706,
"2025-04-01T08:45:02.622Z","01.04.2025 11:45:02","INV1","COM3","slave_4","info",20006,"Версия протокола","-",10414,
"2025-04-01T08:45:02.921Z","01.04.2025 11:45:02","INV1","COM3","slave_4","status",25201,"Состояние работы","-",3,
"2025-04-01T08:45:03.216Z","01.04.2025 11:45:03","INV1","COM3","slave_4","status",25205,"Напряжение АКБ","V",548,
"2025-04-01T08:45:03.520Z","01.04.2025 11:45:03","INV1","COM3","slave_4","status",25206,"Выходное напряжение инвертора","V",2193,
"2025-04-01T08:45:03.821Z","01.04.2025 11:45:03","INV1","COM3","slave_4","status",25207,"Сетевое напряжение","V",2203,
"2025-04-01T08:45:04.123Z","01.04.2025 11:45:04","INV1","COM3","slave_4","status",25210,"Ток инвертора","A",4,
"2025-04-01T08:45:04.432Z","01.04.2025 11:45:04","INV1","COM3","slave_4","status",25213,"Мощность инвертора","W",65459,
"2025-04-01T08:45:04.746Z","01.04.2025 11:45:04","INV1","COM3","slave_4","status",25214,"Мощность сети","W",65293,
"2025-04-01T08:45:05.050Z","01.04.2025 11:45:05","INV1","COM3","slave_4","status",25215,"Мощность нагрузки","W",161,
"2025-04-01T08:45:05.355Z","01.04.2025 11:45:05","INV1","COM3","slave_4","status",25216,"Процент нагрузки","%",3,
"2025-04-01T08:45:05.659Z","01.04.2025 11:45:05","INV1","COM3","slave_4","status",25233,"Температура радиатора AC","C",55,
"2025-04-01T08:45:05.961Z","01.04.2025 11:45:05","INV1","COM3","slave_4","status",25234,"Температура трансформатора","C",62,
"2025-04-01T08:45:06.280Z","01.04.2025 11:45:06","INV1","COM3","slave_4","status",25235,"Температура радиатора DC","C",42,
"2025-04-01T08:45:06.595Z","01.04.2025 11:45:06","INV1","COM3","slave_4","energy",25245,"Накопленная зарядная энергия (старший байт)","kWh",0,
"2025-04-01T08:45:06.904Z","01.04.2025 11:45:06","INV1","COM3","slave_4","energy",25246,"Накопленная зарядная энергия (младший байт)","kWh",1066,
"2025-04-01T08:45:07.220Z","01.04.2025 11:45:07","INV1","COM3","slave_4","energy",25247,"Накопленная разрядная энергия (старший байт)","kWh",0,
"2025-04-01T08:45:07.523Z","01.04.2025 11:45:07","INV1","COM3","slave_4","energy",25248,"Накопленная разрядная энергия (младший байт)","kWh",44,
"2025-04-01T08:45:07.825Z","01.04.2025 11:45:07","INV1","COM3","slave_4","energy",25253,"Накопленная нагрузочная энергия (старший байт)","kWh",0,
"2025-04-01T08:45:08.151Z","01.04.2025 11:45:08","INV1","COM3","slave_4","energy",25254,"Накопленная нагрузочная энергия (младший байт)","kWh",3793,
"2025-04-01T08:45:08.462Z","01.04.2025 11:45:08","INV1","COM3","slave_4","error",25261,"Сообщение об ошибке 1","-",0,
"2025-04-01T08:45:08.772Z","01.04.2025 11:45:08","INV1","COM3","slave_4","error",25262,"Сообщение об ошибке 2","-",0,
"2025-04-01T08:45:09.074Z","01.04.2025 11:45:09","INV1","COM3","slave_4","error",25265,"Сообщение о предупреждении 1","-",0,
"2025-04-01T08:45:09.382Z","01.04.2025 11:45:09","INV1","COM3","slave_4","error",25266,"Сообщение о предупреждении 2","-",0,
"2025-04-01T08:45:09.694Z","01.04.2025 11:45:09","INV2","COM4","slave_4","info",20000,"Тип устройства (старший байт)","-",20566,
"2025-04-01T08:45:10.008Z","01.04.2025 11:45:10","INV2","COM4","slave_4","info",20001,"Тип устройства (младший байт)","-",1800,
"2025-04-01T08:45:10.318Z","01.04.2025 11:45:10","INV2","COM4","slave_4","info",20002,"Серийный номер (старший байт)","-",65535,
"2025-04-01T08:45:10.622Z","01.04.2025 11:45:10","INV2","COM4","slave_4","info",20003,"Серийный номер (младший байт)","-",65535,
"2025-04-01T08:45:10.920Z","01.04.2025 11:45:10","INV2","COM4","slave_4","info",20004,"Версия оборудования","-",10101,
"2025-04-01T08:45:11.233Z","01.04.2025 11:45:11","INV2","COM4","slave_4","info",20005,"Версия программного обеспечения","-",21706,
"2025-04-01T08:45:11.535Z","01.04.2025 11:45:11","INV2","COM4","slave_4","info",20006,"Версия протокола","-",10414,
"2025-04-01T08:45:11.849Z","01.04.2025 11:45:11","INV2","COM4","slave_4","status",25201,"Состояние работы","-",3,
"2025-04-01T08:45:12.159Z","01.04.2025 11:45:12","INV2","COM4","slave_4","status",25205,"Напряжение АКБ","V",547,
"2025-04-01T08:45:12.467Z","01.04.2025 11:45:12","INV2","COM4","slave_4","status",25206,"Выходное напряжение инвертора","V",2221,
"2025-04-01T08:45:12.772Z","01.04.2025 11:45:12","INV2","COM4","slave_4","status",25207,"Сетевое напряжение","V",2233,
"2025-04-01T08:45:13.071Z","01.04.2025 11:45:13","INV2","COM4","slave_4","status",25210,"Ток инвертора","A",4,
"2025-04-01T08:45:13.379Z","01.04.2025 11:45:13","INV2","COM4","slave_4","status",25213,"Мощность инвертора","W",65463,
"2025-04-01T08:45:13.683Z","01.04.2025 11:45:13","INV2","COM4","slave_4","status",25214,"Мощность сети","W",65288,
"2025-04-01T08:45:14.008Z","01.04.2025 11:45:14","INV2","COM4","slave_4","status",25215,"Мощность нагрузки","W",167,
"2025-04-01T08:45:14.318Z","01.04.2025 11:45:14","INV2","COM4","slave_4","status",25216,"Процент нагрузки","%",3,
"2025-04-01T08:45:14.618Z","01.04.2025 11:45:14","INV2","COM4","slave_4","status",25233,"Температура радиатора AC","C",49,
"2025-04-01T08:45:14.936Z","01.04.2025 11:45:14","INV2","COM4","slave_4","status",25234,"Температура трансформатора","C",63,
"2025-04-01T08:45:15.254Z","01.04.2025 11:45:15","INV2","COM4","slave_4","status",25235,"Температура радиатора DC","C",43,
"2025-04-01T08:45:15.559Z","01.04.2025 11:45:15","INV2","COM4","slave_4","energy",25245,"Накопленная зарядная энергия (старший байт)","kWh",0,
"2025-04-01T08:45:15.861Z","01.04.2025 11:45:15","INV2","COM4","slave_4","energy",25246,"Накопленная зарядная энергия (младший байт)","kWh",1082,
"2025-04-01T08:45:16.167Z","01.04.2025 11:45:16","INV2","COM4","slave_4","energy",25247,"Накопленная разрядная энергия (старший байт)","kWh",0,
"2025-04-01T08:45:16.469Z","01.04.2025 11:45:16","INV2","COM4","slave_4","energy",25248,"Накопленная разрядная энергия (младший байт)","kWh",43,
"2025-04-01T08:45:16.767Z","01.04.2025 11:45:16","INV2","COM4","slave_4","energy",25253,"Накопленная нагрузочная энергия (старший байт)","kWh",0,
"2025-04-01T08:45:17.077Z","01.04.2025 11:45:17","INV2","COM4","slave_4","energy",25254,"Накопленная нагрузочная энергия (младший байт)","kWh",7498,
"2025-04-01T08:45:17.382Z","01.04.2025 11:45:17","INV2","COM4","slave_4","error",25261,"Сообщение об ошибке 1","-",0,
"2025-04-01T08:45:17.697Z","01.04.2025 11:45:17","INV2","COM4","slave_4","error",25262,"Сообщение об ошибке 2","-",0,
"2025-04-01T08:45:18.004Z","01.04.2025 11:45:18","INV2","COM4","slave_4","error",25265,"Сообщение о предупреждении 1","-",0,
"2025-04-01T08:45:18.312Z","01.04.2025 11:45:18","INV2","COM4","slave_4","error",25266,"Сообщение о предупреждении 2","-",0,
"2025-04-01T08:45:18.629Z","01.04.2025 11:45:18","INV3","COM5","slave_4","info",20000,"Тип устройства (старший байт)","-",20566,
"2025-04-01T08:45:18.929Z","01.04.2025 11:45:18","INV3","COM5","slave_4","info",20001,"Тип устройства (младший байт)","-",1800,
"2025-04-01T08:45:19.240Z","01.04.2025 11:45:19","INV3","COM5","slave_4","info",20002,"Серийный номер (старший байт)","-",65535,
"2025-04-01T08:45:19.556Z","01.04.2025 11:45:19","INV3","COM5","slave_4","info",20003,"Серийный номер (младший байт)","-",65535,
"2025-04-01T08:45:19.876Z","01.04.2025 11:45:19","INV3","COM5","slave_4","info",20004,"Версия оборудования","-",10101,
"2025-04-01T08:45:20.189Z","01.04.2025 11:45:20","INV3","COM5","slave_4","info",20005,"Версия программного обеспечения","-",21706,
"2025-04-01T08:45:20.488Z","01.04.2025 11:45:20","INV3","COM5","slave_4","info",20006,"Версия протокола","-",10414,
"2025-04-01T08:45:20.792Z","01.04.2025 11:45:20","INV3","COM5","slave_4","status",25201,"Состояние работы","-",3,
"2025-04-01T08:45:21.096Z","01.04.2025 11:45:21","INV3","COM5","slave_4","status",25205,"Напряжение АКБ","V",548,
"2025-04-01T08:45:21.404Z","01.04.2025 11:45:21","INV3","COM5","slave_4","status",25206,"Выходное напряжение инвертора","V",2190,
"2025-04-01T08:45:21.703Z","01.04.2025 11:45:21","INV3","COM5","slave_4","status",25207,"Сетевое напряжение","V",2201,
"2025-04-01T08:45:22.008Z","01.04.2025 11:45:22","INV3","COM5","slave_4","status",25210,"Ток инвертора","A",4,
"2025-04-01T08:45:22.323Z","01.04.2025 11:45:22","INV3","COM5","slave_4","status",25213,"Мощность инвертора","W",65461,
"2025-04-01T08:45:22.630Z","01.04.2025 11:45:22","INV3","COM5","slave_4","status",25214,"Мощность сети","W",65127,
"2025-04-01T08:45:22.938Z","01.04.2025 11:45:22","INV3","COM5","slave_4","status",25215,"Мощность нагрузки","W",315,
"2025-04-01T08:45:23.247Z","01.04.2025 11:45:23","INV3","COM5","slave_4","status",25216,"Процент нагрузки","%",6,
"2025-04-01T08:45:23.562Z","01.04.2025 11:45:23","INV3","COM5","slave_4","status",25233,"Температура радиатора AC","C",52,
"2025-04-01T08:45:23.876Z","01.04.2025 11:45:23","INV3","COM5","slave_4","status",25234,"Температура трансформатора","C",64,
"2025-04-01T08:45:24.179Z","01.04.2025 11:45:24","INV3","COM5","slave_4","status",25235,"Температура радиатора DC","C",46,
"2025-04-01T08:45:24.493Z","01.04.2025 11:45:24","INV3","COM5","slave_4","energy",25245,"Накопленная зарядная энергия (старший байт)","kWh",0,
"2025-04-01T08:45:24.795Z","01.04.2025 11:45:24","INV3","COM5","slave_4","energy",25246,"Накопленная зарядная энергия (младший байт)","kWh",1091,
"2025-04-01T08:45:25.097Z","01.04.2025 11:45:25","INV3","COM5","slave_4","energy",25247,"Накопленная разрядная энергия (старший байт)","kWh",0,
"2025-04-01T08:45:25.405Z","01.04.2025 11:45:25","INV3","COM5","slave_4","energy",25248,"Накопленная разрядная энергия (младший байт)","kWh",44,
"2025-04-01T08:45:25.705Z","01.04.2025 11:45:25","INV3","COM5","slave_4","energy",25253,"Накопленная нагрузочная энергия (старший байт)","kWh",0,
"2025-04-01T08:45:26.020Z","01.04.2025 11:45:26","INV3","COM5","slave_4","energy",25254,"Накопленная нагрузочная энергия (младший байт)","kWh",6251,
"2025-04-01T08:45:26.324Z","01.04.2025 11:45:26","INV3","COM5","slave_4","error",25261,"Сообщение об ошибке 1","-",0,
"2025-04-01T08:45:26.636Z","01.04.2025 11:45:26","INV3","COM5","slave_4","error",25262,"Сообщение об ошибке 2","-",0,
"2025-04-01T08:45:26.941Z","01.04.2025 11:45:26","INV3","COM5","slave_4","error",25265,"Сообщение о предупреждении 1","-",0,
"2025-04-01T08:45:27.252Z","01.04.2025 11:45:27","INV3","COM5","slave_4","error",25266,"Сообщение о предупреждении 2","-",0,
"2025-04-01T09:00:00.533Z","01.04.2025 12:00:00","INV1","COM3","slave_4","info",20000,"Тип устройства (старший байт)","-",20566,
"2025-04-01T09:00:00.832Z","01.04.2025 12:00:00","INV1","COM3","slave_4","info",20001,"Тип устройства (младший байт)","-",1800,
"2025-04-01T09:00:01.153Z","01.04.2025 12:00:01","INV1","COM3","slave_4","info",20002,"Серийный номер (старший байт)","-",65535,
"2025-04-01T09:00:01.460Z","01.04.2025 12:00:01","INV1","COM3","slave_4","info",20003,"Серийный номер (младший байт)","-",65535,
"2025-04-01T09:00:01.774Z","01.04.2025 12:00:01","INV1","COM3","slave_4","info",20004,"Версия оборудования","-",10101,
"2025-04-01T09:00:02.073Z","01.04.2025 12:00:02","INV1","COM3","slave_4","info",20005,"Версия программного обеспечения","-",21706,
"2025-04-01T09:00:02.399Z","01.04.2025 12:00:02","INV1","COM3","slave_4","info",20006,"Версия протокола","-",10414,
"2025-04-01T09:00:02.701Z","01.04.2025 12:00:02","INV1","COM3","slave_4","status",25201,"Состояние работы","-",3,
"2025-04-01T09:00:03.008Z","01.04.2025 12:00:03","INV1","COM3","slave_4","status",25205,"Напряжение АКБ","V",548,
"2025-04-01T09:00:03.319Z","01.04.2025 12:00:03","INV1","COM3","slave_4","status",25206,"Выходное напряжение инвертора","V",2191,
"2025-04-01T09:00:03.628Z","01.04.2025 12:00:03","INV1","COM3","slave_4","status",25207,"Сетевое напряжение","V",2198,
"2025-04-01T09:00:03.928Z","01.04.2025 12:00:03","INV1","COM3","slave_4","status",25210,"Ток инвертора","A",4,
"2025-04-01T09:00:04.228Z","01.04.2025 12:00:04","INV1","COM3","slave_4","status",25213,"Мощность инвертора","W",65459,
"2025-04-01T09:00:04.535Z","01.04.2025 12:00:04","INV1","COM3","slave_4","status",25214,"Мощность сети","W",65302,
"2025-04-01T09:00:04.851Z","01.04.2025 12:00:04","INV1","COM3","slave_4","status",25215,"Мощность нагрузки","W",165,
"2025-04-01T09:00:05.158Z","01.04.2025 12:00:05","INV1","COM3","slave_4","status",25216,"Процент нагрузки","%",3,
"2025-04-01T09:00:05.469Z","01.04.2025 12:00:05","INV1","COM3","slave_4","status",25233,"Температура радиатора AC","C",54,
"2025-04-01T09:00:05.774Z","01.04.2025 12:00:05","INV1","COM3","slave_4","status",25234,"Температура трансформатора","C",62,
"2025-04-01T09:00:06.100Z","01.04.2025 12:00:06","INV1","COM3","slave_4","status",25235,"Температура радиатора DC","C",42,
"2025-04-01T09:00:06.408Z","01.04.2025 12:00:06","INV1","COM3","slave_4","energy",25245,"Накопленная зарядная энергия (старший байт)","kWh",0,
"2025-04-01T09:00:06.712Z","01.04.2025 12:00:06","INV1","COM3","slave_4","energy",25246,"Накопленная зарядная энергия (младший байт)","kWh",1066,
"2025-04-01T09:00:07.039Z","01.04.2025 12:00:07","INV1","COM3","slave_4","energy",25247,"Накопленная разрядная энергия (старший байт)","kWh",0,
"2025-04-01T09:00:07.351Z","01.04.2025 12:00:07","INV1","COM3","slave_4","energy",25248,"Накопленная разрядная энергия (младший байт)","kWh",44,
"2025-04-01T09:00:07.659Z","01.04.2025 12:00:07","INV1","COM3","slave_4","energy",25253,"Накопленная нагрузочная энергия (старший байт)","kWh",0,
"2025-04-01T09:00:07.969Z","01.04.2025 12:00:07","INV1","COM3","slave_4","energy",25254,"Накопленная нагрузочная энергия (младший байт)","kWh",3793,
"2025-04-01T09:00:08.283Z","01.04.2025 12:00:08","INV1","COM3","slave_4","error",25261,"Сообщение об ошибке 1","-",0,
"2025-04-01T09:00:08.582Z","01.04.2025 12:00:08","INV1","COM3","slave_4","error",25262,"Сообщение об ошибке 2","-",0,
"2025-04-01T09:00:08.882Z","01.04.2025 12:00:08","INV1","COM3","slave_4","error",25265,"Сообщение о предупреждении 1","-",0,
"2025-04-01T09:00:09.185Z","01.04.2025 12:00:09","INV1","COM3","slave_4","error",25266,"Сообщение о предупреждении 2","-",0,
"2025-04-01T09:00:09.503Z","01.04.2025 12:00:09","INV2","COM4","slave_4","info",20000,"Тип устройства (старший байт)","-",20566,
"2025-04-01T09:00:09.814Z","01.04.2025 12:00:09","INV2","COM4","slave_4","info",20001,"Тип устройства (младший байт)","-",1800,
"2025-04-01T09:00:10.115Z","01.04.2025 12:00:10","INV2","COM4","slave_4","info",20002,"Серийный номер (старший байт)","-",65535,
"2025-04-01T09:00:10.434Z","01.04.2025 12:00:10","INV2","COM4","slave_4","info",20003,"Серийный номер (младший байт)","-",65535,
"2025-04-01T09:00:10.740Z","01.04.2025 12:00:10","INV2","COM4","slave_4","info",20004,"Версия оборудования","-",10101,
"2025-04-01T09:00:11.063Z","01.04.2025 12:00:11","INV2","COM4","slave_4","info",20005,"Версия программного обеспечения","-",21706,
"2025-04-01T09:00:11.383Z","01.04.2025 12:00:11","INV2","COM4","slave_4","info",20006,"Версия протокола","-",10414,
"2025-04-01T09:00:11.680Z","01.04.2025 12:00:11","INV2","COM4","slave_4","status",25201,"Состояние работы","-",3,
"2025-04-01T09:00:11.996Z","01.04.2025 12:00:11","INV2","COM4","slave_4","status",25205,"Напряжение АКБ","V",548,
"2025-04-01T09:00:12.303Z","01.04.2025 12:00:12","INV2","COM4","slave_4","status",25206,"Выходное напряжение инвертора","V",2219,
"2025-04-01T09:00:12.613Z","01.04.2025 12:00:12","INV2","COM4","slave_4","status",25207,"Сетевое напряжение","V",2232,
"2025-04-01T09:00:12.912Z","01.04.2025 12:00:12","INV2","COM4","slave_4","status",25210,"Ток инвертора","A",4,
"2025-04-01T09:00:13.204Z","01.04.2025 12:00:13","INV2","COM4","slave_4","status",25213,"Мощность инвертора","W",65472,
"2025-04-01T09:00:13.510Z","01.04.2025 12:00:13","INV2","COM4","slave_4","status",25214,"Мощность сети","W",65283,
"2025-04-01T09:00:13.818Z","01.04.2025 12:00:13","INV2","COM4","slave_4","status",25215,"Мощность нагрузки","W",159,
"2025-04-01T09:00:14.136Z","01.04.2025 12:00:14","INV2","COM4","slave_4","status",25216,"Процент нагрузки","%",3,
"2025-04-01T09:00:14.452Z","01.04.2025 12:00:14","INV2","COM4","slave_4","status",25233,"Температура радиатора AC","C",48,
"2025-04-01T09:00:14.770Z","01.04.2025 12:00:14","INV2","COM4","slave_4","status",25234,"Температура трансформатора","C",63,
"2025-04-01T09:00:15.084Z","01.04.2025 12:00:15","INV2","COM4","slave_4","status",25235,"Температура радиатора DC","C",43,
"2025-04-01T09:00:15.401Z","01.04.2025 12:00:15","INV2","COM4","slave_4","energy",25245,"Накопленная зарядная энергия (старший байт)","kWh",0,
"2025-04-01T09:00:15.717Z","01.04.2025 12:00:15","INV2","COM4","slave_4","energy",25246,"Накопленная зарядная энергия (младший байт)","kWh",1082,
"2025-04-01T09:00:16.041Z","01.04.2025 12:00:16","INV2","COM4","slave_4","energy",25247,"Накопленная разрядная энергия (старший байт)","kWh",0,
"2025-04-01T09:00:16.358Z","01.04.2025 12:00:16","INV2","COM4","slave_4","energy",25248,"Накопленная разрядная энергия (младший байт)","kWh",43,
"2025-04-01T09:00:16.666Z","01.04.2025 12:00:16","INV2","COM4","slave_4","energy",25253,"Накопленная нагрузочная энергия (старший байт)","kWh",0,
"2025-04-01T09:00:16.964Z","01.04.2025 12:00:16","INV2","COM4","slave_4","energy",25254,"Накопленная нагрузочная энергия (младший байт)","kWh",7499,
"2025-04-01T09:00:17.275Z","01.04.2025 12:00:17","INV2","COM4","slave_4","error",25261,"Сообщение об ошибке 1","-",0,
"2025-04-01T09:00:17.580Z","01.04.2025 12:00:17","INV2","COM4","slave_4","error",25262,"Сообщение об ошибке 2","-",0,
"2025-04-01T09:00:17.890Z","01.04.2025 12:00:17","INV2","COM4","slave_4","error",25265,"Сообщение о предупреждении 1","-",0,
"2025-04-01T09:00:18.216Z","01.04.2025 12:00:18","INV2","COM4","slave_4","error",25266,"Сообщение о предупреждении 2","-",0,
"2025-04-01T09:00:18.530Z","01.04.2025 12:00:18","INV3","COM5","slave_4","info",20000,"Тип устройства (старший байт)","-",20566,
"2025-04-01T09:00:18.830Z","01.04.2025 12:00:18","INV3","COM5","slave_4","info",20001,"Тип устройства (младший байт)","-",1800,
"2025-04-01T09:00:19.137Z","01.04.2025 12:00:19","INV3","COM5","slave_4","info",20002,"Серийный номер (старший байт)","-",65535,
"2025-04-01T09:00:19.449Z","01.04.2025 12:00:19","INV3","COM5","slave_4","info",20003,"Серийный номер (младший байт)","-",65535,
"2025-04-01T09:00:19.758Z","01.04.2025 12:00:19","INV3","COM5","slave_4","info",20004,"Версия оборудования","-",10101,
"2025-04-01T09:00:20.061Z","01.04.2025 12:00:20","INV3","COM5","slave_4","info",20005,"Версия программного обеспечения","-",21706,
"2025-04-01T09:00:20.362Z","01.04.2025 12:00:20","INV3","COM5","slave_4","info",20006,"Версия протокола","-",10414,
"2025-04-01T09:00:20.660Z","01.04.2025 12:00:20","INV3","COM5","slave_4","status",25201,"Состояние работы","-",3,
"2025-04-01T09:00:20.973Z","01.04.2025 12:00:20","INV3","COM5","slave_4","status",25205,"Напряжение АКБ","V",548,
"2025-04-01T09:00:21.276Z","01.04.2025 12:00:21","INV3","COM5","slave_4","status",25206,"Выходное напряжение инвертора","V",2190,
"2025-04-01T09:00:21.586Z","01.04.2025 12:00:21","INV3","COM5","slave_4","status",25207,"Сетевое напряжение","V",2201,
"2025-04-01T09:00:21.896Z","01.04.2025 12:00:21","INV3","COM5","slave_4","status",25210,"Ток инвертора","A",4,
"2025-04-01T09:00:22.217Z","01.04.2025 12:00:22","INV3","COM5","slave_4","status",25213,"Мощность инвертора","W",65462,
"2025-04-01T09:00:22.524Z","01.04.2025 12:00:22","INV3","COM5","slave_4","status",25214,"Мощность сети","W",65150,
"2025-04-01T09:00:22.823Z","01.04.2025 12:00:22","INV3","COM5","slave_4","status",25215,"Мощность нагрузки","W",297,
"2025-04-01T09:00:23.125Z","01.04.2025 12:00:23","INV3","COM5","slave_4","status",25216,"Процент нагрузки","%",5,
"2025-04-01T09:00:23.450Z","01.04.2025 12:00:23","INV3","COM5","slave_4","status",25233,"Температура радиатора AC","C",51,
"2025-04-01T09:00:23.763Z","01.04.2025 12:00:23","INV3","COM5","slave_4","status",25234,"Температура трансформатора","C",64,
"2025-04-01T09:00:24.083Z","01.04.2025 12:00:24","INV3","COM5","slave_4","status",25235,"Температура радиатора DC","C",46,
"2025-04-01T09:00:24.388Z","01.04.2025 12:00:24","INV3","COM5","slave_4","energy",25245,"Накопленная зарядная энергия (старший байт)","kWh",0,
"2025-04-01T09:00:24.697Z","01.04.2025 12:00:24","INV3","COM5","slave_4","energy",25246,"Накопленная зарядная энергия (младший байт)","kWh",1091,
"2025-04-01T09:00:25.024Z","01.04.2025 12:00:25","INV3","COM5","slave_4","energy",25247,"Накопленная разрядная энергия (старший байт)","kWh",0,
"2025-04-01T09:00:25.351Z","01.04.2025 12:00:25","INV3","COM5","slave_4","energy",25248,"Накопленная разрядная энергия (младший байт)","kWh",44,
"2025-04-01T09:00:25.664Z","01.04.2025 12:00:25","INV3","COM5","slave_4","energy",25253,"Накопленная нагрузочная энергия (старший байт)","kWh",0,
"2025-04-01T09:00:25.964Z","01.04.2025 12:00:25","INV3","COM5","slave_4","energy",25254,"Накопленная нагрузочная энергия (младший байт)","kWh",6252,
"2025-04-01T09:00:26.277Z","01.04.2025 12:00:26","INV3","COM5","slave_4","error",25261,"Сообщение об ошибке 1","-",0,
"2025-04-01T09:00:26.591Z","01.04.2025 12:00:26","INV3","COM5","slave_4","error",25262,"Сообщение об ошибке 2","-",0,
"2025-04-01T09:00:26.896Z","01.04.2025 12:00:26","INV3","COM5","slave_4","error",25265,"Сообщение о предупреждении 1","-",0,
"2025-04-01T09:00:27.209Z","01.04.2025 12:00:27","INV3","COM5","slave_4","error",25266,"Сообщение о предупреждении 2","-",0,
"2025-04-01T09:15:00.719Z","01.04.2025 12:15:00","INV1","COM3","slave_4","info",20000,"Тип устройства (старший байт)","-",20566,
"2025-04-01T09:15:01.023Z","01.04.2025 12:15:01","INV1","COM3","slave_4","info",20001,"Тип устройства (младший байт)","-",1800,
"2025-04-01T09:15:01.328Z","01.04.2025 12:15:01","INV1","COM3","slave_4","info",20002,"Серийный номер (старший байт)","-",65535,
"2025-04-01T09:15:01.634Z","01.04.2025 12:15:01","INV1","COM3","slave_4","info",20003,"Серийный номер (младший байт)","-",65535,
"2025-04-01T09:15:01.945Z","01.04.2025 12:15:01","INV1","COM3","slave_4","info",20004,"Версия оборудования","-",10101,
"2025-04-01T09:15:02.258Z","01.04.2025 12:15:02","INV1","COM3","slave_4","info",20005,"Версия программного обеспечения","-",21706,
"2025-04-01T09:15:02.563Z","01.04.2025 12:15:02","INV1","COM3","slave_4","info",20006,"Версия протокола","-",10414,
"2025-04-01T09:15:02.858Z","01.04.2025 12:15:02","INV1","COM3","slave_4","status",25201,"Состояние работы","-",3,
"2025-04-01T09:15:03.166Z","01.04.2025 12:15:03","INV1","COM3","slave_4","status",25205,"Напряжение АКБ","V",548,
"2025-04-01T09:15:03.471Z","01.04.2025 12:15:03","INV1","COM3","slave_4","status",25206,"Выходное напряжение инвертора","V",2193,
"2025-04-01T09:15:03.777Z","01.04.2025 12:15:03","INV1","COM3","slave_4","status",25207,"Сетевое напряжение","V",2203,
"2025-04-01T09:15:04.101Z","01.04.2025 12:15:04","INV1","COM3","slave_4","status",25210,"Ток инвертора","A",5,
"2025-04-01T09:15:04.421Z","01.04.2025 12:15:04","INV1","COM3","slave_4","status",25213,"Мощность инвертора","W",65462,
"2025-04-01T09:15:04.724Z","01.04.2025 12:15:04","INV1","COM3","slave_4","status",25214,"Мощность сети","W",65302,
"2025-04-01T09:15:05.038Z","01.04.2025 12:15:05","INV1","COM3","slave_4","status",25215,"Мощность нагрузки","W",151,
"2025-04-01T09:15:05.365Z","01.04.2025 12:15:05","INV1","COM3","slave_4","status",25216,"Процент нагрузки","%",3,
"2025-04-01T09:15:05.683Z","01.04.2025 12:15:05","INV1","COM3","slave_4","status",25233,"Температура радиатора AC","C",54,
"2025-04-01T09:15:05.993Z","01.04.2025 12:15:05","INV1","COM3","slave_4","status",25234,"Температура трансформатора","C",62,
"2025-04-01T09:15:06.307Z","01.04.2025 12:15:06","INV1","COM3","slave_4","status",25235,"Температура радиатора DC","C",42,
"2025-04-01T09:15:06.614Z","01.04.2025 12:15:06","INV1","COM3","slave_4","energy",25245,"Накопленная зарядная энергия (старший байт)","kWh",0,
"2025-04-01T09:15:06.935Z","01.04.2025 12:15:06","INV1","COM3","slave_4","energy",25246,"Накопленная зарядная энергия (младший байт)","kWh",1066,
"2025-04-01T09:15:07.245Z","01.04.2025 12:15:07","INV1","COM3","slave_4","energy",25247,"Накопленная разрядная энергия (старший байт)","kWh",0,
"2025-04-01T09:15:07.555Z","01.04.2025 12:15:07","INV1","COM3","slave_4","energy",25248,"Накопленная разрядная энергия (младший байт)","kWh",44,
"2025-04-01T09:15:07.861Z","01.04.2025 12:15:07","INV1","COM3","slave_4","energy",25253,"Накопленная нагрузочная энергия (старший байт)","kWh",0,
"2025-04-01T09:15:08.176Z","01.04.2025 12:15:08","INV1","COM3","slave_4","energy",25254,"Накопленная нагрузочная энергия (младший байт)","kWh",3793,
"2025-04-01T09:15:08.485Z","01.04.2025 12:15:08","INV1","COM3","slave_4","error",25261,"Сообщение об ошибке 1","-",0,
"2025-04-01T09:15:08.800Z","01.04.2025 12:15:08","INV1","COM3","slave_4","error",25262,"Сообщение об ошибке 2","-",0,
"2025-04-01T09:15:09.125Z","01.04.2025 12:15:09","INV1","COM3","slave_4","error",25265,"Сообщение о предупреждении 1","-",0,
"2025-04-01T09:15:09.438Z","01.04.2025 12:15:09","INV1","COM3","slave_4","error",25266,"Сообщение о предупреждении 2","-",0,
"2025-04-01T09:15:09.746Z","01.04.2025 12:15:09","INV2","COM4","slave_4","info",20000,"Тип устройства (старший байт)","-",20566,
"2025-04-01T09:15:10.060Z","01.04.2025 12:15:10","INV2","COM4","slave_4","info",20001,"Тип устройства (младший байт)","-",1800,
"2025-04-01T09:15:10.362Z","01.04.2025 12:15:10","INV2","COM4","slave_4","info",20002,"Серийный номер (старший байт)","-",65535,
"2025-04-01T09:15:10.684Z","01.04.2025 12:15:10","INV2","COM4","slave_4","info",20003,"Серийный номер (младший байт)","-",65535,
"2025-04-01T09:15:10.989Z","01.04.2025 12:15:10","INV2","COM4","slave_4","info",20004,"Версия оборудования","-",10101,
"2025-04-01T09:15:11.290Z","01.04.2025 12:15:11","INV2","COM4","slave_4","info",20005,"Версия программного обеспечения","-",21706,
"2025-04-01T09:15:11.589Z","01.04.2025 12:15:11","INV2","COM4","slave_4","info",20006,"Версия протокола","-",10414,
"2025-04-01T09:15:11.886Z","01.04.2025 12:15:11","INV2","COM4","slave_4","status",25201,"Состояние работы","-",3,
"2025-04-01T09:15:12.189Z","01.04.2025 12:15:12","INV2","COM4","slave_4","status",25205,"Напряжение АКБ","V",548,
"2025-04-01T09:15:12.493Z","01.04.2025 12:15:12","INV2","COM4","slave_4","status",25206,"Выходное напряжение инвертора","V",2221,
"2025-04-01T09:15:12.800Z","01.04.2025 12:15:12","INV2","COM4","slave_4","status",25207,"Сетевое напряжение","V",2233,
"2025-04-01T09:15:13.101Z","01.04.2025 12:15:13","INV2","COM4","slave_4","status",25210,"Ток инвертора","A",4,
"2025-04-01T09:15:13.402Z","01.04.2025 12:15:13","INV2","COM4","slave_4","status",25213,"Мощность инвертора","W",65468,
"2025-04-01T09:15:13.718Z","01.04.2025 12:15:13","INV2","COM4","slave_4","status",25214,"Мощность сети","W",65281,
"2025-04-01T09:15:14.028Z","01.04.2025 12:15:14","INV2","COM4","slave_4","status",25215,"Мощность нагрузки","W",173,
"2025-04-01T09:15:14.330Z","01.04.2025 12:15:14","INV2","COM4","slave_4","status",25216,"Процент нагрузки","%",3,
"2025-04-01T09:15:14.644Z","01.04.2025 12:15:14","INV2","COM4","slave_4","status",25233,"Температура радиатора AC","C",48,
"2025-04-01T09:15:14.951Z","01.04.2025 12:15:14","INV2","COM4","slave_4","status",25234,"Температура трансформатора","C",63,
"2025-04-01T09:15:15.258Z","01.04.2025 12:15:15","INV2","COM4","slave_4","status",25235,"Температура радиатора DC","C",43,
"2025-04-01T09:15:15.562Z","01.04.2025 12:15:15","INV2","COM4","slave_4","energy",25245,"Накопленная зарядная энергия (старший байт)","kWh",0,
"2025-04-01T09:15:15.868Z","01.04.2025 12:15:15","INV2","COM4","slave_4","energy",25246,"Накопленная зарядная энергия (младший байт)","kWh",1082,
"2025-04-01T09:15:16.180Z","01.04.2025 12:15:16","INV2","COM4","slave_4","energy",25247,"Накопленная разрядная энергия (старший байт)","kWh",0,
"2025-04-01T09:15:16.487Z","01.04.2025 12:15:16","INV2","COM4","slave_4","energy",25248,"Накопленная разрядная энергия (младший байт)","kWh",43,
"2025-04-01T09:15:16.789Z","01.04.2025 12:15:16","INV2","COM4","slave_4","energy",25253,"Накопленная нагрузочная энергия (старший байт)","kWh",0,
"2025-04-01T09:15:17.104Z","01.04.2025 12:15:17","INV2","COM4","slave_4","energy",25254,"Накопленная нагрузочная энергия (младший байт)","kWh",7499,
"2025-04-01T09:15:17.428Z","01.04.2025 12:15:17","INV2","COM4","slave_4","error",25261,"Сообщение об ошибке 1","-",0,
"2025-04-01T09:15:17.731Z","01.04.2025 12:15:17","INV2","COM4","slave_4","error",25262,"Сообщение об ошибке 2","-",0,
"2025-04-01T09:15:18.042Z","01.04.2025 12:15:18","INV2","COM4","slave_4","error",25265,"Сообщение о предупреждении 1","-",0,
"2025-04-01T09:15:18.351Z","01.04.2025 12:15:18","INV2","COM4","slave_4","error",25266,"Сообщение о предупреждении 2","-",0,
"2025-04-01T09:15:18.662Z","01.04.2025 12:15:18","INV3","COM5","slave_4","info",20000,"Тип устройства (старший байт)","-",20566,
"2025-04-01T09:15:18.964Z","01.04.2025 12:15:18","INV3","COM5","slave_4","info",20001,"Тип устройства (младший байт)","-",1800,
"2025-04-01T09:15:19.268Z","01.04.2025 12:15:19","INV3","COM5","slave_4","info",20002,"Серийный номер (старший байт)","-",65535,
"2025-04-01T09:15:19.581Z","01.04.2025 12:15:19","INV3","COM5","slave_4","info",20003,"Серийный номер (младший байт)","-",65535,
"2025-04-01T09:15:19.889Z","01.04.2025 12:15:19","INV3","COM5","slave_4","info",20004,"Версия оборудования","-",10101,
"2025-04-01T09:15:20.192Z","01.04.2025 12:15:20","INV3","COM5","slave_4","info",20005,"Версия программного обеспечения","-",21706,
"2025-04-01T09:15:20.492Z","01.04.2025 12:15:20","INV3","COM5","slave_4","info",20006,"Версия протокола","-",10414,
"2025-04-01T09:15:20.797Z","01.04.2025 12:15:20","INV3","COM5","slave_4","status",25201,"Состояние работы","-",3,
"2025-04-01T09:15:21.101Z","01.04.2025 12:15:21","INV3","COM5","slave_4","status",25205,"Напряжение АКБ","V",548,
"2025-04-01T09:15:21.397Z","01.04.2025 12:15:21","INV3","COM5","slave_4","status",25206,"Выходное напряжение инвертора","V",2190,
"2025-04-01T09:15:21.705Z","01.04.2025 12:15:21","INV3","COM5","slave_4","status",25207,"Сетевое напряжение","V",2201,
"2025-04-01T09:15:22.013Z","01.04.2025 12:15:22","INV3","COM5","slave_4","status",25210,"Ток инвертора","A",4,
"2025-04-01T09:15:22.323Z","01.04.2025 12:15:22","INV3","COM5","slave_4","status",25213,"Мощность инвертора","W",65463,
"2025-04-01T09:15:22.633Z","01.04.2025 12:15:22","INV3","COM5","slave_4","status",25214,"Мощность сети","W",65128,
"2025-04-01T09:15:22.935Z","01.04.2025 12:15:22","INV3","COM5","slave_4","status",25215,"Мощность нагрузки","W",321,
"2025-04-01T09:15:23.244Z","01.04.2025 12:15:23","INV3","COM5","slave_4","status",25216,"Процент нагрузки","%",6,
"2025-04-01T09:15:23.552Z","01.04.2025 12:15:23","INV3","COM5","slave_4","status",25233,"Температура радиатора AC","C",51,
"2025-04-01T09:15:23.864Z","01.04.2025 12:15:23","INV3","COM5","slave_4","status",25234,"Температура трансформатора","C",64,
"2025-04-01T09:15:24.167Z","01.04.2025 12:15:24","INV3","COM5","slave_4","status",25235,"Температура радиатора DC","C",46,
"2025-04-01T09:15:24.475Z","01.04.2025 12:15:24","INV3","COM5","slave_4","energy",25245,"Накопленная зарядная энергия (старший байт)","kWh",0,
"2025-04-01T09:15:24.785Z","01.04.2025 12:15:24","INV3","COM5","slave_4","energy",25246,"Накопленная зарядная энергия (младший байт)","kWh",1091,
"2025-04-01T09:15:25.087Z","01.04.2025 12:15:25","INV3","COM5","slave_4","energy",25247,"Накопленная разрядная энергия (старший байт)","kWh",0,
"2025-04-01T09:15:25.409Z","01.04.2025 12:15:25","INV3","COM5","slave_4","energy",25248,"Накопленная разрядная энергия (младший байт)","kWh",44,
"2025-04-01T09:15:25.722Z","01.04.2025 12:15:25","INV3","COM5","slave_4","energy",25253,"Накопленная нагрузочная энергия (старший байт)","kWh",0,
"2025-04-01T09:15:26.025Z","01.04.2025 12:15:26","INV3","COM5","slave_4","energy",25254,"Накопленная нагрузочная энергия (младший байт)","kWh",6253,
"2025-04-01T09:15:26.324Z","01.04.2025 12:15:26","INV3","COM5","slave_4","error",25261,"Сообщение об ошибке 1","-",0,
"2025-04-01T09:15:26.632Z","01.04.2025 12:15:26","INV3","COM5","slave_4","error",25262,"Сообщение об ошибке 2","-",0,
"2025-04-01T09:15:26.937Z","01.04.2025 12:15:26","INV3","COM5","slave_4","error",25265,"Сообщение о предупреждении 1","-",0,
"2025-04-01T09:15:27.248Z","01.04.2025 12:15:27","INV3","COM5","slave_4","error",25266,"Сообщение о предупреждении 2","-",0,
"2025-04-01T09:30:00.427Z","01.04.2025 12:30:00","INV1","COM3","slave_4","info",20000,"Тип устройства (старший байт)","-",20566,
"2025-04-01T09:30:00.742Z","01.04.2025 12:30:00","INV1","COM3","slave_4","info",20001,"Тип устройства (младший байт)","-",1800,
"2025-04-01T09:30:01.051Z","01.04.2025 12:30:01","INV1","COM3","slave_4","info",20002,"Серийный номер (старший байт)","-",65535,
"2025-04-01T09:30:01.365Z","01.04.2025 12:30:01","INV1","COM3","slave_4","info",20003,"Серийный номер (младший байт)","-",65535,
"2025-04-01T09:30:01.671Z","01.04.2025 12:30:01","INV1","COM3","slave_4","info",20004,"Версия оборудования","-",10101,
"2025-04-01T09:30:01.978Z","01.04.2025 12:30:01","INV1","COM3","slave_4","info",20005,"Версия программного обеспечения","-",21706,
"2025-04-01T09:30:02.282Z","01.04.2025 12:30:02","INV1","COM3","slave_4","info",20006,"Версия протокола","-",10414,
"2025-04-01T09:30:02.575Z","01.04.2025 12:30:02","INV1","COM3","slave_4","status",25201,"Состояние работы","-",3,
"2025-04-01T09:30:02.884Z","01.04.2025 12:30:02","INV1","COM3","slave_4","status",25205,"Напряжение АКБ","V",548,
"2025-04-01T09:30:03.190Z","01.04.2025 12:30:03","INV1","COM3","slave_4","status",25206,"Выходное напряжение инвертора","V",2192,
"2025-04-01T09:30:03.491Z","01.04.2025 12:30:03","INV1","COM3","slave_4","status",25207,"Сетевое напряжение","V",2200,
"2025-04-01T09:30:03.800Z","01.04.2025 12:30:03","INV1","COM3","slave_4","status",25210,"Ток инвертора","A",4,
"2025-04-01T09:30:04.102Z","01.04.2025 12:30:04","INV1","COM3","slave_4","status",25213,"Мощность инвертора","W",65468,
"2025-04-01T09:30:04.427Z","01.04.2025 12:30:04","INV1","COM3","slave_4","status",25214,"Мощность сети","W",65303,
"2025-04-01T09:30:04.725Z","01.04.2025 12:30:04","INV1","COM3","slave_4","status",25215,"Мощность нагрузки","W",151,
"2025-04-01T09:30:05.027Z","01.04.2025 12:30:05","INV1","COM3","slave_4","status",25216,"Процент нагрузки","%",3,
"2025-04-01T09:30:05.327Z","01.04.2025 12:30:05","INV1","COM3","slave_4","status",25233,"Температура радиатора AC","C",54,
"2025-04-01T09:30:05.640Z","01.04.2025 12:30:05","INV1","COM3","slave_4","status",25234,"Температура трансформатора","C",62,
"2025-04-01T09:30:05.956Z","01.04.2025 12:30:05","INV1","COM3","slave_4","status",25235,"Температура радиатора DC","C",42,
"2025-04-01T09:30:06.254Z","01.04.2025 12:30:06","INV1","COM3","slave_4","energy",25245,"Накопленная зарядная энергия (старший байт)","kWh",0,
"2025-04-01T09:30:06.554Z","01.04.2025 12:30:06","INV1","COM3","slave_4","energy",25246,"Накопленная зарядная энергия (младший байт)","kWh",1066,
"2025-04-01T09:30:06.869Z","01.04.2025 12:30:06","INV1","COM3","slave_4","energy",25247,"Накопленная разрядная энергия (старший байт)","kWh",0,
"2025-04-01T09:30:07.176Z","01.04.2025 12:30:07","INV1","COM3","slave_4","energy",25248,"Накопленная разрядная энергия (младший байт)","kWh",44,
"2025-04-01T09:30:07.487Z","01.04.2025 12:30:07","INV1","COM3","slave_4","energy",25253,"Накопленная нагрузочная энергия (старший байт)","kWh",0,
"2025-04-01T09:30:07.801Z","01.04.2025 12:30:07","INV1","COM3","slave_4","energy",25254,"Накопленная нагрузочная энергия (младший байт)","kWh",3794,
"2025-04-01T09:30:08.122Z","01.04.2025 12:30:08","INV1","COM3","slave_4","error",25261,"Сообщение об ошибке 1","-",0,
"2025-04-01T09:30:08.441Z","01.04.2025 12:30:08","INV1","COM3","slave_4","error",25262,"Сообщение об ошибке 2","-",0,
"2025-04-01T09:30:08.751Z","01.04.2025 12:30:08","INV1","COM3","slave_4","error",25265,"Сообщение о предупреждении 1","-",0,
"2025-04-01T09:30:09.058Z","01.04.2025 12:30:09","INV1","COM3","slave_4","error",25266,"Сообщение о предупреждении 2","-",0,
"2025-04-01T09:30:09.378Z","01.04.2025 12:30:09","INV2","COM4","slave_4","info",20000,"Тип устройства (старший байт)","-",20566,
"2025-04-01T09:30:09.689Z","01.04.2025 12:30:09","INV2","COM4","slave_4","info",20001,"Тип устройства (младший байт)","-",1800,
"2025-04-01T09:30:09.996Z","01.04.2025 12:30:09","INV2","COM4","slave_4","info",20002,"Серийный номер (старший байт)","-",65535,
"2025-04-01T09:30:10.327Z","01.04.2025 12:30:10","INV2","COM4","slave_4","info",20003,"Серийный номер (младший байт)","-",65535,
"2025-04-01T09:30:10.627Z","01.04.2025 12:30:10","INV2","COM4","slave_4","info",20004,"Версия оборудования","-",10101,
"2025-04-01T09:30:10.935Z","01.04.2025 12:30:10","INV2","COM4","slave_4","info",20005,"Версия программного обеспечения","-",21706,
"2025-04-01T09:30:11.256Z","01.04.2025 12:30:11","INV2","COM4","slave_4","info",20006,"Версия протокола","-",10414,
"2025-04-01T09:30:11.557Z","01.04.2025 12:30:11","INV2","COM4","slave_4","status",25201,"Состояние работы","-",3,
"2025-04-01T09:30:11.865Z","01.04.2025 12:30:11","INV2","COM4","slave_4","status",25205,"Напряжение АКБ","V",548,
"2025-04-01T09:30:12.169Z","01.04.2025 12:30:12","INV2","COM4","slave_4","status",25206,"Выходное напряжение инвертора","V",2221,
"2025-04-01T09:30:12.482Z","01.04.2025 12:30:12","INV2","COM4","slave_4","status",25207,"Сетевое напряжение","V",2232,
"2025-04-01T09:30:12.795Z","01.04.2025 12:30:12","INV2","COM4","slave_4","status",25210,"Ток инвертора","A",4,
"2025-04-01T09:30:13.104Z","01.04.2025 12:30:13","INV2","COM4","slave_4","status",25213,"Мощность инвертора","W",65469,
"2025-04-01T09:30:13.411Z","01.04.2025 12:30:13","INV2","COM4","slave_4","status",25214,"Мощность сети","W",65278,
"2025-04-01T09:30:13.718Z","01.04.2025 12:30:13","INV2","COM4","slave_4","status",25215,"Мощность нагрузки","W",163,
"2025-04-01T09:30:14.019Z","01.04.2025 12:30:14","INV2","COM4","slave_4","status",25216,"Процент нагрузки","%",3,
"2025-04-01T09:30:14.329Z","01.04.2025 12:30:14","INV2","COM4","slave_4","status",25233,"Температура радиатора AC","C",48,
"2025-04-01T09:30:14.640Z","01.04.2025 12:30:14","INV2","COM4","slave_4","status",25234,"Температура трансформатора","C",63,
"2025-04-01T09:30:14.954Z","01.04.2025 12:30:14","INV2","COM4","slave_4","status",25235,"Температура радиатора DC","C",43,
"2025-04-01T09:30:15.251Z","01.04.2025 12:30:15","INV2","COM4","slave_4","energy",25245,"Накопленная зарядная энергия (старший байт)","kWh",0,
"2025-04-01T09:30:15.556Z","01.04.2025 12:30:15","INV2","COM4","slave_4","energy",25246,"Накопленная зарядная энергия (младший байт)","kWh",1082,
"2025-04-01T09:30:15.872Z","01.04.2025 12:30:15","INV2","COM4","slave_4","energy",25247,"Накопленная разрядная энергия (старший байт)","kWh",0,
"2025-04-01T09:30:16.183Z","01.04.2025 12:30:16","INV2","COM4","slave_4","energy",25248,"Накопленная разрядная энергия (младший байт)","kWh",43,
"2025-04-01T09:30:16.492Z","01.04.2025 12:30:16","INV2","COM4","slave_4","energy",25253,"Накопленная нагрузочная энергия (старший байт)","kWh",0,
"2025-04-01T09:30:16.797Z","01.04.2025 12:30:16","INV2","COM4","slave_4","energy",25254,"Накопленная нагрузочная энергия (младший байт)","kWh",7499,
"2025-04-01T09:30:17.107Z","01.04.2025 12:30:17","INV2","COM4","slave_4","error",25261,"Сообщение об ошибке 1","-",0,
"2025-04-01T09:30:17.400Z","01.04.2025 12:30:17","INV2","COM4","slave_4","error",25262,"Сообщение об ошибке 2","-",0,
"2025-04-01T09:30:17.715Z","01.04.2025 12:30:17","INV2","COM4","slave_4","error",25265,"Сообщение о предупреждении 1","-",0,
"2025-04-01T09:30:18.017Z","01.04.2025 12:30:18","INV2","COM4","slave_4","error",25266,"Сообщение о предупреждении 2","-",0,
"2025-04-01T09:30:18.340Z","01.04.2025 12:30:18","INV3","COM5","slave_4","info",20000,"Тип устройства (старший байт)","-",20566,
"2025-04-01T09:30:18.640Z","01.04.2025 12:30:18","INV3","COM5","slave_4","info",20001,"Тип устройства (младший байт)","-",1800,
"2025-04-01T09:30:18.942Z","01.04.2025 12:30:18","INV3","COM5","slave_4","info",20002,"Серийный номер (старший байт)","-",65535,
"2025-04-01T09:30:19.252Z","01.04.2025 12:30:19","INV3","COM5","slave_4","info",20003,"Серийный номер (младший байт)","-",65535,
"2025-04-01T09:30:19.547Z","01.04.2025 12:30:19","INV3","COM5","slave_4","info",20004,"Версия оборудования","-",10101,
"2025-04-01T09:30:19.858Z","01.04.2025 12:30:19","INV3","COM5","slave_4","info",20005,"Версия программного обеспечения","-",21706,
"2025-04-01T09:30:20.153Z","01.04.2025 12:30:20","INV3","COM5","slave_4","info",20006,"Версия протокола","-",10414,
"2025-04-01T09:30:20.460Z","01.04.2025 12:30:20","INV3","COM5","slave_4","status",25201,"Состояние работы","-",3,
"2025-04-01T09:30:20.775Z","01.04.2025 12:30:20","INV3","COM5","slave_4","status",25205,"Напряжение АКБ","V",548,
"2025-04-01T09:30:21.087Z","01.04.2025 12:30:21","INV3","COM5","slave_4","status",25206,"Выходное напряжение инвертора","V",2188,
"2025-04-01T09:30:21.403Z","01.04.2025 12:30:21","INV3","COM5","slave_4","status",25207,"Сетевое напряжение","V",2199,
"2025-04-01T09:30:21.703Z","01.04.2025 12:30:21","INV3","COM5","slave_4","status",25210,"Ток инвертора","A",4,
"2025-04-01T09:30:22.015Z","01.04.2025 12:30:22","INV3","COM5","slave_4","status",25213,"Мощность инвертора","W",65464,
"2025-04-01T09:30:22.328Z","01.04.2025 12:30:22","INV3","COM5","slave_4","status",25214,"Мощность сети","W",65148,
"2025-04-01T09:30:22.630Z","01.04.2025 12:30:22","INV3","COM5","slave_4","status",25215,"Мощность нагрузки","W",303,
"2025-04-01T09:30:22.931Z","01.04.2025 12:30:22","INV3","COM5","slave_4","status",25216,"Процент нагрузки","%",6,
"2025-04-01T09:30:23.238Z","01.04.2025 12:30:23","INV3","COM5","slave_4","status",25233,"Температура радиатора AC","C",51,
"2025-04-01T09:30:23.552Z","01.04.2025 12:30:23","INV3","COM5","slave_4","status",25234,"Температура трансформатора","C",64,
"2025-04-01T09:30:23.868Z","01.04.2025 12:30:23","INV3","COM5","slave_4","status",25235,"Температура радиатора DC","C",46,
"2025-04-01T09:30:24.171Z","01.04.2025 12:30:24","INV3","COM5","slave_4","energy",25245,"Накопленная зарядная энергия (старший байт)","kWh",0,
"2025-04-01T09:30:24.476Z","01.04.2025 12:30:24","INV3","COM5","slave_4","energy",25246,"Накопленная зарядная энергия (младший байт)","kWh",1091,
"2025-04-01T09:30:24.777Z","01.04.2025 12:30:24","INV3","COM5","slave_4","energy",25247,"Накопленная разрядная энергия (старший байт)","kWh",0,
"2025-04-01T09:30:25.094Z","01.04.2025 12:30:25","INV3","COM5","slave_4","energy",25248,"Накопленная разрядная энергия (младший байт)","kWh",44,
"2025-04-01T09:30:25.389Z","01.04.2025 12:30:25","INV3","COM5","slave_4","energy",25253,"Накопленная нагрузочная энергия (старший байт)","kWh",0,
"2025-04-01T09:30:25.707Z","01.04.2025 12:30:25","INV3","COM5","slave_4","energy",25254,"Накопленная нагрузочная энергия (младший байт)","kWh",6253,
"2025-04-01T09:30:26.016Z","01.04.2025 12:30:26","INV3","COM5","slave_4","error",25261,"Сообщение об ошибке 1","-",0,
"2025-04-01T09:30:26.323Z","01.04.2025 12:30:26","INV3","COM5","slave_4","error",25262,"Сообщение об ошибке 2","-",0,
"2025-04-01T09:30:26.627Z","01.04.2025 12:30:26","INV3","COM5","slave_4","error",25265,"Сообщение о предупреждении 1","-",0,
"2025-04-01T09:30:26.922Z","01.04.2025 12:30:26","INV3","COM5","slave_4","error",25266,"Сообщение о предупреждении 2","-",0,
"2025-04-01T09:45:00.496Z","01.04.2025 12:45:00","INV1","COM3","slave_4","info",20000,"Тип устройства (старший байт)","-",20566,
"2025-04-01T09:45:00.807Z","01.04.2025 12:45:00","INV1","COM3","slave_4","info",20001,"Тип устройства (младший байт)","-",1800,
"2025-04-01T09:45:01.122Z","01.04.2025 12:45:01","INV1","COM3","slave_4","info",20002,"Серийный номер (старший байт)","-",65535,
"2025-04-01T09:45:01.432Z","01.04.2025 12:45:01","INV1","COM3","slave_4","info",20003,"Серийный номер (младший байт)","-",65535,
"2025-04-01T09:45:01.743Z","01.04.2025 12:45:01","INV1","COM3","slave_4","info",20004,"Версия оборудования","-",10101,
"2025-04-01T09:45:02.048Z","01.04.2025 12:45:02","INV1","COM3","slave_4","info",20005,"Версия программного обеспечения","-",21706,
"2025-04-01T09:45:02.356Z","01.04.2025 12:45:02","INV1","COM3","slave_4","info",20006,"Версия протокола","-",10414,
"2025-04-01T09:45:02.648Z","01.04.2025 12:45:02","INV1","COM3","slave_4","status",25201,"Состояние работы","-",3,
"2025-04-01T09:45:02.951Z","01.04.2025 12:45:02","INV1","COM3","slave_4","status",25205,"Напряжение АКБ","V",548,
"2025-04-01T09:45:03.250Z","01.04.2025 12:45:03","INV1","COM3","slave_4","status",25206,"Выходное напряжение инвертора","V",2191,
"2025-04-01T09:45:03.553Z","01.04.2025 12:45:03","INV1","COM3","slave_4","status",25207,"Сетевое напряжение","V",2203,
"2025-04-01T09:45:03.858Z","01.04.2025 12:45:03","INV1","COM3","slave_4","status",25210,"Ток инвертора","A",5,
"2025-04-01T09:45:04.156Z","01.04.2025 12:45:04","INV1","COM3","slave_4","status",25213,"Мощность инвертора","W",65471,
"2025-04-01T09:45:04.460Z","01.04.2025 12:45:04","INV1","COM3","slave_4","status",25214,"Мощность сети","W",65254,
"2025-04-01T09:45:04.758Z","01.04.2025 12:45:04","INV1","COM3","slave_4","status",25215,"Мощность нагрузки","W",195,
"2025-04-01T09:45:05.072Z","01.04.2025 12:45:05","INV1","COM3","slave_4","status",25216,"Процент нагрузки","%",3,
"2025-04-01T09:45:05.377Z","01.04.2025 12:45:05","INV1","COM3","slave_4","status",25233,"Температура радиатора AC","C",54,
"2025-04-01T09:45:05.684Z","01.04.2025 12:45:05","INV1","COM3","slave_4","status",25234,"Температура трансформатора","C",62,
"2025-04-01T09:45:05.999Z","01.04.2025 12:45:05","INV1","COM3","slave_4","status",25235,"Температура радиатора DC","C",42,
"2025-04-01T09:45:06.303Z","01.04.2025 12:45:06","INV1","COM3","slave_4","energy",25245,"Накопленная зарядная энергия (старший байт)","kWh",0,
"2025-04-01T09:45:06.613Z","01.04.2025 12:45:06","INV1","COM3","slave_4","energy",25246,"Накопленная зарядная энергия (младший байт)","kWh",1066,
"2025-04-01T09:45:06.917Z","01.04.2025 12:45:06","INV1","COM3","slave_4","energy",25247,"Накопленная разрядная энергия (старший байт)","kWh",0,
"2025-04-01T09:45:07.229Z","01.04.2025 12:45:07","INV1","COM3","slave_4","energy",25248,"Накопленная разрядная энергия (младший байт)","kWh",44,
"2025-04-01T09:45:07.545Z","01.04.2025 12:45:07","INV1","COM3","slave_4","energy",25253,"Накопленная нагрузочная энергия (старший байт)","kWh",0,
"2025-04-01T09:45:07.879Z","01.04.2025 12:45:07","INV1","COM3","slave_4","energy",25254,"Накопленная нагрузочная энергия (младший байт)","kWh",3794,
"2025-04-01T09:45:08.206Z","01.04.2025 12:45:08","INV1","COM3","slave_4","error",25261,"Сообщение об ошибке 1","-",0,
"2025-04-01T09:45:08.509Z","01.04.2025 12:45:08","INV1","COM3","slave_4","error",25262,"Сообщение об ошибке 2","-",0,
"2025-04-01T09:45:08.814Z","01.04.2025 12:45:08","INV1","COM3","slave_4","error",25265,"Сообщение о предупреждении 1","-",0,
"2025-04-01T09:45:09.119Z","01.04.2025 12:45:09","INV1","COM3","slave_4","error",25266,"Сообщение о предупреждении 2","-",0,
"2025-04-01T09:45:09.448Z","01.04.2025 12:45:09","INV2","COM4","slave_4","info",20000,"Тип устройства (старший байт)","-",20566,
"2025-04-01T09:45:09.757Z","01.04.2025 12:45:09","INV2","COM4","slave_4","info",20001,"Тип устройства (младший байт)","-",1800,
"2025-04-01T09:45:10.059Z","01.04.2025 12:45:10","INV2","COM4","slave_4","info",20002,"Серийный номер (старший байт)","-",65535,
"2025-04-01T09:45:10.378Z","01.04.2025 12:45:10","INV2","COM4","slave_4","info",20003,"Серийный номер (младший байт)","-",65535,
"2025-04-01T09:45:10.692Z","01.04.2025 12:45:10","INV2","COM4","slave_4","info",20004,"Версия оборудования","-",10101,
"2025-04-01T09:45:11.002Z","01.04.2025 12:45:11","INV2","COM4","slave_4","info",20005,"Версия программного обеспечения","-",21706,
"2025-04-01T09:45:11.316Z","01.04.2025 12:45:11","INV2","COM4","slave_4","info",20006,"Версия протокола","-",10414,
"2025-04-01T09:45:11.614Z","01.04.2025 12:45:11","INV2","COM4","slave_4","status",25201,"Состояние работы","-",3,
"2025-04-01T09:45:11.926Z","01.04.2025 12:45:11","INV2","COM4","slave_4","status",25205,"Напряжение АКБ","V",548,
"2025-04-01T09:45:12.226Z","01.04.2025 12:45:12","INV2","COM4","slave_4","status",25206,"Выходное напряжение инвертора","V",2221,
"2025-04-01T09:45:12.538Z","01.04.2025 12:45:12","INV2","COM4","slave_4","status",25207,"Сетевое напряжение","V",2231,
"2025-04-01T09:45:12.838Z","01.04.2025 12:45:12","INV2","COM4","slave_4","status",25210,"Ток инвертора","A",5,
"2025-04-01T09:45:13.137Z","01.04.2025 12:45:13","INV2","COM4","slave_4","status",25213,"Мощность инвертора","W",65462,
"2025-04-01T09:45:13.440Z","01.04.2025 12:45:13","INV2","COM4","slave_4","status",25214,"Мощность сети","W",65201,
"2025-04-01T09:45:13.737Z","01.04.2025 12:45:13","INV2","COM4","slave_4","status",25215,"Мощность нагрузки","W",228,
"2025-04-01T09:45:14.045Z","01.04.2025 12:45:14","INV2","COM4","slave_4","status",25216,"Процент нагрузки","%",4,
"2025-04-01T09:45:14.355Z","01.04.2025 12:45:14","INV2","COM4","slave_4","status",25233,"Температура радиатора AC","C",48,
"2025-04-01T09:45:14.666Z","01.04.2025 12:45:14","INV2","COM4","slave_4","status",25234,"Температура трансформатора","C",63,
"2025-04-01T09:45:14.978Z","01.04.2025 12:45:14","INV2","COM4","slave_4","status",25235,"Температура радиатора DC","C",43,
"2025-04-01T09:45:15.273Z","01.04.2025 12:45:15","INV2","COM4","slave_4","energy",25245,"Накопленная зарядная энергия (старший байт)","kWh",0,
"2025-04-01T09:45:15.589Z","01.04.2025 12:45:15","INV2","COM4","slave_4","energy",25246,"Накопленная зарядная энергия (младший байт)","kWh",1082,
"2025-04-01T09:45:15.909Z","01.04.2025 12:45:15","INV2","COM4","slave_4","energy",25247,"Накопленная разрядная энергия (старший байт)","kWh",0,
"2025-04-01T09:45:16.225Z","01.04.2025 12:45:16","INV2","COM4","slave_4","energy",25248,"Накопленная разрядная энергия (младший байт)","kWh",43,
"2025-04-01T09:45:16.535Z","01.04.2025 12:45:16","INV2","COM4","slave_4","energy",25253,"Накопленная нагрузочная энергия (старший байт)","kWh",0,
"2025-04-01T09:45:16.838Z","01.04.2025 12:45:16","INV2","COM4","slave_4","energy",25254,"Накопленная нагрузочная энергия (младший байт)","kWh",7500,
"2025-04-01T09:45:17.140Z","01.04.2025 12:45:17","INV2","COM4","slave_4","error",25261,"Сообщение об ошибке 1","-",0,
"2025-04-01T09:45:17.444Z","01.04.2025 12:45:17","INV2","COM4","slave_4","error",25262,"Сообщение об ошибке 2","-",0,
"2025-04-01T09:45:17.760Z","01.04.2025 12:45:17","INV2","COM4","slave_4","error",25265,"Сообщение о предупреждении 1","-",0,
"2025-04-01T09:45:18.063Z","01.04.2025 12:45:18","INV2","COM4","slave_4","error",25266,"Сообщение о предупреждении 2","-",0,
"2025-04-01T09:45:18.372Z","01.04.2025 12:45:18","INV3","COM5","slave_4","info",20000,"Тип устройства (старший байт)","-",20566,
"2025-04-01T09:45:18.685Z","01.04.2025 12:45:18","INV3","COM5","slave_4","info",20001,"Тип устройства (младший байт)","-",1800,
"2025-04-01T09:45:18.994Z","01.04.2025 12:45:18","INV3","COM5","slave_4","info",20002,"Серийный номер (старший байт)","-",65535,
"2025-04-01T09:45:19.304Z","01.04.2025 12:45:19","INV3","COM5","slave_4","info",20003,"Серийный номер (младший байт)","-",65535,
"2025-04-01T09:45:19.609Z","01.04.2025 12:45:19","INV3","COM5","slave_4","info",20004,"Версия оборудования","-",10101,
"2025-04-01T09:45:19.916Z","01.04.2025 12:45:19","INV3","COM5","slave_4","info",20005,"Версия программного обеспечения","-",21706,
"2025-04-01T09:45:20.217Z","01.04.2025 12:45:20","INV3","COM5","slave_4","info",20006,"Версия протокола","-",10414,
"2025-04-01T09:45:20.520Z","01.04.2025 12:45:20","INV3","COM5","slave_4","status",25201,"Состояние работы","-",3,
"2025-04-01T09:45:20.817Z","01.04.2025 12:45:20","INV3","COM5","slave_4","status",25205,"Напряжение АКБ","V",548,
"2025-04-01T09:45:21.128Z","01.04.2025 12:45:21","INV3","COM5","slave_4","status",25206,"Выходное напряжение инвертора","V",2189,
"2025-04-01T09:45:21.428Z","01.04.2025 12:45:21","INV3","COM5","slave_4","status",25207,"Сетевое напряжение","V",2200,
"2025-04-01T09:45:21.732Z","01.04.2025 12:45:21","INV3","COM5","slave_4","status",25210,"Ток инвертора","A",5,
"2025-04-01T09:45:22.037Z","01.04.2025 12:45:22","INV3","COM5","slave_4","status",25213,"Мощность инвертора","W",65464,
"2025-04-01T09:45:22.347Z","01.04.2025 12:45:22","INV3","COM5","slave_4","status",25214,"Мощность сети","W",65003,
"2025-04-01T09:45:22.648Z","01.04.2025 12:45:22","INV3","COM5","slave_4","status",25215,"Мощность нагрузки","W",442,
"2025-04-01T09:45:22.964Z","01.04.2025 12:45:22","INV3","COM5","slave_4","status",25216,"Процент нагрузки","%",8,
"2025-04-01T09:45:23.277Z","01.04.2025 12:45:23","INV3","COM5","slave_4","status",25233,"Температура радиатора AC","C",51,
"2025-04-01T09:45:23.591Z","01.04.2025 12:45:23","INV3","COM5","slave_4","status",25234,"Температура трансформатора","C",64,
"2025-04-01T09:45:23.905Z","01.04.2025 12:45:23","INV3","COM5","slave_4","status",25235,"Температура радиатора DC","C",46,
"2025-04-01T09:45:24.218Z","01.04.2025 12:45:24","INV3","COM5","slave_4","energy",25245,"Накопленная зарядная энергия (старший байт)","kWh",0,
"2025-04-01T09:45:24.529Z","01.04.2025 12:45:24","INV3","COM5","slave_4","energy",25246,"Накопленная зарядная энергия (младший байт)","kWh",1091,
"2025-04-01T09:45:24.833Z","01.04.2025 12:45:24","INV3","COM5","slave_4","energy",25247,"Накопленная разрядная энергия (старший байт)","kWh",0,
"2025-04-01T09:45:25.156Z","01.04.2025 12:45:25","INV3","COM5","slave_4","energy",25248,"Накопленная разрядная энергия (младший байт)","kWh",44,
"2025-04-01T09:45:25.464Z","01.04.2025 12:45:25","INV3","COM5","slave_4","energy",25253,"Накопленная нагрузочная энергия (старший байт)","kWh",0,
"2025-04-01T09:45:25.772Z","01.04.2025 12:45:25","INV3","COM5","slave_4","energy",25254,"Накопленная нагрузочная энергия (младший байт)","kWh",6254,
"2025-04-01T09:45:26.088Z","01.04.2025 12:45:26","INV3","COM5","slave_4","error",25261,"Сообщение об ошибке 1","-",0,
"2025-04-01T09:45:26.397Z","01.04.2025 12:45:26","INV3","COM5","slave_4","error",25262,"Сообщение об ошибке 2","-",0,
"2025-04-01T09:45:26.698Z","01.04.2025 12:45:26","INV3","COM5","slave_4","error",25265,"Сообщение о предупреждении 1","-",0,
"2025-04-01T09:45:26.993Z","01.04.2025 12:45:26","INV3","COM5","slave_4","error",25266,"Сообщение о предупреждении 2","-",0,
"2025-04-01T10:00:01.139Z","01.04.2025 13:00:01","INV1","COM3","slave_4","info",20000,"Тип устройства (старший байт)","-",20566,
"2025-04-01T10:00:01.462Z","01.04.2025 13:00:01","INV1","COM3","slave_4","info",20001,"Тип устройства (младший байт)","-",1800,
"2025-04-01T10:00:01.773Z","01.04.2025 13:00:01","INV1","COM3","slave_4","info",20002,"Серийный номер (старший байт)","-",65535,
"2025-04-01T10:00:02.070Z","01.04.2025 13:00:02","INV1","COM3","slave_4","info",20003,"Серийный номер (младший байт)","-",65535,
"2025-04-01T10:00:02.381Z","01.04.2025 13:00:02","INV1","COM3","slave_4","info",20004,"Версия оборудования","-",10101,
"2025-04-01T10:00:02.689Z","01.04.2025 13:00:02","INV1","COM3","slave_4","info",20005,"Версия программного обеспечения","-",21706,
"2025-04-01T10:00:02.988Z","01.04.2025 13:00:02","INV1","COM3","slave_4","info",20006,"Версия протокола","-",10414,
"2025-04-01T10:00:03.291Z","01.04.2025 13:00:03","INV1","COM3","slave_4","status",25201,"Состояние работы","-",3,
"2025-04-01T10:00:03.599Z","01.04.2025 13:00:03","INV1","COM3","slave_4","status",25205,"Напряжение АКБ","V",548,
"2025-04-01T10:00:03.902Z","01.04.2025 13:00:03","INV1","COM3","slave_4","status",25206,"Выходное напряжение инвертора","V",2191,
"2025-04-01T10:00:04.203Z","01.04.2025 13:00:04","INV1","COM3","slave_4","status",25207,"Сетевое напряжение","V",2204,
"2025-04-01T10:00:04.514Z","01.04.2025 13:00:04","INV1","COM3","slave_4","status",25210,"Ток инвертора","A",4,
"2025-04-01T10:00:04.807Z","01.04.2025 13:00:04","INV1","COM3","slave_4","status",25213,"Мощность инвертора","W",65470,
"2025-04-01T10:00:05.116Z","01.04.2025 13:00:05","INV1","COM3","slave_4","status",25214,"Мощность сети","W",65296,
"2025-04-01T10:00:05.414Z","01.04.2025 13:00:05","INV1","COM3","slave_4","status",25215,"Мощность нагрузки","W",151,
"2025-04-01T10:00:05.735Z","01.04.2025 13:00:05","INV1","COM3","slave_4","status",25216,"Процент нагрузки","%",3,
"2025-04-01T10:00:06.056Z","01.04.2025 13:00:06","INV1","COM3","slave_4","status",25233,"Температура радиатора AC","C",54,
"2025-04-01T10:00:06.363Z","01.04.2025 13:00:06","INV1","COM3","slave_4","status",25234,"Температура трансформатора","C",62,
"2025-04-01T10:00:06.670Z","01.04.2025 13:00:06","INV1","COM3","slave_4","status",25235,"Температура радиатора DC","C",42,
"2025-04-01T10:00:06.973Z","01.04.2025 13:00:06","INV1","COM3","slave_4","energy",25245,"Накопленная зарядная энергия (старший байт)","kWh",0,
"2025-04-01T10:00:07.290Z","01.04.2025 13:00:07","INV1","COM3","slave_4","energy",25246,"Накопленная зарядная энергия (младший байт)","kWh",1067,
"2025-04-01T10:00:07.606Z","01.04.2025 13:00:07","INV1","COM3","slave_4","energy",25247,"Накопленная разрядная энергия (старший байт)","kWh",0,
"2025-04-01T10:00:07.915Z","01.04.2025 13:00:07","INV1","COM3","slave_4","energy",25248,"Накопленная разрядная энергия (младший байт)","kWh",44,
"2025-04-01T10:00:08.223Z","01.04.2025 13:00:08","INV1","COM3","slave_4","energy",25253,"Накопленная нагрузочная энергия (старший байт)","kWh",0,
"2025-04-01T10:00:08.521Z","01.04.2025 13:00:08","INV1","COM3","slave_4","energy",25254,"Накопленная нагрузочная энергия (младший байт)","kWh",3795,
"2025-04-01T10:00:08.825Z","01.04.2025 13:00:08","INV1","COM3","slave_4","error",25261,"Сообщение об ошибке 1","-",0,
"2025-04-01T10:00:09.141Z","01.04.2025 13:00:09","INV1","COM3","slave_4","error",25262,"Сообщение об ошибке 2","-",0,
"2025-04-01T10:00:09.467Z","01.04.2025 13:00:09","INV1","COM3","slave_4","error",25265,"Сообщение о предупреждении 1","-",0,
"2025-04-01T10:00:09.782Z","01.04.2025 13:00:09","INV1","COM3","slave_4","error",25266,"Сообщение о предупреждении 2","-",0,
"2025-04-01T10:00:10.106Z","01.04.2025 13:00:10","INV2","COM4","slave_4","info",20000,"Тип устройства (старший байт)","-",20566,
"2025-04-01T10:00:10.415Z","01.04.2025 13:00:10","INV2","COM4","slave_4","info",20001,"Тип устройства (младший байт)","-",1800,
"2025-04-01T10:00:10.723Z","01.04.2025 13:00:10","INV2","COM4","slave_4","info",20002,"Серийный номер (старший байт)","-",65535,
"2025-04-01T10:00:11.030Z","01.04.2025 13:00:11","INV2","COM4","slave_4","info",20003,"Серийный номер (младший байт)","-",65535,
"2025-04-01T10:00:11.329Z","01.04.2025 13:00:11","INV2","COM4","slave_4","info",20004,"Версия оборудования","-",10101,
"2025-04-01T10:00:11.628Z","01.04.2025 13:00:11","INV2","COM4","slave_4","info",20005,"Версия программного обеспечения","-",21706,
"2025-04-01T10:00:11.929Z","01.04.2025 13:00:11","INV2","COM4","slave_4","info",20006,"Версия протокола","-",10414,
"2025-04-01T10:00:12.233Z","01.04.2025 13:00:12","INV2","COM4","slave_4","status",25201,"Состояние работы","-",3,
"2025-04-01T10:00:12.565Z","01.04.2025 13:00:12","INV2","COM4","slave_4","status",25205,"Напряжение АКБ","V",547,
"2025-04-01T10:00:12.874Z","01.04.2025 13:00:12","INV2","COM4","slave_4","status",25206,"Выходное напряжение инвертора","V",2221,
"2025-04-01T10:00:13.185Z","01.04.2025 13:00:13","INV2","COM4","slave_4","status",25207,"Сетевое напряжение","V",2235,
"2025-04-01T10:00:13.503Z","01.04.2025 13:00:13","INV2","COM4","slave_4","status",25210,"Ток инвертора","A",3,
"2025-04-01T10:00:13.815Z","01.04.2025 13:00:13","INV2","COM4","slave_4","status",25213,"Мощность инвертора","W",65470,
"2025-04-01T10:00:14.121Z","01.04.2025 13:00:14","INV2","COM4","slave_4","status",25214,"Мощность сети","W",65263,
"2025-04-01T10:00:14.432Z","01.04.2025 13:00:14","INV2","COM4","slave_4","status",25215,"Мощность нагрузки","W",184,
"2025-04-01T10:00:14.744Z","01.04.2025 13:00:14","INV2","COM4","slave_4","status",25216,"Процент нагрузки","%",3,
"2025-04-01T10:00:15.051Z","01.04.2025 13:00:15","INV2","COM4","slave_4","status",25233,"Температура радиатора AC","C",49,
"2025-04-01T10:00:15.362Z","01.04.2025 13:00:15","INV2","COM4","slave_4","status",25234,"Температура трансформатора","C",63,
"2025-04-01T10:00:15.674Z","01.04.2025 13:00:15","INV2","COM4","slave_4","status",25235,"Температура радиатора DC","C",43,
"2025-04-01T10:00:15.975Z","01.04.2025 13:00:15","INV2","COM4","slave_4","energy",25245,"Накопленная зарядная энергия (старший байт)","kWh",0,
"2025-04-01T10:00:16.287Z","01.04.2025 13:00:16","INV2","COM4","slave_4","energy",25246,"Накопленная зарядная энергия (младший байт)","kWh",1083,
"2025-04-01T10:00:16.595Z","01.04.2025 13:00:16","INV2","COM4","slave_4","energy",25247,"Накопленная разрядная энергия (старший байт)","kWh",0,
"2025-04-01T10:00:16.901Z","01.04.2025 13:00:16","INV2","COM4","slave_4","energy",25248,"Накопленная разрядная энергия (младший байт)","kWh",43,
"2025-04-01T10:00:17.199Z","01.04.2025 13:00:17","INV2","COM4","slave_4","energy",25253,"Накопленная нагрузочная энергия (старший байт)","kWh",0,
"2025-04-01T10:00:17.500Z","01.04.2025 13:00:17","INV2","COM4","slave_4","energy",25254,"Накопленная нагрузочная энергия (младший байт)","kWh",7501,
"2025-04-01T10:00:17.826Z","01.04.2025 13:00:17","INV2","COM4","slave_4","error",25261,"Сообщение об ошибке 1","-",0,
"2025-04-01T10:00:18.136Z","01.04.2025 13:00:18","INV2","COM4","slave_4","error",25262,"Сообщение об ошибке 2","-",0,
"2025-04-01T10:00:18.445Z","01.04.2025 13:00:18","INV2","COM4","slave_4","error",25265,"Сообщение о предупреждении 1","-",0,
"2025-04-01T10:00:18.744Z","01.04.2025 13:00:18","INV2","COM4","slave_4","error",25266,"Сообщение о предупреждении 2","-",0,
"2025-04-01T10:00:19.045Z","01.04.2025 13:00:19","INV3","COM5","slave_4","info",20000,"Тип устройства (старший байт)","-",20566,
"2025-04-01T10:00:19.358Z","01.04.2025 13:00:19","INV3","COM5","slave_4","info",20001,"Тип устройства (младший байт)","-",1800,
"2025-04-01T10:00:19.674Z","01.04.2025 13:00:19","INV3","COM5","slave_4","info",20002,"Серийный номер (старший байт)","-",65535,
"2025-04-01T10:00:19.996Z","01.04.2025 13:00:19","INV3","COM5","slave_4","info",20003,"Серийный номер (младший байт)","-",65535,
"2025-04-01T10:00:20.294Z","01.04.2025 13:00:20","INV3","COM5","slave_4","info",20004,"Версия оборудования","-",10101,
"2025-04-01T10:00:20.594Z","01.04.2025 13:00:20","INV3","COM5","slave_4","info",20005,"Версия программного обеспечения","-",21706,
"2025-04-01T10:00:20.906Z","01.04.2025 13:00:20","INV3","COM5","slave_4","info",20006,"Версия протокола","-",10414,
"2025-04-01T10:00:21.219Z","01.04.2025 13:00:21","INV3","COM5","slave_4","status",25201,"Состояние работы","-",3,
"2025-04-01T10:00:21.518Z","01.04.2025 13:00:21","INV3","COM5","slave_4","status",25205,"Напряжение АКБ","V",548,
"2025-04-01T10:00:21.821Z","01.04.2025 13:00:21","INV3","COM5","slave_4","status",25206,"Выходное напряжение инвертора","V",2190,
"2025-04-01T10:00:22.123Z","01.04.2025 13:00:22","INV3","COM5","slave_4","status",25207,"Сетевое напряжение","V",2201,
"2025-04-01T10:00:22.432Z","01.04.2025 13:00:22","INV3","COM5","slave_4","status",25210,"Ток инвертора","A",4,
"2025-04-01T10:00:22.735Z","01.04.2025 13:00:22","INV3","COM5","slave_4","status",25213,"Мощность инвертора","W",65468,
"2025-04-01T10:00:23.037Z","01.04.2025 13:00:23","INV3","COM5","slave_4","status",25214,"Мощность сети","W",64909,
"2025-04-01T10:00:23.336Z","01.04.2025 13:00:23","INV3","COM5","slave_4","status",25215,"Мощность нагрузки","W",533,
"2025-04-01T10:00:23.648Z","01.04.2025 13:00:23","INV3","COM5","slave_4","status",25216,"Процент нагрузки","%",10,
"2025-04-01T10:00:23.943Z","01.04.2025 13:00:23","INV3","COM5","slave_4","status",25233,"Температура радиатора AC","C",51,
"2025-04-01T10:00:24.254Z","01.04.2025 13:00:24","INV3","COM5","slave_4","status",25234,"Температура трансформатора","C",64,
"2025-04-01T10:00:24.554Z","01.04.2025 13:00:24","INV3","COM5","slave_4","status",25235,"Температура радиатора DC","C",46,
"2025-04-01T10:00:24.862Z","01.04.2025 13:00:24","INV3","COM5","slave_4","energy",25245,"Накопленная зарядная энергия (старший байт)","kWh",0,
"2025-04-01T10:00:25.173Z","01.04.2025 13:00:25","INV3","COM5","slave_4","energy",25246,"Накопленная зарядная энергия (младший байт)","kWh",1092,
"2025-04-01T10:00:25.479Z","01.04.2025 13:00:25","INV3","COM5","slave_4","energy",25247,"Накопленная разрядная энергия (старший байт)","kWh",0,
"2025-04-01T10:00:25.784Z","01.04.2025 13:00:25","INV3","COM5","slave_4","energy",25248,"Накопленная разрядная энергия (младший байт)","kWh",44,
"2025-04-01T10:00:26.083Z","01.04.2025 13:00:26","INV3","COM5","slave_4","energy",25253,"Накопленная нагрузочная энергия (старший байт)","kWh",0,
"2025-04-01T10:00:26.384Z","01.04.2025 13:00:26","INV3","COM5","slave_4","energy",25254,"Накопленная нагрузочная энергия (младший байт)","kWh",6255,
"2025-04-01T10:00:26.694Z","01.04.2025 13:00:26","INV3","COM5","slave_4","error",25261,"Сообщение об ошибке 1","-",0,
"2025-04-01T10:00:26.998Z","01.04.2025 13:00:26","INV3","COM5","slave_4","error",25262,"Сообщение об ошибке 2","-",0,
"2025-04-01T10:00:27.304Z","01.04.2025 13:00:27","INV3","COM5","slave_4","error",25265,"Сообщение о предупреждении 1","-",0,
"2025-04-01T10:00:27.616Z","01.04.2025 13:00:27","INV3","COM5","slave_4","error",25266,"Сообщение о предупреждении 2","-",0,
"2025-04-01T10:15:01.164Z","01.04.2025 13:15:01","INV1","COM3","slave_4","info",20000,"Тип устройства (старший байт)","-",20566,
"2025-04-01T10:15:01.492Z","01.04.2025 13:15:01","INV1","COM3","slave_4","info",20001,"Тип устройства (младший байт)","-",1800,
"2025-04-01T10:15:01.793Z","01.04.2025 13:15:01","INV1","COM3","slave_4","info",20002,"Серийный номер (старший байт)","-",65535,
"2025-04-01T10:15:02.110Z","01.04.2025 13:15:02","INV1","COM3","slave_4","info",20003,"Серийный номер (младший байт)","-",65535,
"2025-04-01T10:15:02.418Z","01.04.2025 13:15:02","INV1","COM3","slave_4","info",20004,"Версия оборудования","-",10101,
"2025-04-01T10:15:02.726Z","01.04.2025 13:15:02","INV1","COM3","slave_4","info",20005,"Версия программного обеспечения","-",21706,
"2025-04-01T10:15:03.047Z","01.04.2025 13:15:03","INV1","COM3","slave_4","info",20006,"Версия протокола","-",10414,
"2025-04-01T10:15:03.365Z","01.04.2025 13:15:03","INV1","COM3","slave_4","status",25201,"Состояние работы","-",3,
"2025-04-01T10:15:03.662Z","01.04.2025 13:15:03","INV1","COM3","slave_4","status",25205,"Напряжение АКБ","V",548,
"2025-04-01T10:15:03.973Z","01.04.2025 13:15:03","INV1","COM3","slave_4","status",25206,"Выходное напряжение инвертора","V",2193,
"2025-04-01T10:15:04.291Z","01.04.2025 13:15:04","INV1","COM3","slave_4","status",25207,"Сетевое напряжение","V",2204,
"2025-04-01T10:15:04.612Z","01.04.2025 13:15:04","INV1","COM3","slave_4","status",25210,"Ток инвертора","A",4,
"2025-04-01T10:15:04.913Z","01.04.2025 13:15:04","INV1","COM3","slave_4","status",25213,"Мощность инвертора","W",65460,
"2025-04-01T10:15:05.220Z","01.04.2025 13:15:05","INV1","COM3","slave_4","status",25214,"Мощность сети","W",65275,
"2025-04-01T10:15:05.525Z","01.04.2025 13:15:05","INV1","COM3","slave_4","status",25215,"Мощность нагрузки","W",180,
"2025-04-01T10:15:05.835Z","01.04.2025 13:15:05","INV1","COM3","slave_4","status",25216,"Процент нагрузки","%",3,
"2025-04-01T10:15:06.143Z","01.04.2025 13:15:06","INV1","COM3","slave_4","status",25233,"Температура радиатора AC","C",54,
"2025-04-01T10:15:06.444Z","01.04.2025 13:15:06","INV1","COM3","slave_4","status",25234,"Температура трансформатора","C",62,
"2025-04-01T10:15:06.764Z","01.04.2025 13:15:06","INV1","COM3","slave_4","status",25235,"Температура радиатора DC","C",42,
"2025-04-01T10:15:07.079Z","01.04.2025 13:15:07","INV1","COM3","slave_4","energy",25245,"Накопленная зарядная энергия (старший байт)","kWh",0,
"2025-04-01T10:15:07.391Z","01.04.2025 13:15:07","INV1","COM3","slave_4","energy",25246,"Накопленная зарядная энергия (младший байт)","kWh",1067,
"2025-04-01T10:15:07.695Z","01.04.2025 13:15:07","INV1","COM3","slave_4","energy",25247,"Накопленная разрядная энергия (старший байт)","kWh",0,
"2025-04-01T10:15:07.996Z","01.04.2025 13:15:07","INV1","COM3","slave_4","energy",25248,"Накопленная разрядная энергия (младший байт)","kWh",44,
"2025-04-01T10:15:08.305Z","01.04.2025 13:15:08","INV1","COM3","slave_4","energy",25253,"Накопленная нагрузочная энергия (старший байт)","kWh",0,
"2025-04-01T10:15:08.610Z","01.04.2025 13:15:08","INV1","COM3","slave_4","energy",25254,"Накопленная нагрузочная энергия (младший байт)","kWh",3795,
"2025-04-01T10:15:08.925Z","01.04.2025 13:15:08","INV1","COM3","slave_4","error",25261,"Сообщение об ошибке 1","-",0,
"2025-04-01T10:15:09.250Z","01.04.2025 13:15:09","INV1","COM3","slave_4","error",25262,"Сообщение об ошибке 2","-",0,
"2025-04-01T10:15:09.558Z","01.04.2025 13:15:09","INV1","COM3","slave_4","error",25265,"Сообщение о предупреждении 1","-",0,
"2025-04-01T10:15:09.861Z","01.04.2025 13:15:09","INV1","COM3","slave_4","error",25266,"Сообщение о предупреждении 2","-",0,
"2025-04-01T10:15:10.171Z","01.04.2025 13:15:10","INV2","COM4","slave_4","info",20000,"Тип устройства (старший байт)","-",20566,
"2025-04-01T10:15:10.491Z","01.04.2025 13:15:10","INV2","COM4","slave_4","info",20001,"Тип устройства (младший байт)","-",1800,
"2025-04-01T10:15:10.797Z","01.04.2025 13:15:10","INV2","COM4","slave_4","info",20002,"Серийный номер (старший байт)","-",65535,
"2025-04-01T10:15:11.103Z","01.04.2025 13:15:11","INV2","COM4","slave_4","info",20003,"Серийный номер (младший байт)","-",65535,
"2025-04-01T10:15:11.414Z","01.04.2025 13:15:11","INV2","COM4","slave_4","info",20004,"Версия оборудования","-",10101,
"2025-04-01T10:15:11.709Z","01.04.2025 13:15:11","INV2","COM4","slave_4","info",20005,"Версия программного обеспечения","-",21706,
"2025-04-01T10:15:12.020Z","01.04.2025 13:15:12","INV2","COM4","slave_4","info",20006,"Версия протокола","-",10414,
"2025-04-01T10:15:12.311Z","01.04.2025 13:15:12","INV2","COM4","slave_4","status",25201,"Состояние работы","-",3,
"2025-04-01T10:15:12.618Z","01.04.2025 13:15:12","INV2","COM4","slave_4","status",25205,"Напряжение АКБ","V",548,
"2025-04-01T10:15:12.923Z","01.04.2025 13:15:12","INV2","COM4","slave_4","status",25206,"Выходное напряжение инвертора","V",2221,
"2025-04-01T10:15:13.227Z","01.04.2025 13:15:13","INV2","COM4","slave_4","status",25207,"Сетевое напряжение","V",2233,
"2025-04-01T10:15:13.541Z","01.04.2025 13:15:13","INV2","COM4","slave_4","status",25210,"Ток инвертора","A",4,
"2025-04-01T10:15:13.851Z","01.04.2025 13:15:13","INV2","COM4","slave_4","status",25213,"Мощность инвертора","W",65465,
"2025-04-01T10:15:14.166Z","01.04.2025 13:15:14","INV2","COM4","slave_4","status",25214,"Мощность сети","W",65216,
"2025-04-01T10:15:14.465Z","01.04.2025 13:15:14","INV2","COM4","slave_4","status",25215,"Мощность нагрузки","W",167,
"2025-04-01T10:15:14.786Z","01.04.2025 13:15:14","INV2","COM4","slave_4","status",25216,"Процент нагрузки","%",3,
"2025-04-01T10:15:15.111Z","01.04.2025 13:15:15","INV2","COM4","slave_4","status",25233,"Температура радиатора AC","C",49,
"2025-04-01T10:15:15.412Z","01.04.2025 13:15:15","INV2","COM4","slave_4","status",25234,"Температура трансформатора","C",63,
"2025-04-01T10:15:15.716Z","01.04.2025 13:15:15","INV2","COM4","slave_4","status",25235,"Температура радиатора DC","C",43,
"2025-04-01T10:15:16.023Z","01.04.2025 13:15:16","INV2","COM4","slave_4","energy",25245,"Накопленная зарядная энергия (старший байт)","kWh",0,
"2025-04-01T10:15:16.338Z","01.04.2025 13:15:16","INV2","COM4","slave_4","energy",25246,"Накопленная зарядная энергия (младший байт)","kWh",1083,
"2025-04-01T10:15:16.666Z","01.04.2025 13:15:16","INV2","COM4","slave_4","energy",25247,"Накопленная разрядная энергия (старший байт)","kWh",0,
"2025-04-01T10:15:16.974Z","01.04.2025 13:15:16","INV2","COM4","slave_4","energy",25248,"Накопленная разрядная энергия (младший байт)","kWh",43,
"2025-04-01T10:15:17.278Z","01.04.2025 13:15:17","INV2","COM4","slave_4","energy",25253,"Накопленная нагрузочная энергия (старший байт)","kWh",0,
"2025-04-01T10:15:17.572Z","01.04.2025 13:15:17","INV2","COM4","slave_4","energy",25254,"Накопленная нагрузочная энергия (младший байт)","kWh",7501,
"2025-04-01T10:15:17.879Z","01.04.2025 13:15:17","INV2","COM4","slave_4","error",25261,"Сообщение об ошибке 1","-",0,
"2025-04-01T10:15:18.180Z","01.04.2025 13:15:18","INV2","COM4","slave_4","error",25262,"Сообщение об ошибке 2","-",0,
"2025-04-01T10:15:18.489Z","01.04.2025 13:15:18","INV2","COM4","slave_4","error",25265,"Сообщение о предупреждении 1","-",0,
"2025-04-01T10:15:18.802Z","01.04.2025 13:15:18","INV2","COM4","slave_4","error",25266,"Сообщение о предупреждении 2","-",0,
"2025-04-01T10:15:19.119Z","01.04.2025 13:15:19","INV3","COM5","slave_4","info",20000,"Тип устройства (старший байт)","-",20566,
"2025-04-01T10:15:19.435Z","01.04.2025 13:15:19","INV3","COM5","slave_4","info",20001,"Тип устройства (младший байт)","-",1800,
"2025-04-01T10:15:19.729Z","01.04.2025 13:15:19","INV3","COM5","slave_4","info",20002,"Серийный номер (старший байт)","-",65535,
"2025-04-01T10:15:20.043Z","01.04.2025 13:15:20","INV3","COM5","slave_4","info",20003,"Серийный номер (младший байт)","-",65535,
"2025-04-01T10:15:20.348Z","01.04.2025 13:15:20","INV3","COM5","slave_4","info",20004,"Версия оборудования","-",10101,
"2025-04-01T10:15:20.653Z","01.04.2025 13:15:20","INV3","COM5","slave_4","info",20005,"Версия программного обеспечения","-",21706,
"2025-04-01T10:15:20.965Z","01.04.2025 13:15:20","INV3","COM5","slave_4","info",20006,"Версия протокола","-",10414,
"2025-04-01T10:15:21.270Z","01.04.2025 13:15:21","INV3","COM5","slave_4","status",25201,"Состояние работы","-",3,
"2025-04-01T10:15:21.585Z","01.04.2025 13:15:21","INV3","COM5","slave_4","status",25205,"Напряжение АКБ","V",548,
"2025-04-01T10:15:21.881Z","01.04.2025 13:15:21","INV3","COM5","slave_4","status",25206,"Выходное напряжение инвертора","V",2187,
"2025-04-01T10:15:22.199Z","01.04.2025 13:15:22","INV3","COM5","slave_4","status",25207,"Сетевое напряжение","V",2199,
"2025-04-01T10:15:22.509Z","01.04.2025 13:15:22","INV3","COM5","slave_4","status",25210,"Ток инвертора","A",4,
"2025-04-01T10:15:22.811Z","01.04.2025 13:15:22","INV3","COM5","slave_4","status",25213,"Мощность инвертора","W",65463,
"2025-04-01T10:15:23.125Z","01.04.2025 13:15:23","INV3","COM5","slave_4","status",25214,"Мощность сети","W",65057,
"2025-04-01T10:15:23.434Z","01.04.2025 13:15:23","INV3","COM5","slave_4","status",25215,"Мощность нагрузки","W",390,
"2025-04-01T10:15:23.743Z","01.04.2025 13:15:23","INV3","COM5","slave_4","status",25216,"Процент нагрузки","%",7,
"2025-04-01T10:15:24.056Z","01.04.2025 13:15:24","INV3","COM5","slave_4","status",25233,"Температура радиатора AC","C",51,
"2025-04-01T10:15:24.363Z","01.04.2025 13:15:24","INV3","COM5","slave_4","status",25234,"Температура трансформатора","C",64,
"2025-04-01T10:15:24.669Z","01.04.2025 13:15:24","INV3","COM5","slave_4","status",25235,"Температура радиатора DC","C",46,
"2025-04-01T10:15:24.978Z","01.04.2025 13:15:24","INV3","COM5","slave_4","energy",25245,"Накопленная зарядная энергия (старший байт)","kWh",0,
"2025-04-01T10:15:25.284Z","01.04.2025 13:15:25","INV3","COM5","slave_4","energy",25246,"Накопленная зарядная энергия (младший байт)","kWh",1092,
"2025-04-01T10:15:25.589Z","01.04.2025 13:15:25","INV3","COM5","slave_4","energy",25247,"Накопленная разрядная энергия (старший байт)","kWh",0,
"2025-04-01T10:15:25.913Z","01.04.2025 13:15:25","INV3","COM5","slave_4","energy",25248,"Накопленная разрядная энергия (младший байт)","kWh",44,
"2025-04-01T10:15:26.217Z","01.04.2025 13:15:26","INV3","COM5","slave_4","energy",25253,"Накопленная нагрузочная энергия (старший байт)","kWh",0,
"2025-04-01T10:15:26.530Z","01.04.2025 13:15:26","INV3","COM5","slave_4","energy",25254,"Накопленная нагрузочная энергия (младший байт)","kWh",6257,
"2025-04-01T10:15:26.856Z","01.04.2025 13:15:26","INV3","COM5","slave_4","error",25261,"Сообщение об ошибке 1","-",0,
"2025-04-01T10:15:27.158Z","01.04.2025 13:15:27","INV3","COM5","slave_4","error",25262,"Сообщение об ошибке 2","-",0,
"2025-04-01T10:15:27.462Z","01.04.2025 13:15:27","INV3","COM5","slave_4","error",25265,"Сообщение о предупреждении 1","-",0,
"2025-04-01T10:15:27.768Z","01.04.2025 13:15:27","INV3","COM5","slave_4","error",25266,"Сообщение о предупреждении 2","-",0,
"2025-04-01T10:30:00.613Z","01.04.2025 13:30:00","INV1","COM3","slave_4","info",20000,"Тип устройства (старший байт)","-",20566,
"2025-04-01T10:30:00.911Z","01.04.2025 13:30:00","INV1","COM3","slave_4","info",20001,"Тип устройства (младший байт)","-",1800,
"2025-04-01T10:30:01.209Z","01.04.2025 13:30:01","INV1","COM3","slave_4","info",20002,"Серийный номер (старший байт)","-",65535,
"2025-04-01T10:30:01.504Z","01.04.2025 13:30:01","INV1","COM3","slave_4","info",20003,"Серийный номер (младший байт)","-",65535,
"2025-04-01T10:30:01.801Z","01.04.2025 13:30:01","INV1","COM3","slave_4","info",20004,"Версия оборудования","-",10101,
"2025-04-01T10:30:02.098Z","01.04.2025 13:30:02","INV1","COM3","slave_4","info",20005,"Версия программного обеспечения","-",21706,
"2025-04-01T10:30:02.396Z","01.04.2025 13:30:02","INV1","COM3","slave_4","info",20006,"Версия протокола","-",10414,
"2025-04-01T10:30:02.696Z","01.04.2025 13:30:02","INV1","COM3","slave_4","status",25201,"Состояние работы","-",3,
"2025-04-01T10:30:02.993Z","01.04.2025 13:30:02","INV1","COM3","slave_4","status",25205,"Напряжение АКБ","V",548,
"2025-04-01T10:30:03.291Z","01.04.2025 13:30:03","INV1","COM3","slave_4","status",25206,"Выходное напряжение инвертора","V",2192,
"2025-04-01T10:30:03.588Z","01.04.2025 13:30:03","INV1","COM3","slave_4","status",25207,"Сетевое напряжение","V",2200,
"2025-04-01T10:30:03.886Z","01.04.2025 13:30:03","INV1","COM3","slave_4","status",25210,"Ток инвертора","A",4,
"2025-04-01T10:30:04.183Z","01.04.2025 13:30:04","INV1","COM3","slave_4","status",25213,"Мощность инвертора","W",65467,
"2025-04-01T10:30:04.482Z","01.04.2025 13:30:04","INV1","COM3","slave_4","status",25214,"Мощность сети","W",65311,
"2025-04-01T10:30:04.780Z","01.04.2025 13:30:04","INV1","COM3","slave_4","status",25215,"Мощность нагрузки","W",149,
"2025-04-01T10:30:05.078Z","01.04.2025 13:30:05","INV1","COM3","slave_4","status",25216,"Процент нагрузки","%",2,
"2025-04-01T10:30:05.374Z","01.04.2025 13:30:05","INV1","COM3","slave_4","status",25233,"Температура радиатора AC","C",54,
"2025-04-01T10:30:05.669Z","01.04.2025 13:30:05","INV1","COM3","slave_4","status",25234,"Температура трансформатора","C",62,
"2025-04-01T10:30:05.969Z","01.04.2025 13:30:05","INV1","COM3","slave_4","status",25235,"Температура радиатора DC","C",42,
"2025-04-01T10:30:06.265Z","01.04.2025 13:30:06","INV1","COM3","slave_4","energy",25245,"Накопленная зарядная энергия (старший байт)","kWh",0,
"2025-04-01T10:30:06.562Z","01.04.2025 13:30:06","INV1","COM3","slave_4","energy",25246,"Накопленная зарядная энергия (младший байт)","kWh",1067,
"2025-04-01T10:30:06.859Z","01.04.2025 13:30:06","INV1","COM3","slave_4","energy",25247,"Накопленная разрядная энергия (старший байт)","kWh",0,
"2025-04-01T10:30:07.156Z","01.04.2025 13:30:07","INV1","COM3","slave_4","energy",25248,"Накопленная разрядная энергия (младший байт)","kWh",44,
"2025-04-01T10:30:07.452Z","01.04.2025 13:30:07","INV1","COM3","slave_4","energy",25253,"Накопленная нагрузочная энергия (старший байт)","kWh",0,
"2025-04-01T10:30:07.761Z","01.04.2025 13:30:07","INV1","COM3","slave_4","energy",25254,"Накопленная нагрузочная энергия (младший байт)","kWh",3795,
"2025-04-01T10:30:08.059Z","01.04.2025 13:30:08","INV1","COM3","slave_4","error",25261,"Сообщение об ошибке 1","-",0,
"2025-04-01T10:30:08.354Z","01.04.2025 13:30:08","INV1","COM3","slave_4","error",25262,"Сообщение об ошибке 2","-",0,
"2025-04-01T10:30:08.652Z","01.04.2025 13:30:08","INV1","COM3","slave_4","error",25265,"Сообщение о предупреждении 1","-",0,
"2025-04-01T10:30:08.949Z","01.04.2025 13:30:08","INV1","COM3","slave_4","error",25266,"Сообщение о предупреждении 2","-",0,
"2025-04-01T10:30:09.260Z","01.04.2025 13:30:09","INV2","COM4","slave_4","info",20000,"Тип устройства (старший байт)","-",20566,
"2025-04-01T10:30:09.555Z","01.04.2025 13:30:09","INV2","COM4","slave_4","info",20001,"Тип устройства (младший байт)","-",1800,
"2025-04-01T10:30:09.853Z","01.04.2025 13:30:09","INV2","COM4","slave_4","info",20002,"Серийный номер (старший байт)","-",65535,
"2025-04-01T10:30:10.149Z","01.04.2025 13:30:10","INV2","COM4","slave_4","info",20003,"Серийный номер (младший байт)","-",65535,
"2025-04-01T10:30:10.445Z","01.04.2025 13:30:10","INV2","COM4","slave_4","info",20004,"Версия оборудования","-",10101,
"2025-04-01T10:30:10.740Z","01.04.2025 13:30:10","INV2","COM4","slave_4","info",20005,"Версия программного обеспечения","-",21706,
"2025-04-01T10:30:11.036Z","01.04.2025 13:30:11","INV2","COM4","slave_4","info",20006,"Версия протокола","-",10414,
"2025-04-01T10:30:11.334Z","01.04.2025 13:30:11","INV2","COM4","slave_4","status",25201,"Состояние работы","-",3,
"2025-04-01T10:30:11.633Z","01.04.2025 13:30:11","INV2","COM4","slave_4","status",25205,"Напряжение АКБ","V",548,
"2025-04-01T10:30:11.926Z","01.04.2025 13:30:11","INV2","COM4","slave_4","status",25206,"Выходное напряжение инвертора","V",2220,
"2025-04-01T10:30:12.225Z","01.04.2025 13:30:12","INV2","COM4","slave_4","status",25207,"Сетевое напряжение","V",2233,
"2025-04-01T10:30:12.520Z","01.04.2025 13:30:12","INV2","COM4","slave_4","status",25210,"Ток инвертора","A",4,
"2025-04-01T10:30:12.816Z","01.04.2025 13:30:12","INV2","COM4","slave_4","status",25213,"Мощность инвертора","W",65460,
"2025-04-01T10:30:13.115Z","01.04.2025 13:30:13","INV2","COM4","slave_4","status",25214,"Мощность сети","W",65286,
"2025-04-01T10:30:13.410Z","01.04.2025 13:30:13","INV2","COM4","slave_4","status",25215,"Мощность нагрузки","W",175,
"2025-04-01T10:30:13.708Z","01.04.2025 13:30:13","INV2","COM4","slave_4","status",25216,"Процент нагрузки","%",3,
"2025-04-01T10:30:14.003Z","01.04.2025 13:30:14","INV2","COM4","slave_4","status",25233,"Температура радиатора AC","C",49,
"2025-04-01T10:30:14.302Z","01.04.2025 13:30:14","INV2","COM4","slave_4","status",25234,"Температура трансформатора","C",63,
"2025-04-01T10:30:14.602Z","01.04.2025 13:30:14","INV2","COM4","slave_4","status",25235,"Температура радиатора DC","C",43,
"2025-04-01T10:30:14.898Z","01.04.2025 13:30:14","INV2","COM4","slave_4","energy",25245,"Накопленная зарядная энергия (старший байт)","kWh",0,
"2025-04-01T10:30:15.191Z","01.04.2025 13:30:15","INV2","COM4","slave_4","energy",25246,"Накопленная зарядная энергия (младший байт)","kWh",1083,
"2025-04-01T10:30:15.491Z","01.04.2025 13:30:15","INV2","COM4","slave_4","energy",25247,"Накопленная разрядная энергия (старший байт)","kWh",0,
"2025-04-01T10:30:15.785Z","01.04.2025 13:30:15","INV2","COM4","slave_4","energy",25248,"Накопленная разрядная энергия (младший байт)","kWh",43,
"2025-04-01T10:30:16.083Z","01.04.2025 13:30:16","INV2","COM4","slave_4","energy",25253,"Накопленная нагрузочная энергия (старший байт)","kWh",0,
"2025-04-01T10:30:16.379Z","01.04.2025 13:30:16","INV2","COM4","slave_4","energy",25254,"Накопленная нагрузочная энергия (младший байт)","kWh",7502,
"2025-04-01T10:30:16.676Z","01.04.2025 13:30:16","INV2","COM4","slave_4","error",25261,"Сообщение об ошибке 1","-",0,
"2025-04-01T10:30:16.972Z","01.04.2025 13:30:16","INV2","COM4","slave_4","error",25262,"Сообщение об ошибке 2","-",0,
"2025-04-01T10:30:17.268Z","01.04.2025 13:30:17","INV2","COM4","slave_4","error",25265,"Сообщение о предупреждении 1","-",0,
"2025-04-01T10:30:17.566Z","01.04.2025 13:30:17","INV2","COM4","slave_4","error",25266,"Сообщение о предупреждении 2","-",0,
"2025-04-01T10:30:17.861Z","01.04.2025 13:30:17","INV3","COM5","slave_4","info",20000,"Тип устройства (старший байт)","-",20566,
"2025-04-01T10:30:18.157Z","01.04.2025 13:30:18","INV3","COM5","slave_4","info",20001,"Тип устройства (младший байт)","-",1800,
"2025-04-01T10:30:18.454Z","01.04.2025 13:30:18","INV3","COM5","slave_4","info",20002,"Серийный номер (старший байт)","-",65535,
"2025-04-01T10:30:18.752Z","01.04.2025 13:30:18","INV3","COM5","slave_4","info",20003,"Серийный номер (младший байт)","-",65535,
"2025-04-01T10:30:19.049Z","01.04.2025 13:30:19","INV3","COM5","slave_4","info",20004,"Версия оборудования","-",10101,
"2025-04-01T10:30:19.345Z","01.04.2025 13:30:19","INV3","COM5","slave_4","info",20005,"Версия программного обеспечения","-",21706,
"2025-04-01T10:30:19.640Z","01.04.2025 13:30:19","INV3","COM5","slave_4","info",20006,"Версия протокола","-",10414,
"2025-04-01T10:30:19.937Z","01.04.2025 13:30:19","INV3","COM5","slave_4","status",25201,"Состояние работы","-",3,
"2025-04-01T10:30:20.233Z","01.04.2025 13:30:20","INV3","COM5","slave_4","status",25205,"Напряжение АКБ","V",548,
"2025-04-01T10:30:20.529Z","01.04.2025 13:30:20","INV3","COM5","slave_4","status",25206,"Выходное напряжение инвертора","V",2188,
"2025-04-01T10:30:20.824Z","01.04.2025 13:30:20","INV3","COM5","slave_4","status",25207,"Сетевое напряжение","V",2199,
"2025-04-01T10:30:21.117Z","01.04.2025 13:30:21","INV3","COM5","slave_4","status",25210,"Ток инвертора","A",4,
"2025-04-01T10:30:21.412Z","01.04.2025 13:30:21","INV3","COM5","slave_4","status",25213,"Мощность инвертора","W",65465,
"2025-04-01T10:30:21.708Z","01.04.2025 13:30:21","INV3","COM5","slave_4","status",25214,"Мощность сети","W",65128,
"2025-04-01T10:30:22.006Z","01.04.2025 13:30:22","INV3","COM5","slave_4","status",25215,"Мощность нагрузки","W",315,
"2025-04-01T10:30:22.303Z","01.04.2025 13:30:22","INV3","COM5","slave_4","status",25216,"Процент нагрузки","%",6,
"2025-04-01T10:30:22.602Z","01.04.2025 13:30:22","INV3","COM5","slave_4","status",25233,"Температура радиатора AC","C",52,
"2025-04-01T10:30:22.897Z","01.04.2025 13:30:22","INV3","COM5","slave_4","status",25234,"Температура трансформатора","C",64,
"2025-04-01T10:30:23.194Z","01.04.2025 13:30:23","INV3","COM5","slave_4","status",25235,"Температура радиатора DC","C",46,
"2025-04-01T10:30:23.491Z","01.04.2025 13:30:23","INV3","COM5","slave_4","energy",25245,"Накопленная зарядная энергия (старший байт)","kWh",0,
"2025-04-01T10:30:23.790Z","01.04.2025 13:30:23","INV3","COM5","slave_4","energy",25246,"Накопленная зарядная энергия (младший байт)","kWh",1092,
"2025-04-01T10:30:24.086Z","01.04.2025 13:30:24","INV3","COM5","slave_4","energy",25247,"Накопленная разрядная энергия (старший байт)","kWh",0,
"2025-04-01T10:30:24.382Z","01.04.2025 13:30:24","INV3","COM5","slave_4","energy",25248,"Накопленная разрядная энергия (младший байт)","kWh",44,
"2025-04-01T10:30:24.680Z","01.04.2025 13:30:24","INV3","COM5","slave_4","energy",25253,"Накопленная нагрузочная энергия (старший байт)","kWh",0,
"2025-04-01T10:30:24.977Z","01.04.2025 13:30:24","INV3","COM5","slave_4","energy",25254,"Накопленная нагрузочная энергия (младший байт)","kWh",6257,
"2025-04-01T10:30:25.275Z","01.04.2025 13:30:25","INV3","COM5","slave_4","error",25261,"Сообщение об ошибке 1","-",0,
"2025-04-01T10:30:25.568Z","01.04.2025 13:30:25","INV3","COM5","slave_4","error",25262,"Сообщение об ошибке 2","-",0,
"2025-04-01T10:30:25.866Z","01.04.2025 13:30:25","INV3","COM5","slave_4","error",25265,"Сообщение о предупреждении 1","-",0,
"2025-04-01T10:30:26.163Z","01.04.2025 13:30:26","INV3","COM5","slave_4","error",25266,"Сообщение о предупреждении 2","-",0,
"2025-04-01T10:45:00.737Z","01.04.2025 13:45:00","INV1","COM3","slave_4","info",20000,"Тип устройства (старший байт)","-",20566,
"2025-04-01T10:45:01.052Z","01.04.2025 13:45:01","INV1","COM3","slave_4","info",20001,"Тип устройства (младший байт)","-",1800,
"2025-04-01T10:45:01.346Z","01.04.2025 13:45:01","INV1","COM3","slave_4","info",20002,"Серийный номер (старший байт)","-",65535,
"2025-04-01T10:45:01.645Z","01.04.2025 13:45:01","INV1","COM3","slave_4","info",20003,"Серийный номер (младший байт)","-",65535,
"2025-04-01T10:45:01.939Z","01.04.2025 13:45:01","INV1","COM3","slave_4","info",20004,"Версия оборудования","-",10101,
"2025-04-01T10:45:02.235Z","01.04.2025 13:45:02","INV1","COM3","slave_4","info",20005,"Версия программного обеспечения","-",21706,
"2025-04-01T10:45:02.532Z","01.04.2025 13:45:02","INV1","COM3","slave_4","info",20006,"Версия протокола","-",10414,
"2025-04-01T10:45:02.831Z","01.04.2025 13:45:02","INV1","COM3","slave_4","status",25201,"Состояние работы","-",3,
"2025-04-01T10:45:03.126Z","01.04.2025 13:45:03","INV1","COM3","slave_4","status",25205,"Напряжение АКБ","V",548,
"2025-04-01T10:45:03.424Z","01.04.2025 13:45:03","INV1","COM3","slave_4","status",25206,"Выходное напряжение инвертора","V",2193,
"2025-04-01T10:45:03.722Z","01.04.2025 13:45:03","INV1","COM3","slave_4","status",25207,"Сетевое напряжение","V",2207,
"2025-04-01T10:45:04.019Z","01.04.2025 13:45:04","INV1","COM3","slave_4","status",25210,"Ток инвертора","A",4,
"2025-04-01T10:45:04.316Z","01.04.2025 13:45:04","INV1","COM3","slave_4","status",25213,"Мощность инвертора","W",65467,
"2025-04-01T10:45:04.608Z","01.04.2025 13:45:04","INV1","COM3","slave_4","status",25214,"Мощность сети","W",65225,
"2025-04-01T10:45:04.908Z","01.04.2025 13:45:04","INV1","COM3","slave_4","status",25215,"Мощность нагрузки","W",227,
"2025-04-01T10:45:05.207Z","01.04.2025 13:45:05","INV1","COM3","slave_4","status",25216,"Процент нагрузки","%",4,
"2025-04-01T10:45:05.504Z","01.04.2025 13:45:05","INV1","COM3","slave_4","status",25233,"Температура радиатора AC","C",55,
"2025-04-01T10:45:05.812Z","01.04.2025 13:45:05","INV1","COM3","slave_4","status",25234,"Температура трансформатора","C",62,
"2025-04-01T10:45:06.113Z","01.04.2025 13:45:06","INV1","COM3","slave_4","status",25235,"Температура радиатора DC","C",42,
"2025-04-01T10:45:06.448Z","01.04.2025 13:45:06","INV1","COM3","slave_4","energy",25245,"Накопленная зарядная энергия (старший байт)","kWh",0,
"2025-04-01T10:45:06.776Z","01.04.2025 13:45:06","INV1","COM3","slave_4","energy",25246,"Накопленная зарядная энергия (младший байт)","kWh",1067,
"2025-04-01T10:45:07.086Z","01.04.2025 13:45:07","INV1","COM3","slave_4","energy",25247,"Накопленная разрядная энергия (старший байт)","kWh",0,
"2025-04-01T10:45:07.425Z","01.04.2025 13:45:07","INV1","COM3","slave_4","energy",25248,"Накопленная разрядная энергия (младший байт)","kWh",44,
"2025-04-01T10:45:07.725Z","01.04.2025 13:45:07","INV1","COM3","slave_4","energy",25253,"Накопленная нагрузочная энергия (старший байт)","kWh",0,
"2025-04-01T10:45:08.018Z","01.04.2025 13:45:08","INV1","COM3","slave_4","energy",25254,"Накопленная нагрузочная энергия (младший байт)","kWh",3796,
"2025-04-01T10:45:08.312Z","01.04.2025 13:45:08","INV1","COM3","slave_4","error",25261,"Сообщение об ошибке 1","-",0,
"2025-04-01T10:45:08.610Z","01.04.2025 13:45:08","INV1","COM3","slave_4","error",25262,"Сообщение об ошибке 2","-",0,
"2025-04-01T10:45:08.908Z","01.04.2025 13:45:08","INV1","COM3","slave_4","error",25265,"Сообщение о предупреждении 1","-",0,
"2025-04-01T10:45:09.204Z","01.04.2025 13:45:09","INV1","COM3","slave_4","error",25266,"Сообщение о предупреждении 2","-",0,
"2025-04-01T10:45:09.499Z","01.04.2025 13:45:09","INV2","COM4","slave_4","info",20000,"Тип устройства (старший байт)","-",20566,
"2025-04-01T10:45:09.794Z","01.04.2025 13:45:09","INV2","COM4","slave_4","info",20001,"Тип устройства (младший байт)","-",1800,
"2025-04-01T10:45:10.091Z","01.04.2025 13:45:10","INV2","COM4","slave_4","info",20002,"Серийный номер (старший байт)","-",65535,
"2025-04-01T10:45:10.402Z","01.04.2025 13:45:10","INV2","COM4","slave_4","info",20003,"Серийный номер (младший байт)","-",65535,
"2025-04-01T10:45:10.705Z","01.04.2025 13:45:10","INV2","COM4","slave_4","info",20004,"Версия оборудования","-",10101,
"2025-04-01T10:45:11.010Z","01.04.2025 13:45:11","INV2","COM4","slave_4","info",20005,"Версия программного обеспечения","-",21706,
"2025-04-01T10:45:11.306Z","01.04.2025 13:45:11","INV2","COM4","slave_4","info",20006,"Версия протокола","-",10414,
"2025-04-01T10:45:11.603Z","01.04.2025 13:45:11","INV2","COM4","slave_4","status",25201,"Состояние работы","-",3,
"2025-04-01T10:45:11.904Z","01.04.2025 13:45:11","INV2","COM4","slave_4","status",25205,"Напряжение АКБ","V",548,
"2025-04-01T10:45:12.196Z","01.04.2025 13:45:12","INV2","COM4","slave_4","status",25206,"Выходное напряжение инвертора","V",2221,
"2025-04-01T10:45:12.490Z","01.04.2025 13:45:12","INV2","COM4","slave_4","status",25207,"Сетевое напряжение","V",2232,
"2025-04-01T10:45:12.785Z","01.04.2025 13:45:12","INV2","COM4","slave_4","status",25210,"Ток инвертора","A",4,
"2025-04-01T10:45:13.080Z","01.04.2025 13:45:13","INV2","COM4","slave_4","status",25213,"Мощность инвертора","W",65469,
"2025-04-01T10:45:13.376Z","01.04.2025 13:45:13","INV2","COM4","slave_4","status",25214,"Мощность сети","W",65099,
"2025-04-01T10:45:13.672Z","01.04.2025 13:45:13","INV2","COM4","slave_4","status",25215,"Мощность нагрузки","W",350,
"2025-04-01T10:45:13.972Z","01.04.2025 13:45:13","INV2","COM4","slave_4","status",25216,"Процент нагрузки","%",6,
"2025-04-01T10:45:14.265Z","01.04.2025 13:45:14","INV2","COM4","slave_4","status",25233,"Температура радиатора AC","C",49,
"2025-04-01T10:45:14.561Z","01.04.2025 13:45:14","INV2","COM4","slave_4","status",25234,"Температура трансформатора","C",63,
"2025-04-01T10:45:14.857Z","01.04.2025 13:45:14","INV2","COM4","slave_4","status",25235,"Температура радиатора DC","C",44,
"2025-04-01T10:45:15.166Z","01.04.2025 13:45:15","INV2","COM4","slave_4","energy",25245,"Накопленная зарядная энергия (старший байт)","kWh",0,
"2025-04-01T10:45:15.461Z","01.04.2025 13:45:15","INV2","COM4","slave_4","energy",25246,"Накопленная зарядная энергия (младший байт)","kWh",1083,
"2025-04-01T10:45:15.758Z","01.04.2025 13:45:15","INV2","COM4","slave_4","energy",25247,"Накопленная разрядная энергия (старший байт)","kWh",0,
"2025-04-01T10:45:16.054Z","01.04.2025 13:45:16","INV2","COM4","slave_4","energy",25248,"Накопленная разрядная энергия (младший байт)","kWh",43,
"2025-04-01T10:45:16.350Z","01.04.2025 13:45:16","INV2","COM4","slave_4","energy",25253,"Накопленная нагрузочная энергия (старший байт)","kWh",0,
"2025-04-01T10:45:16.649Z","01.04.2025 13:45:16","INV2","COM4","slave_4","energy",25254,"Накопленная нагрузочная энергия (младший байт)","kWh",7502,
"2025-04-01T10:45:16.957Z","01.04.2025 13:45:16","INV2","COM4","slave_4","error",25261,"Сообщение об ошибке 1","-",0,
"2025-04-01T10:45:17.257Z","01.04.2025 13:45:17","INV2","COM4","slave_4","error",25262,"Сообщение об ошибке 2","-",0,
"2025-04-01T10:45:17.565Z","01.04.2025 13:45:17","INV2","COM4","slave_4","error",25265,"Сообщение о предупреждении 1","-",0,
"2025-04-01T10:45:17.862Z","01.04.2025 13:45:17","INV2","COM4","slave_4","error",25266,"Сообщение о предупреждении 2","-",0,
"2025-04-01T10:45:18.155Z","01.04.2025 13:45:18","INV3","COM5","slave_4","info",20000,"Тип устройства (старший байт)","-",20566,
"2025-04-01T10:45:18.453Z","01.04.2025 13:45:18","INV3","COM5","slave_4","info",20001,"Тип устройства (младший байт)","-",1800,
"2025-04-01T10:45:18.756Z","01.04.2025 13:45:18","INV3","COM5","slave_4","info",20002,"Серийный номер (старший байт)","-",65535,
"2025-04-01T10:45:19.066Z","01.04.2025 13:45:19","INV3","COM5","slave_4","info",20003,"Серийный номер (младший байт)","-",65535,
"2025-04-01T10:45:19.362Z","01.04.2025 13:45:19","INV3","COM5","slave_4","info",20004,"Версия оборудования","-",10101,
"2025-04-01T10:45:19.658Z","01.04.2025 13:45:19","INV3","COM5","slave_4","info",20005,"Версия программного обеспечения","-",21706,
"2025-04-01T10:45:19.954Z","01.04.2025 13:45:19","INV3","COM5","slave_4","info",20006,"Версия протокола","-",10414,
"2025-04-01T10:45:20.251Z","01.04.2025 13:45:20","INV3","COM5","slave_4","status",25201,"Состояние работы","-",3,
"2025-04-01T10:45:20.551Z","01.04.2025 13:45:20","INV3","COM5","slave_4","status",25205,"Напряжение АКБ","V",547,
"2025-04-01T10:45:20.847Z","01.04.2025 13:45:20","INV3","COM5","slave_4","status",25206,"Выходное напряжение инвертора","V",2188,
"2025-04-01T10:45:21.144Z","01.04.2025 13:45:21","INV3","COM5","slave_4","status",25207,"Сетевое напряжение","V",2199,
"2025-04-01T10:45:21.439Z","01.04.2025 13:45:21","INV3","COM5","slave_4","status",25210,"Ток инвертора","A",3,
"2025-04-01T10:45:21.734Z","01.04.2025 13:45:21","INV3","COM5","slave_4","status",25213,"Мощность инвертора","W",65469,
"2025-04-01T10:45:22.032Z","01.04.2025 13:45:22","INV3","COM5","slave_4","status",25214,"Мощность сети","W",64963,
"2025-04-01T10:45:22.325Z","01.04.2025 13:45:22","INV3","COM5","slave_4","status",25215,"Мощность нагрузки","W",478,
"2025-04-01T10:45:22.625Z","01.04.2025 13:45:22","INV3","COM5","slave_4","status",25216,"Процент нагрузки","%",9,
"2025-04-01T10:45:22.920Z","01.04.2025 13:45:22","INV3","COM5","slave_4","status",25233,"Температура радиатора AC","C",52,
"2025-04-01T10:45:23.216Z","01.04.2025 13:45:23","INV3","COM5","slave_4","status",25234,"Температура трансформатора","C",64,
"2025-04-01T10:45:23.512Z","01.04.2025 13:45:23","INV3","COM5","slave_4","status",25235,"Температура радиатора DC","C",47,
"2025-04-01T10:45:23.807Z","01.04.2025 13:45:23","INV3","COM5","slave_4","energy",25245,"Накопленная зарядная энергия (старший байт)","kWh",0,
"2025-04-01T10:45:24.100Z","01.04.2025 13:45:24","INV3","COM5","slave_4","energy",25246,"Накопленная зарядная энергия (младший байт)","kWh",1092,
"2025-04-01T10:45:24.398Z","01.04.2025 13:45:24","INV3","COM5","slave_4","energy",25247,"Накопленная разрядная энергия (старший байт)","kWh",0,
"2025-04-01T10:45:24.696Z","01.04.2025 13:45:24","INV3","COM5","slave_4","energy",25248,"Накопленная разрядная энергия (младший байт)","kWh",44,
"2025-04-01T10:45:24.989Z","01.04.2025 13:45:24","INV3","COM5","slave_4","energy",25253,"Накопленная нагрузочная энергия (старший байт)","kWh",0,
"2025-04-01T10:45:25.287Z","01.04.2025 13:45:25","INV3","COM5","slave_4","energy",25254,"Накопленная нагрузочная энергия (младший байт)","kWh",6258,
"2025-04-01T10:45:25.584Z","01.04.2025 13:45:25","INV3","COM5","slave_4","error",25261,"Сообщение об ошибке 1","-",0,
"2025-04-01T10:45:25.878Z","01.04.2025 13:45:25","INV3","COM5","slave_4","error",25262,"Сообщение об ошибке 2","-",0,
"2025-04-01T10:45:26.175Z","01.04.2025 13:45:26","INV3","COM5","slave_4","error",25265,"Сообщение о предупреждении 1","-",0,
"2025-04-01T10:45:26.471Z","01.04.2025 13:45:26","INV3","COM5","slave_4","error",25266,"Сообщение о предупреждении 2","-",0,
"2025-04-01T11:00:00.410Z","01.04.2025 14:00:00","INV1","COM3","slave_4","info",20000,"Тип устройства (старший байт)","-",20566,
"2025-04-01T11:00:00.706Z","01.04.2025 14:00:00","INV1","COM3","slave_4","info",20001,"Тип устройства (младший байт)","-",1800,
"2025-04-01T11:00:01.002Z","01.04.2025 14:00:01","INV1","COM3","slave_4","info",20002,"Серийный номер (старший байт)","-",65535,
"2025-04-01T11:00:01.299Z","01.04.2025 14:00:01","INV1","COM3","slave_4","info",20003,"Серийный номер (младший байт)","-",65535,
"2025-04-01T11:00:01.597Z","01.04.2025 14:00:01","INV1","COM3","slave_4","info",20004,"Версия оборудования","-",10101,
"2025-04-01T11:00:01.891Z","01.04.2025 14:00:01","INV1","COM3","slave_4","info",20005,"Версия программного обеспечения","-",21706,
"2025-04-01T11:00:02.188Z","01.04.2025 14:00:02","INV1","COM3","slave_4","info",20006,"Версия протокола","-",10414,
"2025-04-01T11:00:02.485Z","01.04.2025 14:00:02","INV1","COM3","slave_4","status",25201,"Состояние работы","-",3,
"2025-04-01T11:00:02.783Z","01.04.2025 14:00:02","INV1","COM3","slave_4","status",25205,"Напряжение АКБ","V",547,
"2025-04-01T11:00:03.087Z","01.04.2025 14:00:03","INV1","COM3","slave_4","status",25206,"Выходное напряжение инвертора","V",2194,
"2025-04-01T11:00:03.397Z","01.04.2025 14:00:03","INV1","COM3","slave_4","status",25207,"Сетевое напряжение","V",2209,
"2025-04-01T11:00:03.696Z","01.04.2025 14:00:03","INV1","COM3","slave_4","status",25210,"Ток инвертора","A",4,
"2025-04-01T11:00:03.993Z","01.04.2025 14:00:03","INV1","COM3","slave_4","status",25213,"Мощность инвертора","W",65466,
"2025-04-01T11:00:04.287Z","01.04.2025 14:00:04","INV1","COM3","slave_4","status",25214,"Мощность сети","W",65218,
"2025-04-01T11:00:04.583Z","01.04.2025 14:00:04","INV1","COM3","slave_4","status",25215,"Мощность нагрузки","W",222,
"2025-04-01T11:00:04.885Z","01.04.2025 14:00:04","INV1","COM3","slave_4","status",25216,"Процент нагрузки","%",4,
"2025-04-01T11:00:05.179Z","01.04.2025 14:00:05","INV1","COM3","slave_4","status",25233,"Температура радиатора AC","C",55,
"2025-04-01T11:00:05.479Z","01.04.2025 14:00:05","INV1","COM3","slave_4","status",25234,"Температура трансформатора","C",62,
"2025-04-01T11:00:05.774Z","01.04.2025 14:00:05","INV1","COM3","slave_4","status",25235,"Температура радиатора DC","C",42,
"2025-04-01T11:00:06.071Z","01.04.2025 14:00:06","INV1","COM3","slave_4","energy",25245,"Накопленная зарядная энергия (старший байт)","kWh",0,
"2025-04-01T11:00:06.371Z","01.04.2025 14:00:06","INV1","COM3","slave_4","energy",25246,"Накопленная зарядная энергия (младший байт)","kWh",1067,
"2025-04-01T11:00:06.666Z","01.04.2025 14:00:06","INV1","COM3","slave_4","energy",25247,"Накопленная разрядная энергия (старший байт)","kWh",0,
"2025-04-01T11:00:06.961Z","01.04.2025 14:00:06","INV1","COM3","slave_4","energy",25248,"Накопленная разрядная энергия (младший байт)","kWh",44,
"2025-04-01T11:00:07.259Z","01.04.2025 14:00:07","INV1","COM3","slave_4","energy",25253,"Накопленная нагрузочная энергия (старший байт)","kWh",0,
"2025-04-01T11:00:07.555Z","01.04.2025 14:00:07","INV1","COM3","slave_4","energy",25254,"Накопленная нагрузочная энергия (младший байт)","kWh",3796,
"2025-04-01T11:00:07.851Z","01.04.2025 14:00:07","INV1","COM3","slave_4","error",25261,"Сообщение об ошибке 1","-",0,
"2025-04-01T11:00:08.150Z","01.04.2025 14:00:08","INV1","COM3","slave_4","error",25262,"Сообщение об ошибке 2","-",0,
"2025-04-01T11:00:08.551Z","01.04.2025 14:00:08","INV1","COM3","slave_4","error",25265,"Сообщение о предупреждении 1","-",0,
"2025-04-01T11:00:08.875Z","01.04.2025 14:00:08","INV1","COM3","slave_4","error",25266,"Сообщение о предупреждении 2","-",0,
"2025-04-01T11:00:09.169Z","01.04.2025 14:00:09","INV2","COM4","slave_4","info",20000,"Тип устройства (старший байт)","-",20566,
"2025-04-01T11:00:09.477Z","01.04.2025 14:00:09","INV2","COM4","slave_4","info",20001,"Тип устройства (младший байт)","-",1800,
"2025-04-01T11:00:09.775Z","01.04.2025 14:00:09","INV2","COM4","slave_4","info",20002,"Серийный номер (старший байт)","-",65535,
"2025-04-01T11:00:10.075Z","01.04.2025 14:00:10","INV2","COM4","slave_4","info",20003,"Серийный номер (младший байт)","-",65535,
"2025-04-01T11:00:10.368Z","01.04.2025 14:00:10","INV2","COM4","slave_4","info",20004,"Версия оборудования","-",10101,
"2025-04-01T11:00:10.665Z","01.04.2025 14:00:10","INV2","COM4","slave_4","info",20005,"Версия программного обеспечения","-",21706,
"2025-04-01T11:00:10.977Z","01.04.2025 14:00:10","INV2","COM4","slave_4","info",20006,"Версия протокола","-",10414,
"2025-04-01T11:00:11.274Z","01.04.2025 14:00:11","INV2","COM4","slave_4","status",25201,"Состояние работы","-",3,
"2025-04-01T11:00:11.575Z","01.04.2025 14:00:11","INV2","COM4","slave_4","status",25205,"Напряжение АКБ","V",548,
"2025-04-01T11:00:11.868Z","01.04.2025 14:00:11","INV2","COM4","slave_4","status",25206,"Выходное напряжение инвертора","V",2221,
"2025-04-01T11:00:12.163Z","01.04.2025 14:00:12","INV2","COM4","slave_4","status",25207,"Сетевое напряжение","V",2233,
"2025-04-01T11:00:12.461Z","01.04.2025 14:00:12","INV2","COM4","slave_4","status",25210,"Ток инвертора","A",4,
"2025-04-01T11:00:12.756Z","01.04.2025 14:00:12","INV2","COM4","slave_4","status",25213,"Мощность инвертора","W",65467,
"2025-04-01T11:00:13.052Z","01.04.2025 14:00:13","INV2","COM4","slave_4","status",25214,"Мощность сети","W",65221,
"2025-04-01T11:00:13.347Z","01.04.2025 14:00:13","INV2","COM4","slave_4","status",25215,"Мощность нагрузки","W",230,
"2025-04-01T11:00:13.646Z","01.04.2025 14:00:13","INV2","COM4","slave_4","status",25216,"Процент нагрузки","%",4,
"2025-04-01T11:00:13.945Z","01.04.2025 14:00:13","INV2","COM4","slave_4","status",25233,"Температура радиатора AC","C",48,
"2025-04-01T11:00:14.239Z","01.04.2025 14:00:14","INV2","COM4","slave_4","status",25234,"Температура трансформатора","C",63,
"2025-04-01T11:00:14.533Z","01.04.2025 14:00:14","INV2","COM4","slave_4","status",25235,"Температура радиатора DC","C",44,
"2025-04-01T11:00:14.830Z","01.04.2025 14:00:14","INV2","COM4","slave_4","energy",25245,"Накопленная зарядная энергия (старший байт)","kWh",0,
"2025-04-01T11:00:15.127Z","01.04.2025 14:00:15","INV2","COM4","slave_4","energy",25246,"Накопленная зарядная энергия (младший байт)","kWh",1083,
"2025-04-01T11:00:15.437Z","01.04.2025 14:00:15","INV2","COM4","slave_4","energy",25247,"Накопленная разрядная энергия (старший байт)","kWh",0,
"2025-04-01T11:00:15.733Z","01.04.2025 14:00:15","INV2","COM4","slave_4","energy",25248,"Накопленная разрядная энергия (младший байт)","kWh",43,
"2025-04-01T11:00:16.029Z","01.04.2025 14:00:16","INV2","COM4","slave_4","energy",25253,"Накопленная нагрузочная энергия (старший байт)","kWh",0,
"2025-04-01T11:00:16.327Z","01.04.2025 14:00:16","INV2","COM4","slave_4","energy",25254,"Накопленная нагрузочная энергия (младший байт)","kWh",7503,
"2025-04-01T11:00:16.624Z","01.04.2025 14:00:16","INV2","COM4","slave_4","error",25261,"Сообщение об ошибке 1","-",0,
"2025-04-01T11:00:16.918Z","01.04.2025 14:00:16","INV2","COM4","slave_4","error",25262,"Сообщение об ошибке 2","-",0,
"2025-04-01T11:00:17.230Z","01.04.2025 14:00:17","INV2","COM4","slave_4","error",25265,"Сообщение о предупреждении 1","-",0,
"2025-04-01T11:00:17.525Z","01.04.2025 14:00:17","INV2","COM4","slave_4","error",25266,"Сообщение о предупреждении 2","-",0,
"2025-04-01T11:00:17.833Z","01.04.2025 14:00:17","INV3","COM5","slave_4","info",20000,"Тип устройства (старший байт)","-",20566,
"2025-04-01T11:00:18.130Z","01.04.2025 14:00:18","INV3","COM5","slave_4","info",20001,"Тип устройства (младший байт)","-",1800,
"2025-04-01T11:00:18.425Z","01.04.2025 14:00:18","INV3","COM5","slave_4","info",20002,"Серийный номер (старший байт)","-",65535,
"2025-04-01T11:00:18.718Z","01.04.2025 14:00:18","INV3","COM5","slave_4","info",20003,"Серийный номер (младший байт)","-",65535,
"2025-04-01T11:00:19.012Z","01.04.2025 14:00:19","INV3","COM5","slave_4","info",20004,"Версия оборудования","-",10101,
"2025-04-01T11:00:19.308Z","01.04.2025 14:00:19","INV3","COM5","slave_4","info",20005,"Версия программного обеспечения","-",21706,
"2025-04-01T11:00:19.604Z","01.04.2025 14:00:19","INV3","COM5","slave_4","info",20006,"Версия протокола","-",10414,
"2025-04-01T11:00:19.902Z","01.04.2025 14:00:19","INV3","COM5","slave_4","status",25201,"Состояние работы","-",3,
"2025-04-01T11:00:20.198Z","01.04.2025 14:00:20","INV3","COM5","slave_4","status",25205,"Напряжение АКБ","V",548,
"2025-04-01T11:00:20.495Z","01.04.2025 14:00:20","INV3","COM5","slave_4","status",25206,"Выходное напряжение инвертора","V",2187,
"2025-04-01T11:00:20.791Z","01.04.2025 14:00:20","INV3","COM5","slave_4","status",25207,"Сетевое напряжение","V",2197,
"2025-04-01T11:00:21.087Z","01.04.2025 14:00:21","INV3","COM5","slave_4","status",25210,"Ток инвертора","A",4,
"2025-04-01T11:00:21.380Z","01.04.2025 14:00:21","INV3","COM5","slave_4","status",25213,"Мощность инвертора","W",65464,
"2025-04-01T11:00:21.675Z","01.04.2025 14:00:21","INV3","COM5","slave_4","status",25214,"Мощность сети","W",64934,
"2025-04-01T11:00:21.968Z","01.04.2025 14:00:21","INV3","COM5","slave_4","status",25215,"Мощность нагрузки","W",515,
"2025-04-01T11:00:22.270Z","01.04.2025 14:00:22","INV3","COM5","slave_4","status",25216,"Процент нагрузки","%",10,
"2025-04-01T11:00:22.568Z","01.04.2025 14:00:22","INV3","COM5","slave_4","status",25233,"Температура радиатора AC","C",51,
"2025-04-01T11:00:22.863Z","01.04.2025 14:00:22","INV3","COM5","slave_4","status",25234,"Температура трансформатора","C",64,
"2025-04-01T11:00:23.156Z","01.04.2025 14:00:23","INV3","COM5","slave_4","status",25235,"Температура радиатора DC","C",47,
"2025-04-01T11:00:23.452Z","01.04.2025 14:00:23","INV3","COM5","slave_4","energy",25245,"Накопленная зарядная энергия (старший байт)","kWh",0,
"2025-04-01T11:00:23.748Z","01.04.2025 14:00:23","INV3","COM5","slave_4","energy",25246,"Накопленная зарядная энергия (младший байт)","kWh",1092,
"2025-04-01T11:00:24.045Z","01.04.2025 14:00:24","INV3","COM5","slave_4","energy",25247,"Накопленная разрядная энергия (старший байт)","kWh",0,
"2025-04-01T11:00:24.341Z","01.04.2025 14:00:24","INV3","COM5","slave_4","energy",25248,"Накопленная разрядная энергия (младший байт)","kWh",44,
"2025-04-01T11:00:24.650Z","01.04.2025 14:00:24","INV3","COM5","slave_4","energy",25253,"Накопленная нагрузочная энергия (старший байт)","kWh",0,
"2025-04-01T11:00:24.947Z","01.04.2025 14:00:24","INV3","COM5","slave_4","energy",25254,"Накопленная нагрузочная энергия (младший байт)","kWh",6260,
"2025-04-01T11:00:25.243Z","01.04.2025 14:00:25","INV3","COM5","slave_4","error",25261,"Сообщение об ошибке 1","-",0,
"2025-04-01T11:00:25.535Z","01.04.2025 14:00:25","INV3","COM5","slave_4","error",25262,"Сообщение об ошибке 2","-",0,
"2025-04-01T11:00:25.833Z","01.04.2025 14:00:25","INV3","COM5","slave_4","error",25265,"Сообщение о предупреждении 1","-",0,
"2025-04-01T11:00:26.130Z","01.04.2025 14:00:26","INV3","COM5","slave_4","error",25266,"Сообщение о предупреждении 2","-",0,
"2025-04-01T11:15:01.127Z","01.04.2025 14:15:01","INV1","COM3","slave_4","info",20000,"Тип устройства (старший байт)","-",20566,
"2025-04-01T11:15:01.422Z","01.04.2025 14:15:01","INV1","COM3","slave_4","info",20001,"Тип устройства (младший байт)","-",1800,
"2025-04-01T11:15:01.719Z","01.04.2025 14:15:01","INV1","COM3","slave_4","info",20002,"Серийный номер (старший байт)","-",65535,
"2025-04-01T11:15:02.014Z","01.04.2025 14:15:02","INV1","COM3","slave_4","info",20003,"Серийный номер (младший байт)","-",65535,
"2025-04-01T11:15:02.320Z","01.04.2025 14:15:02","INV1","COM3","slave_4","info",20004,"Версия оборудования","-",10101,
"2025-04-01T11:15:02.616Z","01.04.2025 14:15:02","INV1","COM3","slave_4","info",20005,"Версия программного обеспечения","-",21706,
"2025-04-01T11:15:02.912Z","01.04.2025 14:15:02","INV1","COM3","slave_4","info",20006,"Версия протокола","-",10414,
"2025-04-01T11:15:03.210Z","01.04.2025 14:15:03","INV1","COM3","slave_4","status",25201,"Состояние работы","-",3,
"2025-04-01T11:15:03.507Z","01.04.2025 14:15:03","INV1","COM3","slave_4","status",25205,"Напряжение АКБ","V",548,
"2025-04-01T11:15:03.802Z","01.04.2025 14:15:03","INV1","COM3","slave_4","status",25206,"Выходное напряжение инвертора","V",2192,
"2025-04-01T11:15:04.100Z","01.04.2025 14:15:04","INV1","COM3","slave_4","status",25207,"Сетевое напряжение","V",2205,
"2025-04-01T11:15:04.406Z","01.04.2025 14:15:04","INV1","COM3","slave_4","status",25210,"Ток инвертора","A",4,
"2025-04-01T11:15:04.704Z","01.04.2025 14:15:04","INV1","COM3","slave_4","status",25213,"Мощность инвертора","W",65467,
"2025-04-01T11:15:05.016Z","01.04.2025 14:15:05","INV1","COM3","slave_4","status",25214,"Мощность сети","W",65197,
"2025-04-01T11:15:05.312Z","01.04.2025 14:15:05","INV1","COM3","slave_4","status",25215,"Мощность нагрузки","W",264,
"2025-04-01T11:15:05.609Z","01.04.2025 14:15:05","INV1","COM3","slave_4","status",25216,"Процент нагрузки","%",5,
"2025-04-01T11:15:05.907Z","01.04.2025 14:15:05","INV1","COM3","slave_4","status",25233,"Температура радиатора AC","C",55,
"2025-04-01T11:15:06.202Z","01.04.2025 14:15:06","INV1","COM3","slave_4","status",25234,"Температура трансформатора","C",62,
"2025-04-01T11:15:06.511Z","01.04.2025 14:15:06","INV1","COM3","slave_4","status",25235,"Температура радиатора DC","C",42,
"2025-04-01T11:15:06.821Z","01.04.2025 14:15:06","INV1","COM3","slave_4","energy",25245,"Накопленная зарядная энергия (старший байт)","kWh",0,
"2025-04-01T11:15:07.116Z","01.04.2025 14:15:07","INV1","COM3","slave_4","energy",25246,"Накопленная зарядная энергия (младший байт)","kWh",1067,
"2025-04-01T11:15:07.412Z","01.04.2025 14:15:07","INV1","COM3","slave_4","energy",25247,"Накопленная разрядная энергия (старший байт)","kWh",0,
"2025-04-01T11:15:07.714Z","01.04.2025 14:15:07","INV1","COM3","slave_4","energy",25248,"Накопленная разрядная энергия (младший байт)","kWh",44,
"2025-04-01T11:15:08.027Z","01.04.2025 14:15:08","INV1","COM3","slave_4","energy",25253,"Накопленная нагрузочная энергия (старший байт)","kWh",0,
"2025-04-01T11:15:08.321Z","01.04.2025 14:15:08","INV1","COM3","slave_4","energy",25254,"Накопленная нагрузочная энергия (младший байт)","kWh",3797,
"2025-04-01T11:15:08.617Z","01.04.2025 14:15:08","INV1","COM3","slave_4","error",25261,"Сообщение об ошибке 1","-",0,
"2025-04-01T11:15:08.914Z","01.04.2025 14:15:08","INV1","COM3","slave_4","error",25262,"Сообщение об ошибке 2","-",0,
"2025-04-01T11:15:09.208Z","01.04.2025 14:15:09","INV1","COM3","slave_4","error",25265,"Сообщение о предупреждении 1","-",0,
"2025-04-01T11:15:09.505Z","01.04.2025 14:15:09","INV1","COM3","slave_4","error",25266,"Сообщение о предупреждении 2","-",0,
"2025-04-01T11:15:09.811Z","01.04.2025 14:15:09","INV2","COM4","slave_4","info",20000,"Тип устройства (старший байт)","-",20566,
"2025-04-01T11:15:10.111Z","01.04.2025 14:15:10","INV2","COM4","slave_4","info",20001,"Тип устройства (младший байт)","-",1800,
"2025-04-01T11:15:10.405Z","01.04.2025 14:15:10","INV2","COM4","slave_4","info",20002,"Серийный номер (старший байт)","-",65535,
"2025-04-01T11:15:10.703Z","01.04.2025 14:15:10","INV2","COM4","slave_4","info",20003,"Серийный номер (младший байт)","-",65535,
"2025-04-01T11:15:10.996Z","01.04.2025 14:15:10","INV2","COM4","slave_4","info",20004,"Версия оборудования","-",10101,
"2025-04-01T11:15:11.323Z","01.04.2025 14:15:11","INV2","COM4","slave_4","info",20005,"Версия программного обеспечения","-",21706,
"2025-04-01T11:15:11.618Z","01.04.2025 14:15:11","INV2","COM4","slave_4","info",20006,"Версия протокола","-",10414,
"2025-04-01T11:15:11.913Z","01.04.2025 14:15:11","INV2","COM4","slave_4","status",25201,"Состояние работы","-",3,
"2025-04-01T11:15:12.222Z","01.04.2025 14:15:12","INV2","COM4","slave_4","status",25205,"Напряжение АКБ","V",548,
"2025-04-01T11:15:12.530Z","01.04.2025 14:15:12","INV2","COM4","slave_4","status",25206,"Выходное напряжение инвертора","V",2221,
"2025-04-01T11:15:12.840Z","01.04.2025 14:15:12","INV2","COM4","slave_4","status",25207,"Сетевое напряжение","V",2233,
"2025-04-01T11:15:13.135Z","01.04.2025 14:15:13","INV2","COM4","slave_4","status",25210,"Ток инвертора","A",4,
"2025-04-01T11:15:13.431Z","01.04.2025 14:15:13","INV2","COM4","slave_4","status",25213,"Мощность инвертора","W",65464,
"2025-04-01T11:15:13.727Z","01.04.2025 14:15:13","INV2","COM4","slave_4","status",25214,"Мощность сети","W",65219,
"2025-04-01T11:15:14.021Z","01.04.2025 14:15:14","INV2","COM4","slave_4","status",25215,"Мощность нагрузки","W",230,
"2025-04-01T11:15:14.318Z","01.04.2025 14:15:14","INV2","COM4","slave_4","status",25216,"Процент нагрузки","%",4,
"2025-04-01T11:15:14.616Z","01.04.2025 14:15:14","INV2","COM4","slave_4","status",25233,"Температура радиатора AC","C",49,
"2025-04-01T11:15:14.911Z","01.04.2025 14:15:14","INV2","COM4","slave_4","status",25234,"Температура трансформатора","C",63,
"2025-04-01T11:15:15.204Z","01.04.2025 14:15:15","INV2","COM4","slave_4","status",25235,"Температура радиатора DC","C",44,
"2025-04-01T11:15:15.502Z","01.04.2025 14:15:15","INV2","COM4","slave_4","energy",25245,"Накопленная зарядная энергия (старший байт)","kWh",0,
"2025-04-01T11:15:15.811Z","01.04.2025 14:15:15","INV2","COM4","slave_4","energy",25246,"Накопленная зарядная энергия (младший байт)","kWh",1083,
"2025-04-01T11:15:16.105Z","01.04.2025 14:15:16","INV2","COM4","slave_4","energy",25247,"Накопленная разрядная энергия (старший байт)","kWh",0,
"2025-04-01T11:15:16.403Z","01.04.2025 14:15:16","INV2","COM4","slave_4","energy",25248,"Накопленная разрядная энергия (младший байт)","kWh",43,
"2025-04-01T11:15:16.718Z","01.04.2025 14:15:16","INV2","COM4","slave_4","energy",25253,"Накопленная нагрузочная энергия (старший байт)","kWh",0,
"2025-04-01T11:15:17.031Z","01.04.2025 14:15:17","INV2","COM4","slave_4","energy",25254,"Накопленная нагрузочная энергия (младший байт)","kWh",7504,
"2025-04-01T11:15:17.337Z","01.04.2025 14:15:17","INV2","COM4","slave_4","error",25261,"Сообщение об ошибке 1","-",0,
"2025-04-01T11:15:17.647Z","01.04.2025 14:15:17","INV2","COM4","slave_4","error",25262,"Сообщение об ошибке 2","-",0,
"2025-04-01T11:15:17.955Z","01.04.2025 14:15:17","INV2","COM4","slave_4","error",25265,"Сообщение о предупреждении 1","-",0,
"2025-04-01T11:15:18.251Z","01.04.2025 14:15:18","INV2","COM4","slave_4","error",25266,"Сообщение о предупреждении 2","-",0,
"2025-04-01T11:15:18.546Z","01.04.2025 14:15:18","INV3","COM5","slave_4","info",20000,"Тип устройства (старший байт)","-",20566,
"2025-04-01T11:15:18.844Z","01.04.2025 14:15:18","INV3","COM5","slave_4","info",20001,"Тип устройства (младший байт)","-",1800,
"2025-04-01T11:15:19.136Z","01.04.2025 14:15:19","INV3","COM5","slave_4","info",20002,"Серийный номер (старший байт)","-",65535,
"2025-04-01T11:15:19.427Z","01.04.2025 14:15:19","INV3","COM5","slave_4","info",20003,"Серийный номер (младший байт)","-",65535,
"2025-04-01T11:15:19.722Z","01.04.2025 14:15:19","INV3","COM5","slave_4","info",20004,"Версия оборудования","-",10101,
"2025-04-01T11:15:20.018Z","01.04.2025 14:15:20","INV3","COM5","slave_4","info",20005,"Версия программного обеспечения","-",21706,
"2025-04-01T11:15:20.311Z","01.04.2025 14:15:20","INV3","COM5","slave_4","info",20006,"Версия протокола","-",10414,
"2025-04-01T11:15:20.608Z","01.04.2025 14:15:20","INV3","COM5","slave_4","status",25201,"Состояние работы","-",3,
"2025-04-01T11:15:20.902Z","01.04.2025 14:15:20","INV3","COM5","slave_4","status",25205,"Напряжение АКБ","V",548,
"2025-04-01T11:15:21.195Z","01.04.2025 14:15:21","INV3","COM5","slave_4","status",25206,"Выходное напряжение инвертора","V",2189,
"2025-04-01T11:15:21.490Z","01.04.2025 14:15:21","INV3","COM5","slave_4","status",25207,"Сетевое напряжение","V",2199,
"2025-04-01T11:15:21.781Z","01.04.2025 14:15:21","INV3","COM5","slave_4","status",25210,"Ток инвертора","A",4,
"2025-04-01T11:15:22.075Z","01.04.2025 14:15:22","INV3","COM5","slave_4","status",25213,"Мощность инвертора","W",65468,
"2025-04-01T11:15:22.368Z","01.04.2025 14:15:22","INV3","COM5","slave_4","status",25214,"Мощность сети","W",65014,
"2025-04-01T11:15:22.665Z","01.04.2025 14:15:22","INV3","COM5","slave_4","status",25215,"Мощность нагрузки","W",432,
"2025-04-01T11:15:22.960Z","01.04.2025 14:15:22","INV3","COM5","slave_4","status",25216,"Процент нагрузки","%",8,
"2025-04-01T11:15:23.254Z","01.04.2025 14:15:23","INV3","COM5","slave_4","status",25233,"Температура радиатора AC","C",52,
"2025-04-01T11:15:23.548Z","01.04.2025 14:15:23","INV3","COM5","slave_4","status",25234,"Температура трансформатора","C",64,
"2025-04-01T11:15:23.845Z","01.04.2025 14:15:23","INV3","COM5","slave_4","status",25235,"Температура радиатора DC","C",47,
"2025-04-01T11:15:24.140Z","01.04.2025 14:15:24","INV3","COM5","slave_4","energy",25245,"Накопленная зарядная энергия (старший байт)","kWh",0,
"2025-04-01T11:15:24.436Z","01.04.2025 14:15:24","INV3","COM5","slave_4","energy",25246,"Накопленная зарядная энергия (младший байт)","kWh",1092,
"2025-04-01T11:15:24.757Z","01.04.2025 14:15:24","INV3","COM5","slave_4","energy",25247,"Накопленная разрядная энергия (старший байт)","kWh",0,
"2025-04-01T11:15:25.064Z","01.04.2025 14:15:25","INV3","COM5","slave_4","energy",25248,"Накопленная разрядная энергия (младший байт)","kWh",44,
"2025-04-01T11:15:25.420Z","01.04.2025 14:15:25","INV3","COM5","slave_4","energy",25253,"Накопленная нагрузочная энергия (старший байт)","kWh",0,
"2025-04-01T11:15:25.714Z","01.04.2025 14:15:25","INV3","COM5","slave_4","energy",25254,"Накопленная нагрузочная энергия (младший байт)","kWh",6261,
"2025-04-01T11:15:26.023Z","01.04.2025 14:15:26","INV3","COM5","slave_4","error",25261,"Сообщение об ошибке 1","-",0,
"2025-04-01T11:15:26.321Z","01.04.2025 14:15:26","INV3","COM5","slave_4","error",25262,"Сообщение об ошибке 2","-",0,
"2025-04-01T11:15:26.626Z","01.04.2025 14:15:26","INV3","COM5","slave_4","error",25265,"Сообщение о предупреждении 1","-",0,
"2025-04-01T11:15:26.923Z","01.04.2025 14:15:26","INV3","COM5","slave_4","error",25266,"Сообщение о предупреждении 2","-",0,
"2025-04-01T11:30:00.359Z","01.04.2025 14:30:00","INV1","COM3","slave_4","info",20000,"Тип устройства (старший байт)","-",20566,
"2025-04-01T11:30:00.655Z","01.04.2025 14:30:00","INV1","COM3","slave_4","info",20001,"Тип устройства (младший байт)","-",1800,
"2025-04-01T11:30:00.949Z","01.04.2025 14:30:00","INV1","COM3","slave_4","info",20002,"Серийный номер (старший байт)","-",65535,
"2025-04-01T11:30:01.245Z","01.04.2025 14:30:01","INV1","COM3","slave_4","info",20003,"Серийный номер (младший байт)","-",65535,
"2025-04-01T11:30:01.542Z","01.04.2025 14:30:01","INV1","COM3","slave_4","info",20004,"Версия оборудования","-",10101,
"2025-04-01T11:30:01.836Z","01.04.2025 14:30:01","INV1","COM3","slave_4","info",20005,"Версия программного обеспечения","-",21706,
"2025-04-01T11:30:02.132Z","01.04.2025 14:30:02","INV1","COM3","slave_4","info",20006,"Версия протокола","-",10414,
"2025-04-01T11:30:02.429Z","01.04.2025 14:30:02","INV1","COM3","slave_4","status",25201,"Состояние работы","-",3,
"2025-04-01T11:30:02.723Z","01.04.2025 14:30:02","INV1","COM3","slave_4","status",25205,"Напряжение АКБ","V",548,
"2025-04-01T11:30:03.019Z","01.04.2025 14:30:03","INV1","COM3","slave_4","status",25206,"Выходное напряжение инвертора","V",2192,
"2025-04-01T11:30:03.316Z","01.04.2025 14:30:03","INV1","COM3","slave_4","status",25207,"Сетевое напряжение","V",2207,
"2025-04-01T11:30:03.615Z","01.04.2025 14:30:03","INV1","COM3","slave_4","status",25210,"Ток инвертора","A",4,
"2025-04-01T11:30:03.908Z","01.04.2025 14:30:03","INV1","COM3","slave_4","status",25213,"Мощность инвертора","W",65470,
"2025-04-01T11:30:04.206Z","01.04.2025 14:30:04","INV1","COM3","slave_4","status",25214,"Мощность сети","W",65260,
"2025-04-01T11:30:04.501Z","01.04.2025 14:30:04","INV1","COM3","slave_4","status",25215,"Мощность нагрузки","W",190,
"2025-04-01T11:30:04.796Z","01.04.2025 14:30:04","INV1","COM3","slave_4","status",25216,"Процент нагрузки","%",3,
"2025-04-01T11:30:05.093Z","01.04.2025 14:30:05","INV1","COM3","slave_4","status",25233,"Температура радиатора AC","C",54,
"2025-04-01T11:30:05.390Z","01.04.2025 14:30:05","INV1","COM3","slave_4","status",25234,"Температура трансформатора","C",62,
"2025-04-01T11:30:05.685Z","01.04.2025 14:30:05","INV1","COM3","slave_4","status",25235,"Температура радиатора DC","C",42,
"2025-04-01T11:30:05.981Z","01.04.2025 14:30:05","INV1","COM3","slave_4","energy",25245,"Накопленная зарядная энергия (старший байт)","kWh",0,
"2025-04-01T11:30:06.281Z","01.04.2025 14:30:06","INV1","COM3","slave_4","energy",25246,"Накопленная зарядная энергия (младший байт)","kWh",1068,
"2025-04-01T11:30:06.578Z","01.04.2025 14:30:06","INV1","COM3","slave_4","energy",25247,"Накопленная разрядная энергия (старший байт)","kWh",0,
"2025-04-01T11:30:06.875Z","01.04.2025 14:30:06","INV1","COM3","slave_4","energy",25248,"Накопленная разрядная энергия (младший байт)","kWh",44,
"2025-04-01T11:30:07.172Z","01.04.2025 14:30:07","INV1","COM3","slave_4","energy",25253,"Накопленная нагрузочная энергия (старший байт)","kWh",0,
"2025-04-01T11:30:07.471Z","01.04.2025 14:30:07","INV1","COM3","slave_4","energy",25254,"Накопленная нагрузочная энергия (младший байт)","kWh",3798,
"2025-04-01T11:30:07.781Z","01.04.2025 14:30:07","INV1","COM3","slave_4","error",25261,"Сообщение об ошибке 1","-",0,
"2025-04-01T11:30:08.079Z","01.04.2025 14:30:08","INV1","COM3","slave_4","error",25262,"Сообщение об ошибке 2","-",0,
"2025-04-01T11:30:08.378Z","01.04.2025 14:30:08","INV1","COM3","slave_4","error",25265,"Сообщение о предупреждении 1","-",0,
"2025-04-01T11:30:08.675Z","01.04.2025 14:30:08","INV1","COM3","slave_4","error",25266,"Сообщение о предупреждении 2","-",0,
"2025-04-01T11:30:08.985Z","01.04.2025 14:30:08","INV2","COM4","slave_4","info",20000,"Тип устройства (старший байт)","-",20566,
"2025-04-01T11:30:09.282Z","01.04.2025 14:30:09","INV2","COM4","slave_4","info",20001,"Тип устройства (младший байт)","-",1800,
"2025-04-01T11:30:09.575Z","01.04.2025 14:30:09","INV2","COM4","slave_4","info",20002,"Серийный номер (старший байт)","-",65535,
"2025-04-01T11:30:09.874Z","01.04.2025 14:30:09","INV2","COM4","slave_4","info",20003,"Серийный номер (младший байт)","-",65535,
"2025-04-01T11:30:10.171Z","01.04.2025 14:30:10","INV2","COM4","slave_4","info",20004,"Версия оборудования","-",10101,
"2025-04-01T11:30:10.468Z","01.04.2025 14:30:10","INV2","COM4","slave_4","info",20005,"Версия программного обеспечения","-",21706,
"2025-04-01T11:30:10.766Z","01.04.2025 14:30:10","INV2","COM4","slave_4","info",20006,"Версия протокола","-",10414,
"2025-04-01T11:30:11.062Z","01.04.2025 14:30:11","INV2","COM4","slave_4","status",25201,"Состояние работы","-",3,
"2025-04-01T11:30:11.359Z","01.04.2025 14:30:11","INV2","COM4","slave_4","status",25205,"Напряжение АКБ","V",548,
"2025-04-01T11:30:11.655Z","01.04.2025 14:30:11","INV2","COM4","slave_4","status",25206,"Выходное напряжение инвертора","V",2221,
"2025-04-01T11:30:11.951Z","01.04.2025 14:30:11","INV2","COM4","slave_4","status",25207,"Сетевое напряжение","V",2233,
"2025-04-01T11:30:12.248Z","01.04.2025 14:30:12","INV2","COM4","slave_4","status",25210,"Ток инвертора","A",4,
"2025-04-01T11:30:12.546Z","01.04.2025 14:30:12","INV2","COM4","slave_4","status",25213,"Мощность инвертора","W",65458,
"2025-04-01T11:30:12.840Z","01.04.2025 14:30:12","INV2","COM4","slave_4","status",25214,"Мощность сети","W",65214,
"2025-04-01T11:30:13.138Z","01.04.2025 14:30:13","INV2","COM4","slave_4","status",25215,"Мощность нагрузки","W",226,
"2025-04-01T11:30:13.450Z","01.04.2025 14:30:13","INV2","COM4","slave_4","status",25216,"Процент нагрузки","%",4,
"2025-04-01T11:30:13.760Z","01.04.2025 14:30:13","INV2","COM4","slave_4","status",25233,"Температура радиатора AC","C",49,
"2025-04-01T11:30:14.055Z","01.04.2025 14:30:14","INV2","COM4","slave_4","status",25234,"Температура трансформатора","C",63,
"2025-04-01T11:30:14.350Z","01.04.2025 14:30:14","INV2","COM4","slave_4","status",25235,"Температура радиатора DC","C",44,
"2025-04-01T11:30:14.647Z","01.04.2025 14:30:14","INV2","COM4","slave_4","energy",25245,"Накопленная зарядная энергия (старший байт)","kWh",0,
"2025-04-01T11:30:14.999Z","01.04.2025 14:30:14","INV2","COM4","slave_4","energy",25246,"Накопленная зарядная энергия (младший байт)","kWh",1084,
"2025-04-01T11:30:15.297Z","01.04.2025 14:30:15","INV2","COM4","slave_4","energy",25247,"Накопленная разрядная энергия (старший байт)","kWh",0,
"2025-04-01T11:30:15.592Z","01.04.2025 14:30:15","INV2","COM4","slave_4","energy",25248,"Накопленная разрядная энергия (младший байт)","kWh",43,
"2025-04-01T11:30:15.889Z","01.04.2025 14:30:15","INV2","COM4","slave_4","energy",25253,"Накопленная нагрузочная энергия (старший байт)","kWh",0,
"2025-04-01T11:30:16.184Z","01.04.2025 14:30:16","INV2","COM4","slave_4","energy",25254,"Накопленная нагрузочная энергия (младший байт)","kWh",7504,
"2025-04-01T11:30:16.483Z","01.04.2025 14:30:16","INV2","COM4","slave_4","error",25261,"Сообщение об ошибке 1","-",0,
"2025-04-01T11:30:16.778Z","01.04.2025 14:30:16","INV2","COM4","slave_4","error",25262,"Сообщение об ошибке 2","-",0,
"2025-04-01T11:30:17.074Z","01.04.2025 14:30:17","INV2","COM4","slave_4","error",25265,"Сообщение о предупреждении 1","-",0,
"2025-04-01T11:30:17.370Z","01.04.2025 14:30:17","INV2","COM4","slave_4","error",25266,"Сообщение о предупреждении 2","-",0,
"2025-04-01T11:30:17.678Z","01.04.2025 14:30:17","INV3","COM5","slave_4","info",20000,"Тип устройства (старший байт)","-",20566,
"2025-04-01T11:30:17.973Z","01.04.2025 14:30:17","INV3","COM5","slave_4","info",20001,"Тип устройства (младший байт)","-",1800,
"2025-04-01T11:30:18.273Z","01.04.2025 14:30:18","INV3","COM5","slave_4","info",20002,"Серийный номер (старший байт)","-",65535,
"2025-04-01T11:30:18.568Z","01.04.2025 14:30:18","INV3","COM5","slave_4","info",20003,"Серийный номер (младший байт)","-",65535,
"2025-04-01T11:30:18.863Z","01.04.2025 14:30:18","INV3","COM5","slave_4","info",20004,"Версия оборудования","-",10101,
"2025-04-01T11:30:19.160Z","01.04.2025 14:30:19","INV3","COM5","slave_4","info",20005,"Версия программного обеспечения","-",21706,
"2025-04-01T11:30:19.457Z","01.04.2025 14:30:19","INV3","COM5","slave_4","info",20006,"Версия протокола","-",10414,
"2025-04-01T11:30:19.755Z","01.04.2025 14:30:19","INV3","COM5","slave_4","status",25201,"Состояние работы","-",3,
"2025-04-01T11:30:20.052Z","01.04.2025 14:30:20","INV3","COM5","slave_4","status",25205,"Напряжение АКБ","V",548,
"2025-04-01T11:30:20.363Z","01.04.2025 14:30:20","INV3","COM5","slave_4","status",25206,"Выходное напряжение инвертора","V",2189,
"2025-04-01T11:30:20.697Z","01.04.2025 14:30:20","INV3","COM5","slave_4","status",25207,"Сетевое напряжение","V",2199,
"2025-04-01T11:30:20.997Z","01.04.2025 14:30:20","INV3","COM5","slave_4","status",25210,"Ток инвертора","A",4,
"2025-04-01T11:30:21.292Z","01.04.2025 14:30:21","INV3","COM5","slave_4","status",25213,"Мощность инвертора","W",65470,
"2025-04-01T11:30:21.586Z","01.04.2025 14:30:21","INV3","COM5","slave_4","status",25214,"Мощность сети","W",65001,
"2025-04-01T11:30:21.880Z","01.04.2025 14:30:21","INV3","COM5","slave_4","status",25215,"Мощность нагрузки","W",442,
"2025-04-01T11:30:22.175Z","01.04.2025 14:30:22","INV3","COM5","slave_4","status",25216,"Процент нагрузки","%",8,
"2025-04-01T11:30:22.471Z","01.04.2025 14:30:22","INV3","COM5","slave_4","status",25233,"Температура радиатора AC","C",52,
"2025-04-01T11:30:22.766Z","01.04.2025 14:30:22","INV3","COM5","slave_4","status",25234,"Температура трансформатора","C",64,
"2025-04-01T11:30:23.061Z","01.04.2025 14:30:23","INV3","COM5","slave_4","status",25235,"Температура радиатора DC","C",47,
"2025-04-01T11:30:23.369Z","01.04.2025 14:30:23","INV3","COM5","slave_4","energy",25245,"Накопленная зарядная энергия (старший байт)","kWh",0,
"2025-04-01T11:30:23.679Z","01.04.2025 14:30:23","INV3","COM5","slave_4","energy",25246,"Накопленная зарядная энергия (младший байт)","kWh",1093,
"2025-04-01T11:30:23.986Z","01.04.2025 14:30:23","INV3","COM5","slave_4","energy",25247,"Накопленная разрядная энергия (старший байт)","kWh",0,
"2025-04-01T11:30:24.281Z","01.04.2025 14:30:24","INV3","COM5","slave_4","energy",25248,"Накопленная разрядная энергия (младший байт)","kWh",44,
"2025-04-01T11:30:24.586Z","01.04.2025 14:30:24","INV3","COM5","slave_4","energy",25253,"Накопленная нагрузочная энергия (старший байт)","kWh",0,
"2025-04-01T11:30:24.894Z","01.04.2025 14:30:24","INV3","COM5","slave_4","energy",25254,"Накопленная нагрузочная энергия (младший байт)","kWh",6262,
"2025-04-01T11:30:25.189Z","01.04.2025 14:30:25","INV3","COM5","slave_4","error",25261,"Сообщение об ошибке 1","-",0,
"2025-04-01T11:30:25.486Z","01.04.2025 14:30:25","INV3","COM5","slave_4","error",25262,"Сообщение об ошибке 2","-",0,
"2025-04-01T11:30:25.796Z","01.04.2025 14:30:25","INV3","COM5","slave_4","error",25265,"Сообщение о предупреждении 1","-",0,
"2025-04-01T11:30:26.093Z","01.04.2025 14:30:26","INV3","COM5","slave_4","error",25266,"Сообщение о предупреждении 2","-",0,
"2025-04-01T11:45:00.708Z","01.04.2025 14:45:00","INV1","COM3","slave_4","info",20000,"Тип устройства (старший байт)","-",20566,
"2025-04-01T11:45:01.018Z","01.04.2025 14:45:01","INV1","COM3","slave_4","info",20001,"Тип устройства (младший байт)","-",1800,
"2025-04-01T11:45:01.314Z","01.04.2025 14:45:01","INV1","COM3","slave_4","info",20002,"Серийный номер (старший байт)","-",65535,
"2025-04-01T11:45:01.610Z","01.04.2025 14:45:01","INV1","COM3","slave_4","info",20003,"Серийный номер (младший байт)","-",65535,
"2025-04-01T11:45:01.908Z","01.04.2025 14:45:01","INV1","COM3","slave_4","info",20004,"Версия оборудования","-",10101,
"2025-04-01T11:45:02.205Z","01.04.2025 14:45:02","INV1","COM3","slave_4","info",20005,"Версия программного обеспечения","-",21706,
"2025-04-01T11:45:02.500Z","01.04.2025 14:45:02","INV1","COM3","slave_4","info",20006,"Версия протокола","-",10414,
"2025-04-01T11:45:02.796Z","01.04.2025 14:45:02","INV1","COM3","slave_4","status",25201,"Состояние работы","-",3,
"2025-04-01T11:45:03.094Z","01.04.2025 14:45:03","INV1","COM3","slave_4","status",25205,"Напряжение АКБ","V",548,
"2025-04-01T11:45:03.391Z","01.04.2025 14:45:03","INV1","COM3","slave_4","status",25206,"Выходное напряжение инвертора","V",2193,
"2025-04-01T11:45:03.689Z","01.04.2025 14:45:03","INV1","COM3","slave_4","status",25207,"Сетевое напряжение","V",2207,
"2025-04-01T11:45:04.024Z","01.04.2025 14:45:04","INV1","COM3","slave_4","status",25210,"Ток инвертора","A",4,
"2025-04-01T11:45:04.333Z","01.04.2025 14:45:04","INV1","COM3","slave_4","status",25213,"Мощность инвертора","W",65471,
"2025-04-01T11:45:04.641Z","01.04.2025 14:45:04","INV1","COM3","slave_4","status",25214,"Мощность сети","W",65217,
"2025-04-01T11:45:04.959Z","01.04.2025 14:45:04","INV1","COM3","slave_4","status",25215,"Мощность нагрузки","W",234,
"2025-04-01T11:45:05.268Z","01.04.2025 14:45:05","INV1","COM3","slave_4","status",25216,"Процент нагрузки","%",4,
"2025-04-01T11:45:05.577Z","01.04.2025 14:45:05","INV1","COM3","slave_4","status",25233,"Температура радиатора AC","C",55,
"2025-04-01T11:45:05.889Z","01.04.2025 14:45:05","INV1","COM3","slave_4","status",25234,"Температура трансформатора","C",62,
"2025-04-01T11:45:06.184Z","01.04.2025 14:45:06","INV1","COM3","slave_4","status",25235,"Температура радиатора DC","C",42,
"2025-04-01T11:45:06.482Z","01.04.2025 14:45:06","INV1","COM3","slave_4","energy",25245,"Накопленная зарядная энергия (старший байт)","kWh",0,
"2025-04-01T11:45:06.791Z","01.04.2025 14:45:06","INV1","COM3","slave_4","energy",25246,"Накопленная зарядная энергия (младший байт)","kWh",1068,
"2025-04-01T11:45:07.089Z","01.04.2025 14:45:07","INV1","COM3","slave_4","energy",25247,"Накопленная разрядная энергия (старший байт)","kWh",0,
"2025-04-01T11:45:07.383Z","01.04.2025 14:45:07","INV1","COM3","slave_4","energy",25248,"Накопленная разрядная энергия (младший байт)","kWh",44,
"2025-04-01T11:45:07.693Z","01.04.2025 14:45:07","INV1","COM3","slave_4","energy",25253,"Накопленная нагрузочная энергия (старший байт)","kWh",0,
"2025-04-01T11:45:07.997Z","01.04.2025 14:45:07","INV1","COM3","slave_4","energy",25254,"Накопленная нагрузочная энергия (младший байт)","kWh",3798,
"2025-04-01T11:45:08.455Z","01.04.2025 14:45:08","INV1","COM3","slave_4","error",25261,"Сообщение об ошибке 1","-",0,
"2025-04-01T11:45:08.770Z","01.04.2025 14:45:08","INV1","COM3","slave_4","error",25262,"Сообщение об ошибке 2","-",0,
"2025-04-01T11:45:09.069Z","01.04.2025 14:45:09","INV1","COM3","slave_4","error",25265,"Сообщение о предупреждении 1","-",0,
"2025-04-01T11:45:09.382Z","01.04.2025 14:45:09","INV1","COM3","slave_4","error",25266,"Сообщение о предупреждении 2","-",0,
"2025-04-01T11:45:09.691Z","01.04.2025 14:45:09","INV2","COM4","slave_4","info",20000,"Тип устройства (старший байт)","-",20566,
"2025-04-01T11:45:10.003Z","01.04.2025 14:45:10","INV2","COM4","slave_4","info",20001,"Тип устройства (младший байт)","-",1800,
"2025-04-01T11:45:10.298Z","01.04.2025 14:45:10","INV2","COM4","slave_4","info",20002,"Серийный номер (старший байт)","-",65535,
"2025-04-01T11:45:10.599Z","01.04.2025 14:45:10","INV2","COM4","slave_4","info",20003,"Серийный номер (младший байт)","-",65535,
"2025-04-01T11:45:10.896Z","01.04.2025 14:45:10","INV2","COM4","slave_4","info",20004,"Версия оборудования","-",10101,
"2025-04-01T11:45:11.190Z","01.04.2025 14:45:11","INV2","COM4","slave_4","info",20005,"Версия программного обеспечения","-",21706,
"2025-04-01T11:45:11.547Z","01.04.2025 14:45:11","INV2","COM4","slave_4","info",20006,"Версия протокола","-",10414,
"2025-04-01T11:45:11.856Z","01.04.2025 14:45:11","INV2","COM4","slave_4","status",25201,"Состояние работы","-",3,
"2025-04-01T11:45:12.157Z","01.04.2025 14:45:12","INV2","COM4","slave_4","status",25205,"Напряжение АКБ","V",548,
"2025-04-01T11:45:12.465Z","01.04.2025 14:45:12","INV2","COM4","slave_4","status",25206,"Выходное напряжение инвертора","V",2221,
"2025-04-01T11:45:12.764Z","01.04.2025 14:45:12","INV2","COM4","slave_4","status",25207,"Сетевое напряжение","V",2234,
"2025-04-01T11:45:13.060Z","01.04.2025 14:45:13","INV2","COM4","slave_4","status",25210,"Ток инвертора","A",3,
"2025-04-01T11:45:13.357Z","01.04.2025 14:45:13","INV2","COM4","slave_4","status",25213,"Мощность инвертора","W",65463,
"2025-04-01T11:45:13.652Z","01.04.2025 14:45:13","INV2","COM4","slave_4","status",25214,"Мощность сети","W",65211,
"2025-04-01T11:45:14.030Z","01.04.2025 14:45:14","INV2","COM4","slave_4","status",25215,"Мощность нагрузки","W",233,
"2025-04-01T11:45:14.329Z","01.04.2025 14:45:14","INV2","COM4","slave_4","status",25216,"Процент нагрузки","%",4,
"2025-04-01T11:45:14.638Z","01.04.2025 14:45:14","INV2","COM4","slave_4","status",25233,"Температура радиатора AC","C",49,
"2025-04-01T11:45:14.949Z","01.04.2025 14:45:14","INV2","COM4","slave_4","status",25234,"Температура трансформатора","C",63,
"2025-04-01T11:45:15.259Z","01.04.2025 14:45:15","INV2","COM4","slave_4","status",25235,"Температура радиатора DC","C",44,
"2025-04-01T11:45:15.569Z","01.04.2025 14:45:15","INV2","COM4","slave_4","energy",25245,"Накопленная зарядная энергия (старший байт)","kWh",0,
"2025-04-01T11:45:15.866Z","01.04.2025 14:45:15","INV2","COM4","slave_4","energy",25246,"Накопленная зарядная энергия (младший байт)","kWh",1084,
"2025-04-01T11:45:16.177Z","01.04.2025 14:45:16","INV2","COM4","slave_4","energy",25247,"Накопленная разрядная энергия (старший байт)","kWh",0,
"2025-04-01T11:45:16.470Z","01.04.2025 14:45:16","INV2","COM4","slave_4","energy",25248,"Накопленная разрядная энергия (младший байт)","kWh",43,
"2025-04-01T11:45:16.768Z","01.04.2025 14:45:16","INV2","COM4","slave_4","energy",25253,"Накопленная нагрузочная энергия (старший байт)","kWh",0,
"2025-04-01T11:45:17.140Z","01.04.2025 14:45:17","INV2","COM4","slave_4","energy",25254,"Накопленная нагрузочная энергия (младший байт)","kWh",7505,
"2025-04-01T11:45:17.451Z","01.04.2025 14:45:17","INV2","COM4","slave_4","error",25261,"Сообщение об ошибке 1","-",0,
"2025-04-01T11:45:17.758Z","01.04.2025 14:45:17","INV2","COM4","slave_4","error",25262,"Сообщение об ошибке 2","-",0,
"2025-04-01T11:45:18.053Z","01.04.2025 14:45:18","INV2","COM4","slave_4","error",25265,"Сообщение о предупреждении 1","-",0,
"2025-04-01T11:45:18.349Z","01.04.2025 14:45:18","INV2","COM4","slave_4","error",25266,"Сообщение о предупреждении 2","-",0,
"2025-04-01T11:45:18.656Z","01.04.2025 14:45:18","INV3","COM5","slave_4","info",20000,"Тип устройства (старший байт)","-",20566,
"2025-04-01T11:45:18.954Z","01.04.2025 14:45:18","INV3","COM5","slave_4","info",20001,"Тип устройства (младший байт)","-",1800,
"2025-04-01T11:45:19.253Z","01.04.2025 14:45:19","INV3","COM5","slave_4","info",20002,"Серийный номер (старший байт)","-",65535,
"2025-04-01T11:45:19.549Z","01.04.2025 14:45:19","INV3","COM5","slave_4","info",20003,"Серийный номер (младший байт)","-",65535,
"2025-04-01T11:45:19.845Z","01.04.2025 14:45:19","INV3","COM5","slave_4","info",20004,"Версия оборудования","-",10101,
"2025-04-01T11:45:20.205Z","01.04.2025 14:45:20","INV3","COM5","slave_4","info",20005,"Версия программного обеспечения","-",21706,
"2025-04-01T11:45:20.503Z","01.04.2025 14:45:20","INV3","COM5","slave_4","info",20006,"Версия протокола","-",10414,
"2025-04-01T11:45:20.829Z","01.04.2025 14:45:20","INV3","COM5","slave_4","status",25201,"Состояние работы","-",3,
"2025-04-01T11:45:21.122Z","01.04.2025 14:45:21","INV3","COM5","slave_4","status",25205,"Напряжение АКБ","V",548,
"2025-04-01T11:45:21.419Z","01.04.2025 14:45:21","INV3","COM5","slave_4","status",25206,"Выходное напряжение инвертора","V",2190,
"2025-04-01T11:45:21.716Z","01.04.2025 14:45:21","INV3","COM5","slave_4","status",25207,"Сетевое напряжение","V",2199,
"2025-04-01T11:45:22.009Z","01.04.2025 14:45:22","INV3","COM5","slave_4","status",25210,"Ток инвертора","A",4,
"2025-04-01T11:45:22.304Z","01.04.2025 14:45:22","INV3","COM5","slave_4","status",25213,"Мощность инвертора","W",65470,
"2025-04-01T11:45:22.665Z","01.04.2025 14:45:22","INV3","COM5","slave_4","status",25214,"Мощность сети","W",65020,
"2025-04-01T11:45:22.993Z","01.04.2025 14:45:22","INV3","COM5","slave_4","status",25215,"Мощность нагрузки","W",428,
"2025-04-01T11:45:23.305Z","01.04.2025 14:45:23","INV3","COM5","slave_4","status",25216,"Процент нагрузки","%",8,
"2025-04-01T11:45:23.603Z","01.04.2025 14:45:23","INV3","COM5","slave_4","status",25233,"Температура радиатора AC","C",52,
"2025-04-01T11:45:23.900Z","01.04.2025 14:45:23","INV3","COM5","slave_4","status",25234,"Температура трансформатора","C",64,
"2025-04-01T11:45:24.193Z","01.04.2025 14:45:24","INV3","COM5","slave_4","status",25235,"Температура радиатора DC","C",47,
"2025-04-01T11:45:24.490Z","01.04.2025 14:45:24","INV3","COM5","slave_4","energy",25245,"Накопленная зарядная энергия (старший байт)","kWh",0,
"2025-04-01T11:45:24.786Z","01.04.2025 14:45:24","INV3","COM5","slave_4","energy",25246,"Накопленная зарядная энергия (младший байт)","kWh",1093,
"2025-04-01T11:45:25.081Z","01.04.2025 14:45:25","INV3","COM5","slave_4","energy",25247,"Накопленная разрядная энергия (старший байт)","kWh",0,
"2025-04-01T11:45:25.410Z","01.04.2025 14:45:25","INV3","COM5","slave_4","energy",25248,"Накопленная разрядная энергия (младший байт)","kWh",44,
"2025-04-01T11:45:25.775Z","01.04.2025 14:45:25","INV3","COM5","slave_4","energy",25253,"Накопленная нагрузочная энергия (старший байт)","kWh",0,
"2025-04-01T11:45:26.075Z","01.04.2025 14:45:26","INV3","COM5","slave_4","energy",25254,"Накопленная нагрузочная энергия (младший байт)","kWh",6263,
"2025-04-01T11:45:26.385Z","01.04.2025 14:45:26","INV3","COM5","slave_4","error",25261,"Сообщение об ошибке 1","-",0,
"2025-04-01T11:45:26.678Z","01.04.2025 14:45:26","INV3","COM5","slave_4","error",25262,"Сообщение об ошибке 2","-",0,
"2025-04-01T11:45:26.978Z","01.04.2025 14:45:26","INV3","COM5","slave_4","error",25265,"Сообщение о предупреждении 1","-",0,
"2025-04-01T11:45:27.273Z","01.04.2025 14:45:27","INV3","COM5","slave_4","error",25266,"Сообщение о предупреждении 2","-",0,
"2025-04-01T12:00:00.307Z","01.04.2025 15:00:00","INV1","COM3","slave_4","info",20000,"Тип устройства (старший байт)","-",20566,
"2025-04-01T12:00:00.603Z","01.04.2025 15:00:00","INV1","COM3","slave_4","info",20001,"Тип устройства (младший байт)","-",1800,
"2025-04-01T12:00:00.899Z","01.04.2025 15:00:00","INV1","COM3","slave_4","info",20002,"Серийный номер (старший байт)","-",65535,
"2025-04-01T12:00:01.195Z","01.04.2025 15:00:01","INV1","COM3","slave_4","info",20003,"Серийный номер (младший байт)","-",65535,
"2025-04-01T12:00:01.491Z","01.04.2025 15:00:01","INV1","COM3","slave_4","info",20004,"Версия оборудования","-",10101,
"2025-04-01T12:00:01.787Z","01.04.2025 15:00:01","INV1","COM3","slave_4","info",20005,"Версия программного обеспечения","-",21706,
"2025-04-01T12:00:02.079Z","01.04.2025 15:00:02","INV1","COM3","slave_4","info",20006,"Версия протокола","-",10414,
"2025-04-01T12:00:02.377Z","01.04.2025 15:00:02","INV1","COM3","slave_4","status",25201,"Состояние работы","-",3,
"2025-04-01T12:00:02.675Z","01.04.2025 15:00:02","INV1","COM3","slave_4","status",25205,"Напряжение АКБ","V",548,
"2025-04-01T12:00:02.972Z","01.04.2025 15:00:02","INV1","COM3","slave_4","status",25206,"Выходное напряжение инвертора","V",2192,
"2025-04-01T12:00:03.269Z","01.04.2025 15:00:03","INV1","COM3","slave_4","status",25207,"Сетевое напряжение","V",2205,
"2025-04-01T12:00:03.566Z","01.04.2025 15:00:03","INV1","COM3","slave_4","status",25210,"Ток инвертора","A",5,
"2025-04-01T12:00:03.861Z","01.04.2025 15:00:03","INV1","COM3","slave_4","status",25213,"Мощность инвертора","W",65467,
"2025-04-01T12:00:04.156Z","01.04.2025 15:00:04","INV1","COM3","slave_4","status",25214,"Мощность сети","W",65147,
"2025-04-01T12:00:04.453Z","01.04.2025 15:00:04","INV1","COM3","slave_4","status",25215,"Мощность нагрузки","W",313,
"2025-04-01T12:00:04.751Z","01.04.2025 15:00:04","INV1","COM3","slave_4","status",25216,"Процент нагрузки","%",6,
"2025-04-01T12:00:05.046Z","01.04.2025 15:00:05","INV1","COM3","slave_4","status",25233,"Температура радиатора AC","C",55,
"2025-04-01T12:00:05.343Z","01.04.2025 15:00:05","INV1","COM3","slave_4","status",25234,"Температура трансформатора","C",62,
"2025-04-01T12:00:05.642Z","01.04.2025 15:00:05","INV1","COM3","slave_4","status",25235,"Температура радиатора DC","C",42,
"2025-04-01T12:00:05.936Z","01.04.2025 15:00:05","INV1","COM3","slave_4","energy",25245,"Накопленная зарядная энергия (старший байт)","kWh",0,
"2025-04-01T12:00:06.231Z","01.04.2025 15:00:06","INV1","COM3","slave_4","energy",25246,"Накопленная зарядная энергия (младший байт)","kWh",1068,
"2025-04-01T12:00:06.527Z","01.04.2025 15:00:06","INV1","COM3","slave_4","energy",25247,"Накопленная разрядная энергия (старший байт)","kWh",0,
"2025-04-01T12:00:06.825Z","01.04.2025 15:00:06","INV1","COM3","slave_4","energy",25248,"Накопленная разрядная энергия (младший байт)","kWh",44,
"2025-04-01T12:00:07.122Z","01.04.2025 15:00:07","INV1","COM3","slave_4","energy",25253,"Накопленная нагрузочная энергия (старший байт)","kWh",0,
"2025-04-01T12:00:07.419Z","01.04.2025 15:00:07","INV1","COM3","slave_4","energy",25254,"Накопленная нагрузочная энергия (младший байт)","kWh",3799,
"2025-04-01T12:00:07.717Z","01.04.2025 15:00:07","INV1","COM3","slave_4","error",25261,"Сообщение об ошибке 1","-",0,
"2025-04-01T12:00:08.012Z","01.04.2025 15:00:08","INV1","COM3","slave_4","error",25262,"Сообщение об ошибке 2","-",0,
"2025-04-01T12:00:08.307Z","01.04.2025 15:00:08","INV1","COM3","slave_4","error",25265,"Сообщение о предупреждении 1","-",0,
"2025-04-01T12:00:08.604Z","01.04.2025 15:00:08","INV1","COM3","slave_4","error",25266,"Сообщение о предупреждении 2","-",0,
"2025-04-01T12:00:08.899Z","01.04.2025 15:00:08","INV2","COM4","slave_4","info",20000,"Тип устройства (старший байт)","-",20566,
"2025-04-01T12:00:09.194Z","01.04.2025 15:00:09","INV2","COM4","slave_4","info",20001,"Тип устройства (младший байт)","-",1800,
"2025-04-01T12:00:09.491Z","01.04.2025 15:00:09","INV2","COM4","slave_4","info",20002,"Серийный номер (старший байт)","-",65535,
"2025-04-01T12:00:09.787Z","01.04.2025 15:00:09","INV2","COM4","slave_4","info",20003,"Серийный номер (младший байт)","-",65535,
"2025-04-01T12:00:10.100Z","01.04.2025 15:00:10","INV2","COM4","slave_4","info",20004,"Версия оборудования","-",10101,
"2025-04-01T12:00:10.398Z","01.04.2025 15:00:10","INV2","COM4","slave_4","info",20005,"Версия программного обеспечения","-",21706,
"2025-04-01T12:00:10.696Z","01.04.2025 15:00:10","INV2","COM4","slave_4","info",20006,"Версия протокола","-",10414,
"2025-04-01T12:00:10.989Z","01.04.2025 15:00:10","INV2","COM4","slave_4","status",25201,"Состояние работы","-",3,
"2025-04-01T12:00:11.289Z","01.04.2025 15:00:11","INV2","COM4","slave_4","status",25205,"Напряжение АКБ","V",548,
"2025-04-01T12:00:11.598Z","01.04.2025 15:00:11","INV2","COM4","slave_4","status",25206,"Выходное напряжение инвертора","V",2221,
"2025-04-01T12:00:11.895Z","01.04.2025 15:00:11","INV2","COM4","slave_4","status",25207,"Сетевое напряжение","V",2234,
"2025-04-01T12:00:12.189Z","01.04.2025 15:00:12","INV2","COM4","slave_4","status",25210,"Ток инвертора","A",4,
"2025-04-01T12:00:12.532Z","01.04.2025 15:00:12","INV2","COM4","slave_4","status",25213,"Мощность инвертора","W",65465,
"2025-04-01T12:00:12.831Z","01.04.2025 15:00:12","INV2","COM4","slave_4","status",25214,"Мощность сети","W",65215,
"2025-04-01T12:00:13.126Z","01.04.2025 15:00:13","INV2","COM4","slave_4","status",25215,"Мощность нагрузки","W",229,
"2025-04-01T12:00:13.427Z","01.04.2025 15:00:13","INV2","COM4","slave_4","status",25216,"Процент нагрузки","%",4,
"2025-04-01T12:00:13.721Z","01.04.2025 15:00:13","INV2","COM4","slave_4","status",25233,"Температура радиатора AC","C",49,
"2025-04-01T12:00:14.019Z","01.04.2025 15:00:14","INV2","COM4","slave_4","status",25234,"Температура трансформатора","C",63,
"2025-04-01T12:00:14.313Z","01.04.2025 15:00:14","INV2","COM4","slave_4","status",25235,"Температура радиатора DC","C",44,
"2025-04-01T12:00:14.609Z","01.04.2025 15:00:14","INV2","COM4","slave_4","energy",25245,"Накопленная зарядная энергия (старший байт)","kWh",0,
"2025-04-01T12:00:14.904Z","01.04.2025 15:00:14","INV2","COM4","slave_4","energy",25246,"Накопленная зарядная энергия (младший байт)","kWh",1084,
"2025-04-01T12:00:15.200Z","01.04.2025 15:00:15","INV2","COM4","slave_4","energy",25247,"Накопленная разрядная энергия (старший байт)","kWh",0,
"2025-04-01T12:00:15.500Z","01.04.2025 15:00:15","INV2","COM4","slave_4","energy",25248,"Накопленная разрядная энергия (младший байт)","kWh",43,
"2025-04-01T12:00:15.798Z","01.04.2025 15:00:15","INV2","COM4","slave_4","energy",25253,"Накопленная нагрузочная энергия (старший байт)","kWh",0,
"2025-04-01T12:00:16.095Z","01.04.2025 15:00:16","INV2","COM4","slave_4","energy",25254,"Накопленная нагрузочная энергия (младший байт)","kWh",7505,
"2025-04-01T12:00:16.404Z","01.04.2025 15:00:16","INV2","COM4","slave_4","error",25261,"Сообщение об ошибке 1","-",0,
"2025-04-01T12:00:16.700Z","01.04.2025 15:00:16","INV2","COM4","slave_4","error",25262,"Сообщение об ошибке 2","-",0,
"2025-04-01T12:00:16.999Z","01.04.2025 15:00:16","INV2","COM4","slave_4","error",25265,"Сообщение о предупреждении 1","-",0,
"2025-04-01T12:00:17.294Z","01.04.2025 15:00:17","INV2","COM4","slave_4","error",25266,"Сообщение о предупреждении 2","-",0,
"2025-04-01T12:00:17.589Z","01.04.2025 15:00:17","INV3","COM5","slave_4","info",20000,"Тип устройства (старший байт)","-",20566,
"2025-04-01T12:00:17.886Z","01.04.2025 15:00:17","INV3","COM5","slave_4","info",20001,"Тип устройства (младший байт)","-",1800,
"2025-04-01T12:00:18.181Z","01.04.2025 15:00:18","INV3","COM5","slave_4","info",20002,"Серийный номер (старший байт)","-",65535,
"2025-04-01T12:00:18.480Z","01.04.2025 15:00:18","INV3","COM5","slave_4","info",20003,"Серийный номер (младший байт)","-",65535,
"2025-04-01T12:00:18.778Z","01.04.2025 15:00:18","INV3","COM5","slave_4","info",20004,"Версия оборудования","-",10101,
"2025-04-01T12:00:19.074Z","01.04.2025 15:00:19","INV3","COM5","slave_4","info",20005,"Версия программного обеспечения","-",21706,
"2025-04-01T12:00:19.371Z","01.04.2025 15:00:19","INV3","COM5","slave_4","info",20006,"Версия протокола","-",10414,
"2025-04-01T12:00:19.667Z","01.04.2025 15:00:19","INV3","COM5","slave_4","status",25201,"Состояние работы","-",3,
"2025-04-01T12:00:19.963Z","01.04.2025 15:00:19","INV3","COM5","slave_4","status",25205,"Напряжение АКБ","V",547,
"2025-04-01T12:00:20.256Z","01.04.2025 15:00:20","INV3","COM5","slave_4","status",25206,"Выходное напряжение инвертора","V",2189,
"2025-04-01T12:00:20.552Z","01.04.2025 15:00:20","INV3","COM5","slave_4","status",25207,"Сетевое напряжение","V",2201,
"2025-04-01T12:00:20.848Z","01.04.2025 15:00:20","INV3","COM5","slave_4","status",25210,"Ток инвертора","A",4,
"2025-04-01T12:00:21.146Z","01.04.2025 15:00:21","INV3","COM5","slave_4","status",25213,"Мощность инвертора","W",65464,
"2025-04-01T12:00:21.444Z","01.04.2025 15:00:21","INV3","COM5","slave_4","status",25214,"Мощность сети","W",64966,
"2025-04-01T12:00:21.740Z","01.04.2025 15:00:21","INV3","COM5","slave_4","status",25215,"Мощность нагрузки","W",478,
"2025-04-01T12:00:22.038Z","01.04.2025 15:00:22","INV3","COM5","slave_4","status",25216,"Процент нагрузки","%",9,
"2025-04-01T12:00:22.335Z","01.04.2025 15:00:22","INV3","COM5","slave_4","status",25233,"Температура радиатора AC","C",52,
"2025-04-01T12:00:22.630Z","01.04.2025 15:00:22","INV3","COM5","slave_4","status",25234,"Температура трансформатора","C",64,
"2025-04-01T12:00:22.925Z","01.04.2025 15:00:22","INV3","COM5","slave_4","status",25235,"Температура радиатора DC","C",47,
"2025-04-01T12:00:23.221Z","01.04.2025 15:00:23","INV3","COM5","slave_4","energy",25245,"Накопленная зарядная энергия (старший байт)","kWh",0,
"2025-04-01T12:00:23.519Z","01.04.2025 15:00:23","INV3","COM5","slave_4","energy",25246,"Накопленная зарядная энергия (младший байт)","kWh",1093,
"2025-04-01T12:00:23.813Z","01.04.2025 15:00:23","INV3","COM5","slave_4","energy",25247,"Накопленная разрядная энергия (старший байт)","kWh",0,
"2025-04-01T12:00:24.110Z","01.04.2025 15:00:24","INV3","COM5","slave_4","energy",25248,"Накопленная разрядная энергия (младший байт)","kWh",44,
"2025-04-01T12:00:24.407Z","01.04.2025 15:00:24","INV3","COM5","slave_4","energy",25253,"Накопленная нагрузочная энергия (старший байт)","kWh",0,
"2025-04-01T12:00:24.704Z","01.04.2025 15:00:24","INV3","COM5","slave_4","energy",25254,"Накопленная нагрузочная энергия (младший байт)","kWh",6264,
"2025-04-01T12:00:25.000Z","01.04.2025 15:00:25","INV3","COM5","slave_4","error",25261,"Сообщение об ошибке 1","-",0,
"2025-04-01T12:00:25.297Z","01.04.2025 15:00:25","INV3","COM5","slave_4","error",25262,"Сообщение об ошибке 2","-",0,
"2025-04-01T12:00:25.593Z","01.04.2025 15:00:25","INV3","COM5","slave_4","error",25265,"Сообщение о предупреждении 1","-",0,
"2025-04-01T12:00:25.891Z","01.04.2025 15:00:25","INV3","COM5","slave_4","error",25266,"Сообщение о предупреждении 2","-",0,
"2025-04-01T12:15:00.942Z","01.04.2025 15:15:00","INV1","COM3","slave_4","info",20000,"Тип устройства (старший байт)","-",20566,
"2025-04-01T12:15:01.256Z","01.04.2025 15:15:01","INV1","COM3","slave_4","info",20001,"Тип устройства (младший байт)","-",1800,
"2025-04-01T12:15:01.551Z","01.04.2025 15:15:01","INV1","COM3","slave_4","info",20002,"Серийный номер (старший байт)","-",65535,
"2025-04-01T12:15:01.849Z","01.04.2025 15:15:01","INV1","COM3","slave_4","info",20003,"Серийный номер (младший байт)","-",65535,
"2025-04-01T12:15:02.146Z","01.04.2025 15:15:02","INV1","COM3","slave_4","info",20004,"Версия оборудования","-",10101,
"2025-04-01T12:15:02.441Z","01.04.2025 15:15:02","INV1","COM3","slave_4","info",20005,"Версия программного обеспечения","-",21706,
"2025-04-01T12:15:02.737Z","01.04.2025 15:15:02","INV1","COM3","slave_4","info",20006,"Версия протокола","-",10414,
"2025-04-01T12:15:03.036Z","01.04.2025 15:15:03","INV1","COM3","slave_4","status",25201,"Состояние работы","-",3,
"2025-04-01T12:15:03.335Z","01.04.2025 15:15:03","INV1","COM3","slave_4","status",25205,"Напряжение АКБ","V",548,
"2025-04-01T12:15:03.631Z","01.04.2025 15:15:03","INV1","COM3","slave_4","status",25206,"Выходное напряжение инвертора","V",2193,
"2025-04-01T12:15:03.930Z","01.04.2025 15:15:03","INV1","COM3","slave_4","status",25207,"Сетевое напряжение","V",2208,
"2025-04-01T12:15:04.225Z","01.04.2025 15:15:04","INV1","COM3","slave_4","status",25210,"Ток инвертора","A",4,
"2025-04-01T12:15:04.520Z","01.04.2025 15:15:04","INV1","COM3","slave_4","status",25213,"Мощность инвертора","W",65471,
"2025-04-01T12:15:04.818Z","01.04.2025 15:15:04","INV1","COM3","slave_4","status",25214,"Мощность сети","W",65201,
"2025-04-01T12:15:05.113Z","01.04.2025 15:15:05","INV1","COM3","slave_4","status",25215,"Мощность нагрузки","W",253,
"2025-04-01T12:15:05.413Z","01.04.2025 15:15:05","INV1","COM3","slave_4","status",25216,"Процент нагрузки","%",5,
"2025-04-01T12:15:05.723Z","01.04.2025 15:15:05","INV1","COM3","slave_4","status",25233,"Температура радиатора AC","C",55,
"2025-04-01T12:15:06.019Z","01.04.2025 15:15:06","INV1","COM3","slave_4","status",25234,"Температура трансформатора","C",62,
"2025-04-01T12:15:06.315Z","01.04.2025 15:15:06","INV1","COM3","slave_4","status",25235,"Температура радиатора DC","C",42,
"2025-04-01T12:15:06.611Z","01.04.2025 15:15:06","INV1","COM3","slave_4","energy",25245,"Накопленная зарядная энергия (старший байт)","kWh",0,
"2025-04-01T12:15:06.909Z","01.04.2025 15:15:06","INV1","COM3","slave_4","energy",25246,"Накопленная зарядная энергия (младший байт)","kWh",1068,
"2025-04-01T12:15:07.208Z","01.04.2025 15:15:07","INV1","COM3","slave_4","energy",25247,"Накопленная разрядная энергия (старший байт)","kWh",0,
"2025-04-01T12:15:07.517Z","01.04.2025 15:15:07","INV1","COM3","slave_4","energy",25248,"Накопленная разрядная энергия (младший байт)","kWh",44,
"2025-04-01T12:15:07.826Z","01.04.2025 15:15:07","INV1","COM3","slave_4","energy",25253,"Накопленная нагрузочная энергия (старший байт)","kWh",0,
"2025-04-01T12:15:08.123Z","01.04.2025 15:15:08","INV1","COM3","slave_4","energy",25254,"Накопленная нагрузочная энергия (младший байт)","kWh",3800,
"2025-04-01T12:15:08.434Z","01.04.2025 15:15:08","INV1","COM3","slave_4","error",25261,"Сообщение об ошибке 1","-",0,
"2025-04-01T12:15:08.728Z","01.04.2025 15:15:08","INV1","COM3","slave_4","error",25262,"Сообщение об ошибке 2","-",0,
"2025-04-01T12:15:09.025Z","01.04.2025 15:15:09","INV1","COM3","slave_4","error",25265,"Сообщение о предупреждении 1","-",0,
"2025-04-01T12:15:09.322Z","01.04.2025 15:15:09","INV1","COM3","slave_4","error",25266,"Сообщение о предупреждении 2","-",0,
"2025-04-01T12:15:09.618Z","01.04.2025 15:15:09","INV2","COM4","slave_4","info",20000,"Тип устройства (старший байт)","-",20566,
"2025-04-01T12:15:09.914Z","01.04.2025 15:15:09","INV2","COM4","slave_4","info",20001,"Тип устройства (младший байт)","-",1800,
"2025-04-01T12:15:10.212Z","01.04.2025 15:15:10","INV2","COM4","slave_4","info",20002,"Серийный номер (старший байт)","-",65535,
"2025-04-01T12:15:10.508Z","01.04.2025 15:15:10","INV2","COM4","slave_4","info",20003,"Серийный номер (младший байт)","-",65535,
"2025-04-01T12:15:10.804Z","01.04.2025 15:15:10","INV2","COM4","slave_4","info",20004,"Версия оборудования","-",10101,
"2025-04-01T12:15:11.100Z","01.04.2025 15:15:11","INV2","COM4","slave_4","info",20005,"Версия программного обеспечения","-",21706,
"2025-04-01T12:15:11.397Z","01.04.2025 15:15:11","INV2","COM4","slave_4","info",20006,"Версия протокола","-",10414,
"2025-04-01T12:15:11.694Z","01.04.2025 15:15:11","INV2","COM4","slave_4","status",25201,"Состояние работы","-",3,
"2025-04-01T12:15:12.005Z","01.04.2025 15:15:12","INV2","COM4","slave_4","status",25205,"Напряжение АКБ","V",548,
"2025-04-01T12:15:12.300Z","01.04.2025 15:15:12","INV2","COM4","slave_4","status",25206,"Выходное напряжение инвертора","V",2220,
"2025-04-01T12:15:12.613Z","01.04.2025 15:15:12","INV2","COM4","slave_4","status",25207,"Сетевое напряжение","V",2232,
"2025-04-01T12:15:12.910Z","01.04.2025 15:15:12","INV2","COM4","slave_4","status",25210,"Ток инвертора","A",4,
"2025-04-01T12:15:13.205Z","01.04.2025 15:15:13","INV2","COM4","slave_4","status",25213,"Мощность инвертора","W",65467,
"2025-04-01T12:15:13.504Z","01.04.2025 15:15:13","INV2","COM4","slave_4","status",25214,"Мощность сети","W",65233,
"2025-04-01T12:15:13.800Z","01.04.2025 15:15:13","INV2","COM4","slave_4","status",25215,"Мощность нагрузки","W",221,
"2025-04-01T12:15:14.099Z","01.04.2025 15:15:14","INV2","COM4","slave_4","status",25216,"Процент нагрузки","%",4,
"2025-04-01T12:15:14.397Z","01.04.2025 15:15:14","INV2","COM4","slave_4","status",25233,"Температура радиатора AC","C",49,
"2025-04-01T12:15:14.695Z","01.04.2025 15:15:14","INV2","COM4","slave_4","status",25234,"Температура трансформатора","C",63,
"2025-04-01T12:15:14.990Z","01.04.2025 15:15:14","INV2","COM4","slave_4","status",25235,"Температура радиатора DC","C",44,
"2025-04-01T12:15:15.286Z","01.04.2025 15:15:15","INV2","COM4","slave_4","energy",25245,"Накопленная зарядная энергия (старший байт)","kWh",0,
"2025-04-01T12:15:15.583Z","01.04.2025 15:15:15","INV2","COM4","slave_4","energy",25246,"Накопленная зарядная энергия (младший байт)","kWh",1084,
"2025-04-01T12:15:15.877Z","01.04.2025 15:15:15","INV2","COM4","slave_4","energy",25247,"Накопленная разрядная энергия (старший байт)","kWh",0,
"2025-04-01T12:15:16.174Z","01.04.2025 15:15:16","INV2","COM4","slave_4","energy",25248,"Накопленная разрядная энергия (младший байт)","kWh",43,
"2025-04-01T12:15:16.470Z","01.04.2025 15:15:16","INV2","COM4","slave_4","energy",25253,"Накопленная нагрузочная энергия (старший байт)","kWh",0,
"2025-04-01T12:15:16.768Z","01.04.2025 15:15:16","INV2","COM4","slave_4","energy",25254,"Накопленная нагрузочная энергия (младший байт)","kWh",7506,
"2025-04-01T12:15:17.065Z","01.04.2025 15:15:17","INV2","COM4","slave_4","error",25261,"Сообщение об ошибке 1","-",0,
"2025-04-01T12:15:17.361Z","01.04.2025 15:15:17","INV2","COM4","slave_4","error",25262,"Сообщение об ошибке 2","-",0,
"2025-04-01T12:15:17.658Z","01.04.2025 15:15:17","INV2","COM4","slave_4","error",25265,"Сообщение о предупреждении 1","-",0,
"2025-04-01T12:15:17.953Z","01.04.2025 15:15:17","INV2","COM4","slave_4","error",25266,"Сообщение о предупреждении 2","-",0,
"2025-04-01T12:15:18.261Z","01.04.2025 15:15:18","INV3","COM5","slave_4","info",20000,"Тип устройства (старший байт)","-",20566,
"2025-04-01T12:15:18.556Z","01.04.2025 15:15:18","INV3","COM5","slave_4","info",20001,"Тип устройства (младший байт)","-",1800,
"2025-04-01T12:15:18.854Z","01.04.2025 15:15:18","INV3","COM5","slave_4","info",20002,"Серийный номер (старший байт)","-",65535,
"2025-04-01T12:15:19.148Z","01.04.2025 15:15:19","INV3","COM5","slave_4","info",20003,"Серийный номер (младший байт)","-",65535,
"2025-04-01T12:15:19.447Z","01.04.2025 15:15:19","INV3","COM5","slave_4","info",20004,"Версия оборудования","-",10101,
"2025-04-01T12:15:19.745Z","01.04.2025 15:15:19","INV3","COM5","slave_4","info",20005,"Версия программного обеспечения","-",21706,
"2025-04-01T12:15:20.040Z","01.04.2025 15:15:20","INV3","COM5","slave_4","info",20006,"Версия протокола","-",10414,
"2025-04-01T12:15:20.337Z","01.04.2025 15:15:20","INV3","COM5","slave_4","status",25201,"Состояние работы","-",3,
"2025-04-01T12:15:20.633Z","01.04.2025 15:15:20","INV3","COM5","slave_4","status",25205,"Напряжение АКБ","V",548,
"2025-04-01T12:15:20.929Z","01.04.2025 15:15:20","INV3","COM5","slave_4","status",25206,"Выходное напряжение инвертора","V",2189,
"2025-04-01T12:15:21.225Z","01.04.2025 15:15:21","INV3","COM5","slave_4","status",25207,"Сетевое напряжение","V",2200,
"2025-04-01T12:15:21.521Z","01.04.2025 15:15:21","INV3","COM5","slave_4","status",25210,"Ток инвертора","A",4,
"2025-04-01T12:15:21.819Z","01.04.2025 15:15:21","INV3","COM5","slave_4","status",25213,"Мощность инвертора","W",65456,
"2025-04-01T12:15:22.114Z","01.04.2025 15:15:22","INV3","COM5","slave_4","status",25214,"Мощность сети","W",65086,
"2025-04-01T12:15:22.411Z","01.04.2025 15:15:22","INV3","COM5","slave_4","status",25215,"Мощность нагрузки","W",355,
"2025-04-01T12:15:22.707Z","01.04.2025 15:15:22","INV3","COM5","slave_4","status",25216,"Процент нагрузки","%",7,
"2025-04-01T12:15:23.003Z","01.04.2025 15:15:23","INV3","COM5","slave_4","status",25233,"Температура радиатора AC","C",52,
"2025-04-01T12:15:23.301Z","01.04.2025 15:15:23","INV3","COM5","slave_4","status",25234,"Температура трансформатора","C",64,
"2025-04-01T12:15:23.596Z","01.04.2025 15:15:23","INV3","COM5","slave_4","status",25235,"Температура радиатора DC","C",47,
"2025-04-01T12:15:23.893Z","01.04.2025 15:15:23","INV3","COM5","slave_4","energy",25245,"Накопленная зарядная энергия (старший байт)","kWh",0,
"2025-04-01T12:15:24.191Z","01.04.2025 15:15:24","INV3","COM5","slave_4","energy",25246,"Накопленная зарядная энергия (младший байт)","kWh",1093,
"2025-04-01T12:15:24.487Z","01.04.2025 15:15:24","INV3","COM5","slave_4","energy",25247,"Накопленная разрядная энергия (старший байт)","kWh",0,
"2025-04-01T12:15:24.783Z","01.04.2025 15:15:24","INV3","COM5","slave_4","energy",25248,"Накопленная разрядная энергия (младший байт)","kWh",44,
"2025-04-01T12:15:25.078Z","01.04.2025 15:15:25","INV3","COM5","slave_4","energy",25253,"Накопленная нагрузочная энергия (старший байт)","kWh",0,
"2025-04-01T12:15:25.375Z","01.04.2025 15:15:25","INV3","COM5","slave_4","energy",25254,"Накопленная нагрузочная энергия (младший байт)","kWh",6266,
"2025-04-01T12:15:25.674Z","01.04.2025 15:15:25","INV3","COM5","slave_4","error",25261,"Сообщение об ошибке 1","-",0,
"2025-04-01T12:15:25.970Z","01.04.2025 15:15:25","INV3","COM5","slave_4","error",25262,"Сообщение об ошибке 2","-",0,
"2025-04-01T12:15:26.265Z","01.04.2025 15:15:26","INV3","COM5","slave_4","error",25265,"Сообщение о предупреждении 1","-",0,
"2025-04-01T12:15:26.560Z","01.04.2025 15:15:26","INV3","COM5","slave_4","error",25266,"Сообщение о предупреждении 2","-",0,
"2025-04-01T12:30:00.753Z","01.04.2025 15:30:00","INV1","COM3","slave_4","info",20000,"Тип устройства (старший байт)","-",20566,
"2025-04-01T12:30:01.047Z","01.04.2025 15:30:01","INV1","COM3","slave_4","info",20001,"Тип устройства (младший байт)","-",1800,
"2025-04-01T12:30:01.344Z","01.04.2025 15:30:01","INV1","COM3","slave_4","info",20002,"Серийный номер (старший байт)","-",65535,
"2025-04-01T12:30:01.640Z","01.04.2025 15:30:01","INV1","COM3","slave_4","info",20003,"Серийный номер (младший байт)","-",65535,
"2025-04-01T12:30:01.936Z","01.04.2025 15:30:01","INV1","COM3","slave_4","info",20004,"Версия оборудования","-",10101,
"2025-04-01T12:30:02.235Z","01.04.2025 15:30:02","INV1","COM3","slave_4","info",20005,"Версия программного обеспечения","-",21706,
"2025-04-01T12:30:02.528Z","01.04.2025 15:30:02","INV1","COM3","slave_4","info",20006,"Версия протокола","-",10414,
"2025-04-01T12:30:02.826Z","01.04.2025 15:30:02","INV1","COM3","slave_4","status",25201,"Состояние работы","-",3,
"2025-04-01T12:30:03.122Z","01.04.2025 15:30:03","INV1","COM3","slave_4","status",25205,"Напряжение АКБ","V",548,
"2025-04-01T12:30:03.418Z","01.04.2025 15:30:03","INV1","COM3","slave_4","status",25206,"Выходное напряжение инвертора","V",2191,
"2025-04-01T12:30:03.713Z","01.04.2025 15:30:03","INV1","COM3","slave_4","status",25207,"Сетевое напряжение","V",2209,
"2025-04-01T12:30:04.010Z","01.04.2025 15:30:04","INV1","COM3","slave_4","status",25210,"Ток инвертора","A",4,
"2025-04-01T12:30:04.305Z","01.04.2025 15:30:04","INV1","COM3","slave_4","status",25213,"Мощность инвертора","W",65464,
"2025-04-01T12:30:04.603Z","01.04.2025 15:30:04","INV1","COM3","slave_4","status",25214,"Мощность сети","W",65202,
"2025-04-01T12:30:04.899Z","01.04.2025 15:30:04","INV1","COM3","slave_4","status",25215,"Мощность нагрузки","W",258,
"2025-04-01T12:30:05.198Z","01.04.2025 15:30:05","INV1","COM3","slave_4","status",25216,"Процент нагрузки","%",4,
"2025-04-01T12:30:05.494Z","01.04.2025 15:30:05","INV1","COM3","slave_4","status",25233,"Температура радиатора AC","C",55,
"2025-04-01T12:30:05.789Z","01.04.2025 15:30:05","INV1","COM3","slave_4","status",25234,"Температура трансформатора","C",62,
"2025-04-01T12:30:06.086Z","01.04.2025 15:30:06","INV1","COM3","slave_4","status",25235,"Температура радиатора DC","C",42,
"2025-04-01T12:30:06.397Z","01.04.2025 15:30:06","INV1","COM3","slave_4","energy",25245,"Накопленная зарядная энергия (старший байт)","kWh",0,
"2025-04-01T12:30:06.693Z","01.04.2025 15:30:06","INV1","COM3","slave_4","energy",25246,"Накопленная зарядная энергия (младший байт)","kWh",1068,
"2025-04-01T12:30:06.989Z","01.04.2025 15:30:06","INV1","COM3","slave_4","energy",25247,"Накопленная разрядная энергия (старший байт)","kWh",0,
"2025-04-01T12:30:07.290Z","01.04.2025 15:30:07","INV1","COM3","slave_4","energy",25248,"Накопленная разрядная энергия (младший байт)","kWh",44,
"2025-04-01T12:30:07.586Z","01.04.2025 15:30:07","INV1","COM3","slave_4","energy",25253,"Накопленная нагрузочная энергия (старший байт)","kWh",0,
"2025-04-01T12:30:07.883Z","01.04.2025 15:30:07","INV1","COM3","slave_4","energy",25254,"Накопленная нагрузочная энергия (младший байт)","kWh",3800,
"2025-04-01T12:30:08.182Z","01.04.2025 15:30:08","INV1","COM3","slave_4","error",25261,"Сообщение об ошибке 1","-",0,
"2025-04-01T12:30:08.479Z","01.04.2025 15:30:08","INV1","COM3","slave_4","error",25262,"Сообщение об ошибке 2","-",0,
"2025-04-01T12:30:08.779Z","01.04.2025 15:30:08","INV1","COM3","slave_4","error",25265,"Сообщение о предупреждении 1","-",0,
"2025-04-01T12:30:09.075Z","01.04.2025 15:30:09","INV1","COM3","slave_4","error",25266,"Сообщение о предупреждении 2","-",0,
"2025-04-01T12:30:09.384Z","01.04.2025 15:30:09","INV2","COM4","slave_4","info",20000,"Тип устройства (старший байт)","-",20566,
"2025-04-01T12:30:09.679Z","01.04.2025 15:30:09","INV2","COM4","slave_4","info",20001,"Тип устройства (младший байт)","-",1800,
"2025-04-01T12:30:09.974Z","01.04.2025 15:30:09","INV2","COM4","slave_4","info",20002,"Серийный номер (старший байт)","-",65535,
"2025-04-01T12:30:10.273Z","01.04.2025 15:30:10","INV2","COM4","slave_4","info",20003,"Серийный номер (младший байт)","-",65535,
"2025-04-01T12:30:10.571Z","01.04.2025 15:30:10","INV2","COM4","slave_4","info",20004,"Версия оборудования","-",10101,
"2025-04-01T12:30:10.866Z","01.04.2025 15:30:10","INV2","COM4","slave_4","info",20005,"Версия программного обеспечения","-",21706,
"2025-04-01T12:30:11.165Z","01.04.2025 15:30:11","INV2","COM4","slave_4","info",20006,"Версия протокола","-",10414,
"2025-04-01T12:30:11.462Z","01.04.2025 15:30:11","INV2","COM4","slave_4","status",25201,"Состояние работы","-",3,
"2025-04-01T12:30:11.760Z","01.04.2025 15:30:11","INV2","COM4","slave_4","status",25205,"Напряжение АКБ","V",548,
"2025-04-01T12:30:12.052Z","01.04.2025 15:30:12","INV2","COM4","slave_4","status",25206,"Выходное напряжение инвертора","V",2218,
"2025-04-01T12:30:12.348Z","01.04.2025 15:30:12","INV2","COM4","slave_4","status",25207,"Сетевое напряжение","V",2231,
"2025-04-01T12:30:12.642Z","01.04.2025 15:30:12","INV2","COM4","slave_4","status",25210,"Ток инвертора","A",4,
"2025-04-01T12:30:12.938Z","01.04.2025 15:30:12","INV2","COM4","slave_4","status",25213,"Мощность инвертора","W",65461,
"2025-04-01T12:30:13.233Z","01.04.2025 15:30:13","INV2","COM4","slave_4","status",25214,"Мощность сети","W",64417,
"2025-04-01T12:30:13.531Z","01.04.2025 15:30:13","INV2","COM4","slave_4","status",25215,"Мощность нагрузки","W",1035,
"2025-04-01T12:30:13.828Z","01.04.2025 15:30:13","INV2","COM4","slave_4","status",25216,"Процент нагрузки","%",20,
"2025-04-01T12:30:14.125Z","01.04.2025 15:30:14","INV2","COM4","slave_4","status",25233,"Температура радиатора AC","C",49,
"2025-04-01T12:30:14.421Z","01.04.2025 15:30:14","INV2","COM4","slave_4","status",25234,"Температура трансформатора","C",64,
"2025-04-01T12:30:14.719Z","01.04.2025 15:30:14","INV2","COM4","slave_4","status",25235,"Температура радиатора DC","C",44,
"2025-04-01T12:30:15.015Z","01.04.2025 15:30:15","INV2","COM4","slave_4","energy",25245,"Накопленная зарядная энергия (старший байт)","kWh",0,
"2025-04-01T12:30:15.311Z","01.04.2025 15:30:15","INV2","COM4","slave_4","energy",25246,"Накопленная зарядная энергия (младший байт)","kWh",1084,
"2025-04-01T12:30:15.609Z","01.04.2025 15:30:15","INV2","COM4","slave_4","energy",25247,"Накопленная разрядная энергия (старший байт)","kWh",0,
"2025-04-01T12:30:15.905Z","01.04.2025 15:30:15","INV2","COM4","slave_4","energy",25248,"Накопленная разрядная энергия (младший байт)","kWh",43,
"2025-04-01T12:30:16.202Z","01.04.2025 15:30:16","INV2","COM4","slave_4","energy",25253,"Накопленная нагрузочная энергия (старший байт)","kWh",0,
"2025-04-01T12:30:16.497Z","01.04.2025 15:30:16","INV2","COM4","slave_4","energy",25254,"Накопленная нагрузочная энергия (младший байт)","kWh",7507,
"2025-04-01T12:30:16.806Z","01.04.2025 15:30:16","INV2","COM4","slave_4","error",25261,"Сообщение об ошибке 1","-",0,
"2025-04-01T12:30:17.114Z","01.04.2025 15:30:17","INV2","COM4","slave_4","error",25262,"Сообщение об ошибке 2","-",0,
"2025-04-01T12:30:17.412Z","01.04.2025 15:30:17","INV2","COM4","slave_4","error",25265,"Сообщение о предупреждении 1","-",0,
"2025-04-01T12:30:17.708Z","01.04.2025 15:30:17","INV2","COM4","slave_4","error",25266,"Сообщение о предупреждении 2","-",0,
"2025-04-01T12:30:18.016Z","01.04.2025 15:30:18","INV3","COM5","slave_4","info",20000,"Тип устройства (старший байт)","-",20566,
"2025-04-01T12:30:18.311Z","01.04.2025 15:30:18","INV3","COM5","slave_4","info",20001,"Тип устройства (младший байт)","-",1800,
"2025-04-01T12:30:18.608Z","01.04.2025 15:30:18","INV3","COM5","slave_4","info",20002,"Серийный номер (старший байт)","-",65535,
"2025-04-01T12:30:18.907Z","01.04.2025 15:30:18","INV3","COM5","slave_4","info",20003,"Серийный номер (младший байт)","-",65535,
"2025-04-01T12:30:19.203Z","01.04.2025 15:30:19","INV3","COM5","slave_4","info",20004,"Версия оборудования","-",10101,
"2025-04-01T12:30:19.499Z","01.04.2025 15:30:19","INV3","COM5","slave_4","info",20005,"Версия программного обеспечения","-",21706,
"2025-04-01T12:30:19.797Z","01.04.2025 15:30:19","INV3","COM5","slave_4","info",20006,"Версия протокола","-",10414,
"2025-04-01T12:30:20.095Z","01.04.2025 15:30:20","INV3","COM5","slave_4","status",25201,"Состояние работы","-",3,
"2025-04-01T12:30:20.390Z","01.04.2025 15:30:20","INV3","COM5","slave_4","status",25205,"Напряжение АКБ","V",548,
"2025-04-01T12:30:20.685Z","01.04.2025 15:30:20","INV3","COM5","slave_4","status",25206,"Выходное напряжение инвертора","V",2189,
"2025-04-01T12:30:20.980Z","01.04.2025 15:30:20","INV3","COM5","slave_4","status",25207,"Сетевое напряжение","V",2199,
"2025-04-01T12:30:21.277Z","01.04.2025 15:30:21","INV3","COM5","slave_4","status",25210,"Ток инвертора","A",4,
"2025-04-01T12:30:21.571Z","01.04.2025 15:30:21","INV3","COM5","slave_4","status",25213,"Мощность инвертора","W",65466,
"2025-04-01T12:30:21.866Z","01.04.2025 15:30:21","INV3","COM5","slave_4","status",25214,"Мощность сети","W",65043,
"2025-04-01T12:30:22.165Z","01.04.2025 15:30:22","INV3","COM5","slave_4","status",25215,"Мощность нагрузки","W",405,
"2025-04-01T12:30:22.463Z","01.04.2025 15:30:22","INV3","COM5","slave_4","status",25216,"Процент нагрузки","%",8,
"2025-04-01T12:30:22.759Z","01.04.2025 15:30:22","INV3","COM5","slave_4","status",25233,"Температура радиатора AC","C",52,
"2025-04-01T12:30:23.058Z","01.04.2025 15:30:23","INV3","COM5","slave_4","status",25234,"Температура трансформатора","C",64,
"2025-04-01T12:30:23.354Z","01.04.2025 15:30:23","INV3","COM5","slave_4","status",25235,"Температура радиатора DC","C",47,
"2025-04-01T12:30:23.653Z","01.04.2025 15:30:23","INV3","COM5","slave_4","energy",25245,"Накопленная зарядная энергия (старший байт)","kWh",0,
"2025-04-01T12:30:23.952Z","01.04.2025 15:30:23","INV3","COM5","slave_4","energy",25246,"Накопленная зарядная энергия (младший байт)","kWh",1093,
"2025-04-01T12:30:24.247Z","01.04.2025 15:30:24","INV3","COM5","slave_4","energy",25247,"Накопленная разрядная энергия (старший байт)","kWh",0,
"2025-04-01T12:30:24.544Z","01.04.2025 15:30:24","INV3","COM5","slave_4","energy",25248,"Накопленная разрядная энергия (младший байт)","kWh",44,
"2025-04-01T12:30:24.842Z","01.04.2025 15:30:24","INV3","COM5","slave_4","energy",25253,"Накопленная нагрузочная энергия (старший байт)","kWh",0,
"2025-04-01T12:30:25.137Z","01.04.2025 15:30:25","INV3","COM5","slave_4","energy",25254,"Накопленная нагрузочная энергия (младший байт)","kWh",6266,
"2025-04-01T12:30:25.436Z","01.04.2025 15:30:25","INV3","COM5","slave_4","error",25261,"Сообщение об ошибке 1","-",0,
"2025-04-01T12:30:25.733Z","01.04.2025 15:30:25","INV3","COM5","slave_4","error",25262,"Сообщение об ошибке 2","-",0,
"2025-04-01T12:30:26.026Z","01.04.2025 15:30:26","INV3","COM5","slave_4","error",25265,"Сообщение о предупреждении 1","-",0,
"2025-04-01T12:30:26.321Z","01.04.2025 15:30:26","INV3","COM5","slave_4","error",25266,"Сообщение о предупреждении 2","-",0,
"2025-04-01T12:45:01.176Z","01.04.2025 15:45:01","INV1","COM3","slave_4","info",20000,"Тип устройства (старший байт)","-",20566,
"2025-04-01T12:45:01.473Z","01.04.2025 15:45:01","INV1","COM3","slave_4","info",20001,"Тип устройства (младший байт)","-",1800,
"2025-04-01T12:45:01.770Z","01.04.2025 15:45:01","INV1","COM3","slave_4","info",20002,"Серийный номер (старший байт)","-",65535,
"2025-04-01T12:45:02.068Z","01.04.2025 15:45:02","INV1","COM3","slave_4","info",20003,"Серийный номер (младший байт)","-",65535,
"2025-04-01T12:45:02.365Z","01.04.2025 15:45:02","INV1","COM3","slave_4","info",20004,"Версия оборудования","-",10101,
"2025-04-01T12:45:02.660Z","01.04.2025 15:45:02","INV1","COM3","slave_4","info",20005,"Версия программного обеспечения","-",21706,
"2025-04-01T12:45:02.957Z","01.04.2025 15:45:02","INV1","COM3","slave_4","info",20006,"Версия протокола","-",10414,
"2025-04-01T12:45:03.252Z","01.04.2025 15:45:03","INV1","COM3","slave_4","status",25201,"Состояние работы","-",3,
"2025-04-01T12:45:03.549Z","01.04.2025 15:45:03","INV1","COM3","slave_4","status",25205,"Напряжение АКБ","V",548,
"2025-04-01T12:45:03.844Z","01.04.2025 15:45:03","INV1","COM3","slave_4","status",25206,"Выходное напряжение инвертора","V",2190,
"2025-04-01T12:45:04.215Z","01.04.2025 15:45:04","INV1","COM3","slave_4","status",25207,"Сетевое напряжение","V",2206,
"2025-04-01T12:45:04.530Z","01.04.2025 15:45:04","INV1","COM3","slave_4","status",25210,"Ток инвертора","A",5,
"2025-04-01T12:45:04.840Z","01.04.2025 15:45:04","INV1","COM3","slave_4","status",25213,"Мощность инвертора","W",65467,
"2025-04-01T12:45:05.135Z","01.04.2025 15:45:05","INV1","COM3","slave_4","status",25214,"Мощность сети","W",65251,
"2025-04-01T12:45:05.430Z","01.04.2025 15:45:05","INV1","COM3","slave_4","status",25215,"Мощность нагрузки","W",195,
"2025-04-01T12:45:05.730Z","01.04.2025 15:45:05","INV1","COM3","slave_4","status",25216,"Процент нагрузки","%",3,
"2025-04-01T12:45:06.024Z","01.04.2025 15:45:06","INV1","COM3","slave_4","status",25233,"Температура радиатора AC","C",55,
"2025-04-01T12:45:06.318Z","01.04.2025 15:45:06","INV1","COM3","slave_4","status",25234,"Температура трансформатора","C",62,
"2025-04-01T12:45:06.616Z","01.04.2025 15:45:06","INV1","COM3","slave_4","status",25235,"Температура радиатора DC","C",42,
"2025-04-01T12:45:07.029Z","01.04.2025 15:45:07","INV1","COM3","slave_4","energy",25245,"Накопленная зарядная энергия (старший байт)","kWh",0,
"2025-04-01T12:45:07.367Z","01.04.2025 15:45:07","INV1","COM3","slave_4","energy",25246,"Накопленная зарядная энергия (младший байт)","kWh",1068,
"2025-04-01T12:45:07.680Z","01.04.2025 15:45:07","INV1","COM3","slave_4","energy",25247,"Накопленная разрядная энергия (старший байт)","kWh",0,
"2025-04-01T12:45:07.982Z","01.04.2025 15:45:07","INV1","COM3","slave_4","energy",25248,"Накопленная разрядная энергия (младший байт)","kWh",44,
"2025-04-01T12:45:08.279Z","01.04.2025 15:45:08","INV1","COM3","slave_4","energy",25253,"Накопленная нагрузочная энергия (старший байт)","kWh",0,
"2025-04-01T12:45:08.574Z","01.04.2025 15:45:08","INV1","COM3","slave_4","energy",25254,"Накопленная нагрузочная энергия (младший байт)","kWh",3801,
"2025-04-01T12:45:08.869Z","01.04.2025 15:45:08","INV1","COM3","slave_4","error",25261,"Сообщение об ошибке 1","-",0,
"2025-04-01T12:45:09.179Z","01.04.2025 15:45:09","INV1","COM3","slave_4","error",25262,"Сообщение об ошибке 2","-",0,
"2025-04-01T12:45:09.474Z","01.04.2025 15:45:09","INV1","COM3","slave_4","error",25265,"Сообщение о предупреждении 1","-",0,
"2025-04-01T12:45:09.772Z","01.04.2025 15:45:09","INV1","COM3","slave_4","error",25266,"Сообщение о предупреждении 2","-",0,
"2025-04-01T12:45:10.081Z","01.04.2025 15:45:10","INV2","COM4","slave_4","info",20000,"Тип устройства (старший байт)","-",20566,
"2025-04-01T12:45:10.380Z","01.04.2025 15:45:10","INV2","COM4","slave_4","info",20001,"Тип устройства (младший байт)","-",1800,
"2025-04-01T12:45:10.703Z","01.04.2025 15:45:10","INV2","COM4","slave_4","info",20002,"Серийный номер (старший байт)","-",65535,
"2025-04-01T12:45:11.001Z","01.04.2025 15:45:11","INV2","COM4","slave_4","info",20003,"Серийный номер (младший байт)","-",65535,
"2025-04-01T12:45:11.327Z","01.04.2025 15:45:11","INV2","COM4","slave_4","info",20004,"Версия оборудования","-",10101,
"2025-04-01T12:45:11.627Z","01.04.2025 15:45:11","INV2","COM4","slave_4","info",20005,"Версия программного обеспечения","-",21706,
"2025-04-01T12:45:11.925Z","01.04.2025 15:45:11","INV2","COM4","slave_4","info",20006,"Версия протокола","-",10414,
"2025-04-01T12:45:12.219Z","01.04.2025 15:45:12","INV2","COM4","slave_4","status",25201,"Состояние работы","-",3,
"2025-04-01T12:45:12.515Z","01.04.2025 15:45:12","INV2","COM4","slave_4","status",25205,"Напряжение АКБ","V",548,
"2025-04-01T12:45:12.807Z","01.04.2025 15:45:12","INV2","COM4","slave_4","status",25206,"Выходное напряжение инвертора","V",2219,
"2025-04-01T12:45:13.102Z","01.04.2025 15:45:13","INV2","COM4","slave_4","status",25207,"Сетевое напряжение","V",2231,
"2025-04-01T12:45:13.400Z","01.04.2025 15:45:13","INV2","COM4","slave_4","status",25210,"Ток инвертора","A",4,
"2025-04-01T12:45:13.695Z","01.04.2025 15:45:13","INV2","COM4","slave_4","status",25213,"Мощность инвертора","W",65460,
"2025-04-01T12:45:13.990Z","01.04.2025 15:45:13","INV2","COM4","slave_4","status",25214,"Мощность сети","W",65110,
"2025-04-01T12:45:14.304Z","01.04.2025 15:45:14","INV2","COM4","slave_4","status",25215,"Мощность нагрузки","W",324,
"2025-04-01T12:45:14.616Z","01.04.2025 15:45:14","INV2","COM4","slave_4","status",25216,"Процент нагрузки","%",6,
"2025-04-01T12:45:14.924Z","01.04.2025 15:45:14","INV2","COM4","slave_4","status",25233,"Температура радиатора AC","C",49,
"2025-04-01T12:45:15.220Z","01.04.2025 15:45:15","INV2","COM4","slave_4","status",25234,"Температура трансформатора","C",63,
"2025-04-01T12:45:15.528Z","01.04.2025 15:45:15","INV2","COM4","slave_4","status",25235,"Температура радиатора DC","C",44,
"2025-04-01T12:45:15.826Z","01.04.2025 15:45:15","INV2","COM4","slave_4","energy",25245,"Накопленная зарядная энергия (старший байт)","kWh",0,
"2025-04-01T12:45:16.121Z","01.04.2025 15:45:16","INV2","COM4","slave_4","energy",25246,"Накопленная зарядная энергия (младший байт)","kWh",1085,
"2025-04-01T12:45:16.418Z","01.04.2025 15:45:16","INV2","COM4","slave_4","energy",25247,"Накопленная разрядная энергия (старший байт)","kWh",0,
"2025-04-01T12:45:16.726Z","01.04.2025 15:45:16","INV2","COM4","slave_4","energy",25248,"Накопленная разрядная энергия (младший байт)","kWh",43,
"2025-04-01T12:45:17.097Z","01.04.2025 15:45:17","INV2","COM4","slave_4","energy",25253,"Накопленная нагрузочная энергия (старший байт)","kWh",0,
"2025-04-01T12:45:17.401Z","01.04.2025 15:45:17","INV2","COM4","slave_4","energy",25254,"Накопленная нагрузочная энергия (младший байт)","kWh",7508,
"2025-04-01T12:45:17.697Z","01.04.2025 15:45:17","INV2","COM4","slave_4","error",25261,"Сообщение об ошибке 1","-",0,
"2025-04-01T12:45:17.992Z","01.04.2025 15:45:17","INV2","COM4","slave_4","error",25262,"Сообщение об ошибке 2","-",0,
"2025-04-01T12:45:18.287Z","01.04.2025 15:45:18","INV2","COM4","slave_4","error",25265,"Сообщение о предупреждении 1","-",0,
"2025-04-01T12:45:18.583Z","01.04.2025 15:45:18","INV2","COM4","slave_4","error",25266,"Сообщение о предупреждении 2","-",0,
"2025-04-01T12:45:18.876Z","01.04.2025 15:45:18","INV3","COM5","slave_4","info",20000,"Тип устройства (старший байт)","-",20566,
"2025-04-01T12:45:19.174Z","01.04.2025 15:45:19","INV3","COM5","slave_4","info",20001,"Тип устройства (младший байт)","-",1800,
"2025-04-01T12:45:19.857Z","01.04.2025 15:45:19","INV3","COM5","slave_4","info",20002,"Серийный номер (старший байт)","-",65535,
"2025-04-01T12:45:20.153Z","01.04.2025 15:45:20","INV3","COM5","slave_4","info",20003,"Серийный номер (младший байт)","-",65535,
"2025-04-01T12:45:20.493Z","01.04.2025 15:45:20","INV3","COM5","slave_4","info",20004,"Версия оборудования","-",10101,
"2025-04-01T12:45:20.794Z","01.04.2025 15:45:20","INV3","COM5","slave_4","info",20005,"Версия программного обеспечения","-",21706,
"2025-04-01T12:45:21.091Z","01.04.2025 15:45:21","INV3","COM5","slave_4","info",20006,"Версия протокола","-",10414,
"2025-04-01T12:45:21.386Z","01.04.2025 15:45:21","INV3","COM5","slave_4","status",25201,"Состояние работы","-",3,
"2025-04-01T12:45:21.684Z","01.04.2025 15:45:21","INV3","COM5","slave_4","status",25205,"Напряжение АКБ","V",548,
"2025-04-01T12:45:21.982Z","01.04.2025 15:45:21","INV3","COM5","slave_4","status",25206,"Выходное напряжение инвертора","V",2190,
"2025-04-01T12:45:22.283Z","01.04.2025 15:45:22","INV3","COM5","slave_4","status",25207,"Сетевое напряжение","V",2200,
"2025-04-01T12:45:22.592Z","01.04.2025 15:45:22","INV3","COM5","slave_4","status",25210,"Ток инвертора","A",4,
"2025-04-01T12:45:22.889Z","01.04.2025 15:45:22","INV3","COM5","slave_4","status",25213,"Мощность инвертора","W",65460,
"2025-04-01T12:45:23.185Z","01.04.2025 15:45:23","INV3","COM5","slave_4","status",25214,"Мощность сети","W",65071,
"2025-04-01T12:45:23.567Z","01.04.2025 15:45:23","INV3","COM5","slave_4","status",25215,"Мощность нагрузки","W",378,
"2025-04-01T12:45:23.874Z","01.04.2025 15:45:23","INV3","COM5","slave_4","status",25216,"Процент нагрузки","%",7,
"2025-04-01T12:45:24.185Z","01.04.2025 15:45:24","INV3","COM5","slave_4","status",25233,"Температура радиатора AC","C",52,
"2025-04-01T12:45:24.482Z","01.04.2025 15:45:24","INV3","COM5","slave_4","status",25234,"Температура трансформатора","C",64,
"2025-04-01T12:45:24.775Z","01.04.2025 15:45:24","INV3","COM5","slave_4","status",25235,"Температура радиатора DC","C",47,
"2025-04-01T12:45:25.076Z","01.04.2025 15:45:25","INV3","COM5","slave_4","energy",25245,"Накопленная зарядная энергия (старший байт)","kWh",0,
"2025-04-01T12:45:25.373Z","01.04.2025 15:45:25","INV3","COM5","slave_4","energy",25246,"Накопленная зарядная энергия (младший байт)","kWh",1094,
"2025-04-01T12:45:25.668Z","01.04.2025 15:45:25","INV3","COM5","slave_4","energy",25247,"Накопленная разрядная энергия (старший байт)","kWh",0,
"2025-04-01T12:45:25.971Z","01.04.2025 15:45:25","INV3","COM5","slave_4","energy",25248,"Накопленная разрядная энергия (младший байт)","kWh",44,
"2025-04-01T12:45:26.276Z","01.04.2025 15:45:26","INV3","COM5","slave_4","energy",25253,"Накопленная нагрузочная энергия (старший байт)","kWh",0,
"2025-04-01T12:45:26.650Z","01.04.2025 15:45:26","INV3","COM5","slave_4","energy",25254,"Накопленная нагрузочная энергия (младший байт)","kWh",6267,
"2025-04-01T12:45:26.957Z","01.04.2025 15:45:26","INV3","COM5","slave_4","error",25261,"Сообщение об ошибке 1","-",0,
"2025-04-01T12:45:27.254Z","01.04.2025 15:45:27","INV3","COM5","slave_4","error",25262,"Сообщение об ошибке 2","-",0,
"2025-04-01T12:45:27.548Z","01.04.2025 15:45:27","INV3","COM5","slave_4","error",25265,"Сообщение о предупреждении 1","-",0,
"2025-04-01T12:45:27.845Z","01.04.2025 15:45:27","INV3","COM5","slave_4","error",25266,"Сообщение о предупреждении 2","-",0,
"2025-04-01T13:00:01.028Z","01.04.2025 16:00:01","INV1","COM3","slave_4","info",20000,"Тип устройства (старший байт)","-",20566,
"2025-04-01T13:00:01.323Z","01.04.2025 16:00:01","INV1","COM3","slave_4","info",20001,"Тип устройства (младший байт)","-",1800,
"2025-04-01T13:00:01.619Z","01.04.2025 16:00:01","INV1","COM3","slave_4","info",20002,"Серийный номер (старший байт)","-",65535,
"2025-04-01T13:00:01.917Z","01.04.2025 16:00:01","INV1","COM3","slave_4","info",20003,"Серийный номер (младший байт)","-",65535,
"2025-04-01T13:00:02.216Z","01.04.2025 16:00:02","INV1","COM3","slave_4","info",20004,"Версия оборудования","-",10101,
"2025-04-01T13:00:02.514Z","01.04.2025 16:00:02","INV1","COM3","slave_4","info",20005,"Версия программного обеспечения","-",21706,
"2025-04-01T13:00:02.809Z","01.04.2025 16:00:02","INV1","COM3","slave_4","info",20006,"Версия протокола","-",10414,
"2025-04-01T13:00:03.104Z","01.04.2025 16:00:03","INV1","COM3","slave_4","status",25201,"Состояние работы","-",3,
"2025-04-01T13:00:03.402Z","01.04.2025 16:00:03","INV1","COM3","slave_4","status",25205,"Напряжение АКБ","V",548,
"2025-04-01T13:00:03.696Z","01.04.2025 16:00:03","INV1","COM3","slave_4","status",25206,"Выходное напряжение инвертора","V",2192,
"2025-04-01T13:00:03.997Z","01.04.2025 16:00:03","INV1","COM3","slave_4","status",25207,"Сетевое напряжение","V",2204,
"2025-04-01T13:00:04.296Z","01.04.2025 16:00:04","INV1","COM3","slave_4","status",25210,"Ток инвертора","A",4,
"2025-04-01T13:00:04.589Z","01.04.2025 16:00:04","INV1","COM3","slave_4","status",25213,"Мощность инвертора","W",65467,
"2025-04-01T13:00:04.888Z","01.04.2025 16:00:04","INV1","COM3","slave_4","status",25214,"Мощность сети","W",65258,
"2025-04-01T13:00:05.184Z","01.04.2025 16:00:05","INV1","COM3","slave_4","status",25215,"Мощность нагрузки","W",197,
"2025-04-01T13:00:05.482Z","01.04.2025 16:00:05","INV1","COM3","slave_4","status",25216,"Процент нагрузки","%",3,
"2025-04-01T13:00:05.780Z","01.04.2025 16:00:05","INV1","COM3","slave_4","status",25233,"Температура радиатора AC","C",55,
"2025-04-01T13:00:06.090Z","01.04.2025 16:00:06","INV1","COM3","slave_4","status",25234,"Температура трансформатора","C",62,
"2025-04-01T13:00:06.387Z","01.04.2025 16:00:06","INV1","COM3","slave_4","status",25235,"Температура радиатора DC","C",42,
"2025-04-01T13:00:06.685Z","01.04.2025 16:00:06","INV1","COM3","slave_4","energy",25245,"Накопленная зарядная энергия (старший байт)","kWh",0,
"2025-04-01T13:00:06.984Z","01.04.2025 16:00:06","INV1","COM3","slave_4","energy",25246,"Накопленная зарядная энергия (младший байт)","kWh",1069,
"2025-04-01T13:00:07.279Z","01.04.2025 16:00:07","INV1","COM3","slave_4","energy",25247,"Накопленная разрядная энергия (старший байт)","kWh",0,
"2025-04-01T13:00:07.577Z","01.04.2025 16:00:07","INV1","COM3","slave_4","energy",25248,"Накопленная разрядная энергия (младший байт)","kWh",44,
"2025-04-01T13:00:07.877Z","01.04.2025 16:00:07","INV1","COM3","slave_4","energy",25253,"Накопленная нагрузочная энергия (старший байт)","kWh",0,
"2025-04-01T13:00:08.176Z","01.04.2025 16:00:08","INV1","COM3","slave_4","energy",25254,"Накопленная нагрузочная энергия (младший байт)","kWh",3801,
"2025-04-01T13:00:08.472Z","01.04.2025 16:00:08","INV1","COM3","slave_4","error",25261,"Сообщение об ошибке 1","-",0,
"2025-04-01T13:00:08.767Z","01.04.2025 16:00:08","INV1","COM3","slave_4","error",25262,"Сообщение об ошибке 2","-",0,
"2025-04-01T13:00:09.062Z","01.04.2025 16:00:09","INV1","COM3","slave_4","error",25265,"Сообщение о предупреждении 1","-",0,
"2025-04-01T13:00:09.357Z","01.04.2025 16:00:09","INV1","COM3","slave_4","error",25266,"Сообщение о предупреждении 2","-",0,
"2025-04-01T13:00:09.656Z","01.04.2025 16:00:09","INV2","COM4","slave_4","info",20000,"Тип устройства (старший байт)","-",20566,
"2025-04-01T13:00:09.951Z","01.04.2025 16:00:09","INV2","COM4","slave_4","info",20001,"Тип устройства (младший байт)","-",1800,
"2025-04-01T13:00:10.249Z","01.04.2025 16:00:10","INV2","COM4","slave_4","info",20002,"Серийный номер (старший байт)","-",65535,
"2025-04-01T13:00:10.550Z","01.04.2025 16:00:10","INV2","COM4","slave_4","info",20003,"Серийный номер (младший байт)","-",65535,
"2025-04-01T13:00:10.845Z","01.04.2025 16:00:10","INV2","COM4","slave_4","info",20004,"Версия оборудования","-",10101,
"2025-04-01T13:00:11.140Z","01.04.2025 16:00:11","INV2","COM4","slave_4","info",20005,"Версия программного обеспечения","-",21706,
"2025-04-01T13:00:11.437Z","01.04.2025 16:00:11","INV2","COM4","slave_4","info",20006,"Версия протокола","-",10414,
"2025-04-01T13:00:11.731Z","01.04.2025 16:00:11","INV2","COM4","slave_4","status",25201,"Состояние работы","-",3,
"2025-04-01T13:00:12.031Z","01.04.2025 16:00:12","INV2","COM4","slave_4","status",25205,"Напряжение АКБ","V",548,
"2025-04-01T13:00:12.323Z","01.04.2025 16:00:12","INV2","COM4","slave_4","status",25206,"Выходное напряжение инвертора","V",2217,
"2025-04-01T13:00:12.622Z","01.04.2025 16:00:12","INV2","COM4","slave_4","status",25207,"Сетевое напряжение","V",2227,
"2025-04-01T13:00:12.916Z","01.04.2025 16:00:12","INV2","COM4","slave_4","status",25210,"Ток инвертора","A",4,
"2025-04-01T13:00:13.214Z","01.04.2025 16:00:13","INV2","COM4","slave_4","status",25213,"Мощность инвертора","W",65445,
"2025-04-01T13:00:13.507Z","01.04.2025 16:00:13","INV2","COM4","slave_4","status",25214,"Мощность сети","W",63481,
"2025-04-01T13:00:13.802Z","01.04.2025 16:00:13","INV2","COM4","slave_4","status",25215,"Мощность нагрузки","W",1944,
"2025-04-01T13:00:14.101Z","01.04.2025 16:00:14","INV2","COM4","slave_4","status",25216,"Процент нагрузки","%",38,
"2025-04-01T13:00:14.402Z","01.04.2025 16:00:14","INV2","COM4","slave_4","status",25233,"Температура радиатора AC","C",48,
"2025-04-01T13:00:14.698Z","01.04.2025 16:00:14","INV2","COM4","slave_4","status",25234,"Температура трансформатора","C",63,
"2025-04-01T13:00:14.995Z","01.04.2025 16:00:14","INV2","COM4","slave_4","status",25235,"Температура радиатора DC","C",44,
"2025-04-01T13:00:15.290Z","01.04.2025 16:00:15","INV2","COM4","slave_4","energy",25245,"Накопленная зарядная энергия (старший байт)","kWh",0,
"2025-04-01T13:00:15.591Z","01.04.2025 16:00:15","INV2","COM4","slave_4","energy",25246,"Накопленная зарядная энергия (младший байт)","kWh",1085,
"2025-04-01T13:00:15.901Z","01.04.2025 16:00:15","INV2","COM4","slave_4","energy",25247,"Накопленная разрядная энергия (старший байт)","kWh",0,
"2025-04-01T13:00:16.196Z","01.04.2025 16:00:16","INV2","COM4","slave_4","energy",25248,"Накопленная разрядная энергия (младший байт)","kWh",43,
"2025-04-01T13:00:16.496Z","01.04.2025 16:00:16","INV2","COM4","slave_4","energy",25253,"Накопленная нагрузочная энергия (старший байт)","kWh",0,
"2025-04-01T13:00:16.791Z","01.04.2025 16:00:16","INV2","COM4","slave_4","energy",25254,"Накопленная нагрузочная энергия (младший байт)","kWh",7510,
"2025-04-01T13:00:17.086Z","01.04.2025 16:00:17","INV2","COM4","slave_4","error",25261,"Сообщение об ошибке 1","-",0,
"2025-04-01T13:00:17.381Z","01.04.2025 16:00:17","INV2","COM4","slave_4","error",25262,"Сообщение об ошибке 2","-",0,
"2025-04-01T13:00:17.681Z","01.04.2025 16:00:17","INV2","COM4","slave_4","error",25265,"Сообщение о предупреждении 1","-",0,
"2025-04-01T13:00:17.981Z","01.04.2025 16:00:17","INV2","COM4","slave_4","error",25266,"Сообщение о предупреждении 2","-",0,
"2025-04-01T13:00:18.278Z","01.04.2025 16:00:18","INV3","COM5","slave_4","info",20000,"Тип устройства (старший байт)","-",20566,
"2025-04-01T13:00:18.575Z","01.04.2025 16:00:18","INV3","COM5","slave_4","info",20001,"Тип устройства (младший байт)","-",1800,
"2025-04-01T13:00:18.873Z","01.04.2025 16:00:18","INV3","COM5","slave_4","info",20002,"Серийный номер (старший байт)","-",65535,
"2025-04-01T13:00:19.168Z","01.04.2025 16:00:19","INV3","COM5","slave_4","info",20003,"Серийный номер (младший байт)","-",65535,
"2025-04-01T13:00:19.463Z","01.04.2025 16:00:19","INV3","COM5","slave_4","info",20004,"Версия оборудования","-",10101,
"2025-04-01T13:00:19.764Z","01.04.2025 16:00:19","INV3","COM5","slave_4","info",20005,"Версия программного обеспечения","-",21706,
"2025-04-01T13:00:20.063Z","01.04.2025 16:00:20","INV3","COM5","slave_4","info",20006,"Версия протокола","-",10414,
"2025-04-01T13:00:20.361Z","01.04.2025 16:00:20","INV3","COM5","slave_4","status",25201,"Состояние работы","-",3,
"2025-04-01T13:00:20.657Z","01.04.2025 16:00:20","INV3","COM5","slave_4","status",25205,"Напряжение АКБ","V",548,
"2025-04-01T13:00:20.952Z","01.04.2025 16:00:20","INV3","COM5","slave_4","status",25206,"Выходное напряжение инвертора","V",2189,
"2025-04-01T13:00:21.251Z","01.04.2025 16:00:21","INV3","COM5","slave_4","status",25207,"Сетевое напряжение","V",2199,
"2025-04-01T13:00:21.546Z","01.04.2025 16:00:21","INV3","COM5","slave_4","status",25210,"Ток инвертора","A",4,
"2025-04-01T13:00:21.843Z","01.04.2025 16:00:21","INV3","COM5","slave_4","status",25213,"Мощность инвертора","W",65470,
"2025-04-01T13:00:22.144Z","01.04.2025 16:00:22","INV3","COM5","slave_4","status",25214,"Мощность сети","W",65105,
"2025-04-01T13:00:22.439Z","01.04.2025 16:00:22","INV3","COM5","slave_4","status",25215,"Мощность нагрузки","W",342,
"2025-04-01T13:00:22.737Z","01.04.2025 16:00:22","INV3","COM5","slave_4","status",25216,"Процент нагрузки","%",6,
"2025-04-01T13:00:23.033Z","01.04.2025 16:00:23","INV3","COM5","slave_4","status",25233,"Температура радиатора AC","C",51,
"2025-04-01T13:00:23.328Z","01.04.2025 16:00:23","INV3","COM5","slave_4","status",25234,"Температура трансформатора","C",64,
"2025-04-01T13:00:23.626Z","01.04.2025 16:00:23","INV3","COM5","slave_4","status",25235,"Температура радиатора DC","C",47,
"2025-04-01T13:00:23.922Z","01.04.2025 16:00:23","INV3","COM5","slave_4","energy",25245,"Накопленная зарядная энергия (старший байт)","kWh",0,
"2025-04-01T13:00:24.223Z","01.04.2025 16:00:24","INV3","COM5","slave_4","energy",25246,"Накопленная зарядная энергия (младший байт)","kWh",1094,
"2025-04-01T13:00:24.530Z","01.04.2025 16:00:24","INV3","COM5","slave_4","energy",25247,"Накопленная разрядная энергия (старший байт)","kWh",0,
"2025-04-01T13:00:24.831Z","01.04.2025 16:00:24","INV3","COM5","slave_4","energy",25248,"Накопленная разрядная энергия (младший байт)","kWh",44,
"2025-04-01T13:00:25.128Z","01.04.2025 16:00:25","INV3","COM5","slave_4","energy",25253,"Накопленная нагрузочная энергия (старший байт)","kWh",0,
"2025-04-01T13:00:25.424Z","01.04.2025 16:00:25","INV3","COM5","slave_4","energy",25254,"Накопленная нагрузочная энергия (младший байт)","kWh",6268,
"2025-04-01T13:00:25.722Z","01.04.2025 16:00:25","INV3","COM5","slave_4","error",25261,"Сообщение об ошибке 1","-",0,
"2025-04-01T13:00:26.017Z","01.04.2025 16:00:26","INV3","COM5","slave_4","error",25262,"Сообщение об ошибке 2","-",0,
"2025-04-01T13:00:26.317Z","01.04.2025 16:00:26","INV3","COM5","slave_4","error",25265,"Сообщение о предупреждении 1","-",0,
"2025-04-01T13:00:26.615Z","01.04.2025 16:00:26","INV3","COM5","slave_4","error",25266,"Сообщение о предупреждении 2","-",0,
"2025-04-01T13:15:01.177Z","01.04.2025 16:15:01","INV1","COM3","slave_4","info",20000,"Тип устройства (старший байт)","-",20566,
"2025-04-01T13:15:01.473Z","01.04.2025 16:15:01","INV1","COM3","slave_4","info",20001,"Тип устройства (младший байт)","-",1800,
"2025-04-01T13:15:01.781Z","01.04.2025 16:15:01","INV1","COM3","slave_4","info",20002,"Серийный номер (старший байт)","-",65535,
"2025-04-01T13:15:02.094Z","01.04.2025 16:15:02","INV1","COM3","slave_4","info",20003,"Серийный номер (младший байт)","-",65535,
"2025-04-01T13:15:02.388Z","01.04.2025 16:15:02","INV1","COM3","slave_4","info",20004,"Версия оборудования","-",10101,
"2025-04-01T13:15:02.684Z","01.04.2025 16:15:02","INV1","COM3","slave_4","info",20005,"Версия программного обеспечения","-",21706,
"2025-04-01T13:15:02.980Z","01.04.2025 16:15:02","INV1","COM3","slave_4","info",20006,"Версия протокола","-",10414,
"2025-04-01T13:15:03.278Z","01.04.2025 16:15:03","INV1","COM3","slave_4","status",25201,"Состояние работы","-",3,
"2025-04-01T13:15:03.586Z","01.04.2025 16:15:03","INV1","COM3","slave_4","status",25205,"Напряжение АКБ","V",548,
"2025-04-01T13:15:03.882Z","01.04.2025 16:15:03","INV1","COM3","slave_4","status",25206,"Выходное напряжение инвертора","V",2193,
"2025-04-01T13:15:04.192Z","01.04.2025 16:15:04","INV1","COM3","slave_4","status",25207,"Сетевое напряжение","V",2205,
"2025-04-01T13:15:04.486Z","01.04.2025 16:15:04","INV1","COM3","slave_4","status",25210,"Ток инвертора","A",6,
"2025-04-01T13:15:04.785Z","01.04.2025 16:15:04","INV1","COM3","slave_4","status",25213,"Мощность инвертора","W",65455,
"2025-04-01T13:15:05.082Z","01.04.2025 16:15:05","INV1","COM3","slave_4","status",25214,"Мощность сети","W",65254,
"2025-04-01T13:15:05.378Z","01.04.2025 16:15:05","INV1","COM3","slave_4","status",25215,"Мощность нагрузки","W",189,
"2025-04-01T13:15:05.675Z","01.04.2025 16:15:05","INV1","COM3","slave_4","status",25216,"Процент нагрузки","%",3,
"2025-04-01T13:15:05.972Z","01.04.2025 16:15:05","INV1","COM3","slave_4","status",25233,"Температура радиатора AC","C",55,
"2025-04-01T13:15:06.268Z","01.04.2025 16:15:06","INV1","COM3","slave_4","status",25234,"Температура трансформатора","C",62,
"2025-04-01T13:15:06.567Z","01.04.2025 16:15:06","INV1","COM3","slave_4","status",25235,"Температура радиатора DC","C",42,
"2025-04-01T13:15:06.862Z","01.04.2025 16:15:06","INV1","COM3","slave_4","energy",25245,"Накопленная зарядная энергия (старший байт)","kWh",0,
"2025-04-01T13:15:07.160Z","01.04.2025 16:15:07","INV1","COM3","slave_4","energy",25246,"Накопленная зарядная энергия (младший байт)","kWh",1069,
"2025-04-01T13:15:07.456Z","01.04.2025 16:15:07","INV1","COM3","slave_4","energy",25247,"Накопленная разрядная энергия (старший байт)","kWh",0,
"2025-04-01T13:15:07.753Z","01.04.2025 16:15:07","INV1","COM3","slave_4","energy",25248,"Накопленная разрядная энергия (младший байт)","kWh",44,
"2025-04-01T13:15:08.063Z","01.04.2025 16:15:08","INV1","COM3","slave_4","energy",25253,"Накопленная нагрузочная энергия (старший байт)","kWh",0,
"2025-04-01T13:15:08.415Z","01.04.2025 16:15:08","INV1","COM3","slave_4","energy",25254,"Накопленная нагрузочная энергия (младший байт)","kWh",3802,
"2025-04-01T13:15:08.712Z","01.04.2025 16:15:08","INV1","COM3","slave_4","error",25261,"Сообщение об ошибке 1","-",0,
"2025-04-01T13:15:09.010Z","01.04.2025 16:15:09","INV1","COM3","slave_4","error",25262,"Сообщение об ошибке 2","-",0,
"2025-04-01T13:15:09.310Z","01.04.2025 16:15:09","INV1","COM3","slave_4","error",25265,"Сообщение о предупреждении 1","-",0,
"2025-04-01T13:15:09.604Z","01.04.2025 16:15:09","INV1","COM3","slave_4","error",25266,"Сообщение о предупреждении 2","-",0,
"2025-04-01T13:15:09.910Z","01.04.2025 16:15:09","INV2","COM4","slave_4","info",20000,"Тип устройства (старший байт)","-",20566,
"2025-04-01T13:15:10.205Z","01.04.2025 16:15:10","INV2","COM4","slave_4","info",20001,"Тип устройства (младший байт)","-",1800,
"2025-04-01T13:15:10.500Z","01.04.2025 16:15:10","INV2","COM4","slave_4","info",20002,"Серийный номер (старший байт)","-",65535,
"2025-04-01T13:15:10.799Z","01.04.2025 16:15:10","INV2","COM4","slave_4","info",20003,"Серийный номер (младший байт)","-",65535,
"2025-04-01T13:15:11.096Z","01.04.2025 16:15:11","INV2","COM4","slave_4","info",20004,"Версия оборудования","-",10101,
"2025-04-01T13:15:11.393Z","01.04.2025 16:15:11","INV2","COM4","slave_4","info",20005,"Версия программного обеспечения","-",21706,
"2025-04-01T13:15:11.691Z","01.04.2025 16:15:11","INV2","COM4","slave_4","info",20006,"Версия протокола","-",10414,
"2025-04-01T13:15:11.985Z","01.04.2025 16:15:11","INV2","COM4","slave_4","status",25201,"Состояние работы","-",3,
"2025-04-01T13:15:12.283Z","01.04.2025 16:15:12","INV2","COM4","slave_4","status",25205,"Напряжение АКБ","V",548,
"2025-04-01T13:15:12.596Z","01.04.2025 16:15:12","INV2","COM4","slave_4","status",25206,"Выходное напряжение инвертора","V",2219,
"2025-04-01T13:15:12.906Z","01.04.2025 16:15:12","INV2","COM4","slave_4","status",25207,"Сетевое напряжение","V",2231,
"2025-04-01T13:15:13.199Z","01.04.2025 16:15:13","INV2","COM4","slave_4","status",25210,"Ток инвертора","A",4,
"2025-04-01T13:15:13.495Z","01.04.2025 16:15:13","INV2","COM4","slave_4","status",25213,"Мощность инвертора","W",65464,
"2025-04-01T13:15:13.790Z","01.04.2025 16:15:13","INV2","COM4","slave_4","status",25214,"Мощность сети","W",65143,
"2025-04-01T13:15:14.089Z","01.04.2025 16:15:14","INV2","COM4","slave_4","status",25215,"Мощность нагрузки","W",299,
"2025-04-01T13:15:14.386Z","01.04.2025 16:15:14","INV2","COM4","slave_4","status",25216,"Процент нагрузки","%",5,
"2025-04-01T13:15:14.681Z","01.04.2025 16:15:14","INV2","COM4","slave_4","status",25233,"Температура радиатора AC","C",48,
"2025-04-01T13:15:14.975Z","01.04.2025 16:15:14","INV2","COM4","slave_4","status",25234,"Температура трансформатора","C",63,
"2025-04-01T13:15:15.284Z","01.04.2025 16:15:15","INV2","COM4","slave_4","status",25235,"Температура радиатора DC","C",43,
"2025-04-01T13:15:15.587Z","01.04.2025 16:15:15","INV2","COM4","slave_4","energy",25245,"Накопленная зарядная энергия (старший байт)","kWh",0,
"2025-04-01T13:15:15.891Z","01.04.2025 16:15:15","INV2","COM4","slave_4","energy",25246,"Накопленная зарядная энергия (младший байт)","kWh",1085,
"2025-04-01T13:15:16.202Z","01.04.2025 16:15:16","INV2","COM4","slave_4","energy",25247,"Накопленная разрядная энергия (старший байт)","kWh",0,
"2025-04-01T13:15:16.511Z","01.04.2025 16:15:16","INV2","COM4","slave_4","energy",25248,"Накопленная разрядная энергия (младший байт)","kWh",43,
"2025-04-01T13:15:16.807Z","01.04.2025 16:15:16","INV2","COM4","slave_4","energy",25253,"Накопленная нагрузочная энергия (старший байт)","kWh",0,
"2025-04-01T13:15:17.116Z","01.04.2025 16:15:17","INV2","COM4","slave_4","energy",25254,"Накопленная нагрузочная энергия (младший байт)","kWh",7512,
"2025-04-01T13:15:17.413Z","01.04.2025 16:15:17","INV2","COM4","slave_4","error",25261,"Сообщение об ошибке 1","-",0,
"2025-04-01T13:15:17.709Z","01.04.2025 16:15:17","INV2","COM4","slave_4","error",25262,"Сообщение об ошибке 2","-",0,
"2025-04-01T13:15:18.004Z","01.04.2025 16:15:18","INV2","COM4","slave_4","error",25265,"Сообщение о предупреждении 1","-",0,
"2025-04-01T13:15:18.304Z","01.04.2025 16:15:18","INV2","COM4","slave_4","error",25266,"Сообщение о предупреждении 2","-",0,
"2025-04-01T13:15:18.619Z","01.04.2025 16:15:18","INV3","COM5","slave_4","info",20000,"Тип устройства (старший байт)","-",20566,
"2025-04-01T13:15:18.919Z","01.04.2025 16:15:18","INV3","COM5","slave_4","info",20001,"Тип устройства (младший байт)","-",1800,
"2025-04-01T13:15:19.212Z","01.04.2025 16:15:19","INV3","COM5","slave_4","info",20002,"Серийный номер (старший байт)","-",65535,
"2025-04-01T13:15:19.521Z","01.04.2025 16:15:19","INV3","COM5","slave_4","info",20003,"Серийный номер (младший байт)","-",65535,
"2025-04-01T13:15:19.819Z","01.04.2025 16:15:19","INV3","COM5","slave_4","info",20004,"Версия оборудования","-",10101,
"2025-04-01T13:15:20.115Z","01.04.2025 16:15:20","INV3","COM5","slave_4","info",20005,"Версия программного обеспечения","-",21706,
"2025-04-01T13:15:20.410Z","01.04.2025 16:15:20","INV3","COM5","slave_4","info",20006,"Версия протокола","-",10414,
"2025-04-01T13:15:20.710Z","01.04.2025 16:15:20","INV3","COM5","slave_4","status",25201,"Состояние работы","-",3,
"2025-04-01T13:15:21.004Z","01.04.2025 16:15:21","INV3","COM5","slave_4","status",25205,"Напряжение АКБ","V",548,
"2025-04-01T13:15:21.297Z","01.04.2025 16:15:21","INV3","COM5","slave_4","status",25206,"Выходное напряжение инвертора","V",2189,
"2025-04-01T13:15:21.595Z","01.04.2025 16:15:21","INV3","COM5","slave_4","status",25207,"Сетевое напряжение","V",2200,
"2025-04-01T13:15:21.894Z","01.04.2025 16:15:21","INV3","COM5","slave_4","status",25210,"Ток инвертора","A",4,
"2025-04-01T13:15:22.190Z","01.04.2025 16:15:22","INV3","COM5","slave_4","status",25213,"Мощность инвертора","W",65461,
"2025-04-01T13:15:22.486Z","01.04.2025 16:15:22","INV3","COM5","slave_4","status",25214,"Мощность сети","W",64954,
"2025-04-01T13:15:22.783Z","01.04.2025 16:15:22","INV3","COM5","slave_4","status",25215,"Мощность нагрузки","W",468,
"2025-04-01T13:15:23.083Z","01.04.2025 16:15:23","INV3","COM5","slave_4","status",25216,"Процент нагрузки","%",9,
"2025-04-01T13:15:23.383Z","01.04.2025 16:15:23","INV3","COM5","slave_4","status",25233,"Температура радиатора AC","C",52,
"2025-04-01T13:15:23.691Z","01.04.2025 16:15:23","INV3","COM5","slave_4","status",25234,"Температура трансформатора","C",64,
"2025-04-01T13:15:23.987Z","01.04.2025 16:15:23","INV3","COM5","slave_4","status",25235,"Температура радиатора DC","C",47,
"2025-04-01T13:15:24.282Z","01.04.2025 16:15:24","INV3","COM5","slave_4","energy",25245,"Накопленная зарядная энергия (старший байт)","kWh",0,
"2025-04-01T13:15:24.579Z","01.04.2025 16:15:24","INV3","COM5","slave_4","energy",25246,"Накопленная зарядная энергия (младший байт)","kWh",1094,
"2025-04-01T13:15:24.875Z","01.04.2025 16:15:24","INV3","COM5","slave_4","energy",25247,"Накопленная разрядная энергия (старший байт)","kWh",0,
"2025-04-01T13:15:25.174Z","01.04.2025 16:15:25","INV3","COM5","slave_4","energy",25248,"Накопленная разрядная энергия (младший байт)","kWh",44,
"2025-04-01T13:15:25.471Z","01.04.2025 16:15:25","INV3","COM5","slave_4","energy",25253,"Накопленная нагрузочная энергия (старший байт)","kWh",0,
"2025-04-01T13:15:25.766Z","01.04.2025 16:15:25","INV3","COM5","slave_4","energy",25254,"Накопленная нагрузочная энергия (младший байт)","kWh",6269,
"2025-04-01T13:15:26.065Z","01.04.2025 16:15:26","INV3","COM5","slave_4","error",25261,"Сообщение об ошибке 1","-",0,
"2025-04-01T13:15:26.361Z","01.04.2025 16:15:26","INV3","COM5","slave_4","error",25262,"Сообщение об ошибке 2","-",0,
"2025-04-01T13:15:26.657Z","01.04.2025 16:15:26","INV3","COM5","slave_4","error",25265,"Сообщение о предупреждении 1","-",0,
"2025-04-01T13:15:26.953Z","01.04.2025 16:15:26","INV3","COM5","slave_4","error",25266,"Сообщение о предупреждении 2","-",0,
"2025-04-01T13:30:01.287Z","01.04.2025 16:30:01","INV1","COM3","slave_4","info",20000,"Тип устройства (старший байт)","-",20566,
"2025-04-01T13:30:01.584Z","01.04.2025 16:30:01","INV1","COM3","slave_4","info",20001,"Тип устройства (младший байт)","-",1800,
"2025-04-01T13:30:01.884Z","01.04.2025 16:30:01","INV1","COM3","slave_4","info",20002,"Серийный номер (старший байт)","-",65535,
"2025-04-01T13:30:02.190Z","01.04.2025 16:30:02","INV1","COM3","slave_4","info",20003,"Серийный номер (младший байт)","-",65535,
"2025-04-01T13:30:02.484Z","01.04.2025 16:30:02","INV1","COM3","slave_4","info",20004,"Версия оборудования","-",10101,
"2025-04-01T13:30:02.784Z","01.04.2025 16:30:02","INV1","COM3","slave_4","info",20005,"Версия программного обеспечения","-",21706,
"2025-04-01T13:30:03.081Z","01.04.2025 16:30:03","INV1","COM3","slave_4","info",20006,"Версия протокола","-",10414,
"2025-04-01T13:30:03.421Z","01.04.2025 16:30:03","INV1","COM3","slave_4","status",25201,"Состояние работы","-",3,
"2025-04-01T13:30:03.717Z","01.04.2025 16:30:03","INV1","COM3","slave_4","status",25205,"Напряжение АКБ","V",548,
"2025-04-01T13:30:04.015Z","01.04.2025 16:30:04","INV1","COM3","slave_4","status",25206,"Выходное напряжение инвертора","V",2190,
"2025-04-01T13:30:04.311Z","01.04.2025 16:30:04","INV1","COM3","slave_4","status",25207,"Сетевое напряжение","V",2201,
"2025-04-01T13:30:04.607Z","01.04.2025 16:30:04","INV1","COM3","slave_4","status",25210,"Ток инвертора","A",5,
"2025-04-01T13:30:04.902Z","01.04.2025 16:30:04","INV1","COM3","slave_4","status",25213,"Мощность инвертора","W",65467,
"2025-04-01T13:30:05.201Z","01.04.2025 16:30:05","INV1","COM3","slave_4","status",25214,"Мощность сети","W",65226,
"2025-04-01T13:30:05.501Z","01.04.2025 16:30:05","INV1","COM3","slave_4","status",25215,"Мощность нагрузки","W",215,
"2025-04-01T13:30:05.808Z","01.04.2025 16:30:05","INV1","COM3","slave_4","status",25216,"Процент нагрузки","%",4,
"2025-04-01T13:30:06.104Z","01.04.2025 16:30:06","INV1","COM3","slave_4","status",25233,"Температура радиатора AC","C",54,
"2025-04-01T13:30:06.415Z","01.04.2025 16:30:06","INV1","COM3","slave_4","status",25234,"Температура трансформатора","C",62,
"2025-04-01T13:30:06.709Z","01.04.2025 16:30:06","INV1","COM3","slave_4","status",25235,"Температура радиатора DC","C",42,
"2025-04-01T13:30:07.065Z","01.04.2025 16:30:07","INV1","COM3","slave_4","energy",25245,"Накопленная зарядная энергия (старший байт)","kWh",0,
"2025-04-01T13:30:07.397Z","01.04.2025 16:30:07","INV1","COM3","slave_4","energy",25246,"Накопленная зарядная энергия (младший байт)","kWh",1069,
"2025-04-01T13:30:07.699Z","01.04.2025 16:30:07","INV1","COM3","slave_4","energy",25247,"Накопленная разрядная энергия (старший байт)","kWh",0,
"2025-04-01T13:30:08.051Z","01.04.2025 16:30:08","INV1","COM3","slave_4","energy",25248,"Накопленная разрядная энергия (младший байт)","kWh",44,
"2025-04-01T13:30:08.396Z","01.04.2025 16:30:08","INV1","COM3","slave_4","energy",25253,"Накопленная нагрузочная энергия (старший байт)","kWh",0,
"2025-04-01T13:30:08.703Z","01.04.2025 16:30:08","INV1","COM3","slave_4","energy",25254,"Накопленная нагрузочная энергия (младший байт)","kWh",3802,
"2025-04-01T13:30:08.999Z","01.04.2025 16:30:08","INV1","COM3","slave_4","error",25261,"Сообщение об ошибке 1","-",0,
"2025-04-01T13:30:09.310Z","01.04.2025 16:30:09","INV1","COM3","slave_4","error",25262,"Сообщение об ошибке 2","-",0,
"2025-04-01T13:30:09.618Z","01.04.2025 16:30:09","INV1","COM3","slave_4","error",25265,"Сообщение о предупреждении 1","-",0,
"2025-04-01T13:30:09.915Z","01.04.2025 16:30:09","INV1","COM3","slave_4","error",25266,"Сообщение о предупреждении 2","-",0,
"2025-04-01T13:30:10.270Z","01.04.2025 16:30:10","INV2","COM4","slave_4","info",20000,"Тип устройства (старший байт)","-",20566,
"2025-04-01T13:30:10.589Z","01.04.2025 16:30:10","INV2","COM4","slave_4","info",20001,"Тип устройства (младший байт)","-",1800,
"2025-04-01T13:30:11.024Z","01.04.2025 16:30:11","INV2","COM4","slave_4","info",20002,"Серийный номер (старший байт)","-",65535,
"2025-04-01T13:30:11.554Z","01.04.2025 16:30:11","INV2","COM4","slave_4","info",20003,"Серийный номер (младший байт)","-",65535,
"2025-04-01T13:30:11.859Z","01.04.2025 16:30:11","INV2","COM4","slave_4","info",20004,"Версия оборудования","-",10101,
"2025-04-01T13:30:12.154Z","01.04.2025 16:30:12","INV2","COM4","slave_4","info",20005,"Версия программного обеспечения","-",21706,
"2025-04-01T13:30:12.464Z","01.04.2025 16:30:12","INV2","COM4","slave_4","info",20006,"Версия протокола","-",10414,
"2025-04-01T13:30:12.895Z","01.04.2025 16:30:12","INV2","COM4","slave_4","status",25201,"Состояние работы","-",3,
"2025-04-01T13:30:13.205Z","01.04.2025 16:30:13","INV2","COM4","slave_4","status",25205,"Напряжение АКБ","V",548,
"2025-04-01T13:30:13.513Z","01.04.2025 16:30:13","INV2","COM4","slave_4","status",25206,"Выходное напряжение инвертора","V",2219,
"2025-04-01T13:30:13.851Z","01.04.2025 16:30:13","INV2","COM4","slave_4","status",25207,"Сетевое напряжение","V",2232,
"2025-04-01T13:30:14.198Z","01.04.2025 16:30:14","INV2","COM4","slave_4","status",25210,"Ток инвертора","A",4,
"2025-04-01T13:30:14.500Z","01.04.2025 16:30:14","INV2","COM4","slave_4","status",25213,"Мощность инвертора","W",65464,
"2025-04-01T13:30:14.794Z","01.04.2025 16:30:14","INV2","COM4","slave_4","status",25214,"Мощность сети","W",65120,
"2025-04-01T13:30:15.087Z","01.04.2025 16:30:15","INV2","COM4","slave_4","status",25215,"Мощность нагрузки","W",338,
"2025-04-01T13:30:15.381Z","01.04.2025 16:30:15","INV2","COM4","slave_4","status",25216,"Процент нагрузки","%",6,
"2025-04-01T13:30:15.680Z","01.04.2025 16:30:15","INV2","COM4","slave_4","status",25233,"Температура радиатора AC","C",48,
"2025-04-01T13:30:16.006Z","01.04.2025 16:30:16","INV2","COM4","slave_4","status",25234,"Температура трансформатора","C",63,
"2025-04-01T13:30:16.303Z","01.04.2025 16:30:16","INV2","COM4","slave_4","status",25235,"Температура радиатора DC","C",43,
"2025-04-01T13:30:16.598Z","01.04.2025 16:30:16","INV2","COM4","slave_4","energy",25245,"Накопленная зарядная энергия (старший байт)","kWh",0,
"2025-04-01T13:30:16.891Z","01.04.2025 16:30:16","INV2","COM4","slave_4","energy",25246,"Накопленная зарядная энергия (младший байт)","kWh",1085,
"2025-04-01T13:30:17.189Z","01.04.2025 16:30:17","INV2","COM4","slave_4","energy",25247,"Накопленная разрядная энергия (старший байт)","kWh",0,
"2025-04-01T13:30:17.485Z","01.04.2025 16:30:17","INV2","COM4","slave_4","energy",25248,"Накопленная разрядная энергия (младший байт)","kWh",43,
"2025-04-01T13:30:17.806Z","01.04.2025 16:30:17","INV2","COM4","slave_4","energy",25253,"Накопленная нагрузочная энергия (старший байт)","kWh",0,
"2025-04-01T13:30:18.146Z","01.04.2025 16:30:18","INV2","COM4","slave_4","energy",25254,"Накопленная нагрузочная энергия (младший байт)","kWh",7513,
"2025-04-01T13:30:18.457Z","01.04.2025 16:30:18","INV2","COM4","slave_4","error",25261,"Сообщение об ошибке 1","-",0,
"2025-04-01T13:30:18.767Z","01.04.2025 16:30:18","INV2","COM4","slave_4","error",25262,"Сообщение об ошибке 2","-",0,
"2025-04-01T13:30:19.076Z","01.04.2025 16:30:19","INV2","COM4","slave_4","error",25265,"Сообщение о предупреждении 1","-",0,
"2025-04-01T13:30:19.375Z","01.04.2025 16:30:19","INV2","COM4","slave_4","error",25266,"Сообщение о предупреждении 2","-",0,
"2025-04-01T13:30:19.792Z","01.04.2025 16:30:19","INV3","COM5","slave_4","info",20000,"Тип устройства (старший байт)","-",20566,
"2025-04-01T13:30:20.102Z","01.04.2025 16:30:20","INV3","COM5","slave_4","info",20001,"Тип устройства (младший байт)","-",1800,
"2025-04-01T13:30:20.399Z","01.04.2025 16:30:20","INV3","COM5","slave_4","info",20002,"Серийный номер (старший байт)","-",65535,
"2025-04-01T13:30:20.695Z","01.04.2025 16:30:20","INV3","COM5","slave_4","info",20003,"Серийный номер (младший байт)","-",65535,
"2025-04-01T13:30:20.988Z","01.04.2025 16:30:20","INV3","COM5","slave_4","info",20004,"Версия оборудования","-",10101,
"2025-04-01T13:30:21.285Z","01.04.2025 16:30:21","INV3","COM5","slave_4","info",20005,"Версия программного обеспечения","-",21706,
"2025-04-01T13:30:21.578Z","01.04.2025 16:30:21","INV3","COM5","slave_4","info",20006,"Версия протокола","-",10414,
"2025-04-01T13:30:21.921Z","01.04.2025 16:30:21","INV3","COM5","slave_4","status",25201,"Состояние работы","-",3,
"2025-04-01T13:30:22.220Z","01.04.2025 16:30:22","INV3","COM5","slave_4","status",25205,"Напряжение АКБ","V",548,
"2025-04-01T13:30:22.531Z","01.04.2025 16:30:22","INV3","COM5","slave_4","status",25206,"Выходное напряжение инвертора","V",2189,
"2025-04-01T13:30:22.841Z","01.04.2025 16:30:22","INV3","COM5","slave_4","status",25207,"Сетевое напряжение","V",2200,
"2025-04-01T13:30:23.136Z","01.04.2025 16:30:23","INV3","COM5","slave_4","status",25210,"Ток инвертора","A",4,
"2025-04-01T13:30:23.434Z","01.04.2025 16:30:23","INV3","COM5","slave_4","status",25213,"Мощность инвертора","W",65461,
"2025-04-01T13:30:23.731Z","01.04.2025 16:30:23","INV3","COM5","slave_4","status",25214,"Мощность сети","W",65130,
"2025-04-01T13:30:24.075Z","01.04.2025 16:30:24","INV3","COM5","slave_4","status",25215,"Мощность нагрузки","W",309,
"2025-04-01T13:30:24.374Z","01.04.2025 16:30:24","INV3","COM5","slave_4","status",25216,"Процент нагрузки","%",6,
"2025-04-01T13:30:24.669Z","01.04.2025 16:30:24","INV3","COM5","slave_4","status",25233,"Температура радиатора AC","C",52,
"2025-04-01T13:30:24.964Z","01.04.2025 16:30:24","INV3","COM5","slave_4","status",25234,"Температура трансформатора","C",64,
"2025-04-01T13:30:25.263Z","01.04.2025 16:30:25","INV3","COM5","slave_4","status",25235,"Температура радиатора DC","C",47,
"2025-04-01T13:30:25.572Z","01.04.2025 16:30:25","INV3","COM5","slave_4","energy",25245,"Накопленная зарядная энергия (старший байт)","kWh",0,
"2025-04-01T13:30:25.871Z","01.04.2025 16:30:25","INV3","COM5","slave_4","energy",25246,"Накопленная зарядная энергия (младший байт)","kWh",1094,
"2025-04-01T13:30:26.167Z","01.04.2025 16:30:26","INV3","COM5","slave_4","energy",25247,"Накопленная разрядная энергия (старший байт)","kWh",0,
"2025-04-01T13:30:26.459Z","01.04.2025 16:30:26","INV3","COM5","slave_4","energy",25248,"Накопленная разрядная энергия (младший байт)","kWh",44,
"2025-04-01T13:30:26.814Z","01.04.2025 16:30:26","INV3","COM5","slave_4","energy",25253,"Накопленная нагрузочная энергия (старший байт)","kWh",0,
"2025-04-01T13:30:27.109Z","01.04.2025 16:30:27","INV3","COM5","slave_4","energy",25254,"Накопленная нагрузочная энергия (младший байт)","kWh",6270,
"2025-04-01T13:30:27.414Z","01.04.2025 16:30:27","INV3","COM5","slave_4","error",25261,"Сообщение об ошибке 1","-",0,
"2025-04-01T13:30:27.727Z","01.04.2025 16:30:27","INV3","COM5","slave_4","error",25262,"Сообщение об ошибке 2","-",0,
"2025-04-01T13:30:28.020Z","01.04.2025 16:30:28","INV3","COM5","slave_4","error",25265,"Сообщение о предупреждении 1","-",0,
"2025-04-01T13:30:28.317Z","01.04.2025 16:30:28","INV3","COM5","slave_4","error",25266,"Сообщение о предупреждении 2","-",0,
"2025-04-01T13:56:28.808Z","01.04.2025 16:56:28","INV1","COM3","slave_4","info",20000,"Тип устройства (старший байт)","-",20566,
"2025-04-01T13:56:29.136Z","01.04.2025 16:56:29","INV1","COM3","slave_4","info",20001,"Тип устройства (младший байт)","-",1800,
"2025-04-01T13:56:29.429Z","01.04.2025 16:56:29","INV1","COM3","slave_4","info",20002,"Серийный номер (старший байт)","-",65535,
"2025-04-01T13:56:29.726Z","01.04.2025 16:56:29","INV1","COM3","slave_4","info",20003,"Серийный номер (младший байт)","-",65535,
"2025-04-01T13:56:30.022Z","01.04.2025 16:56:30","INV1","COM3","slave_4","info",20004,"Версия оборудования","-",10101,
"2025-04-01T13:56:30.318Z","01.04.2025 16:56:30","INV1","COM3","slave_4","info",20005,"Версия программного обеспечения","-",21706,
"2025-04-01T13:56:30.627Z","01.04.2025 16:56:30","INV1","COM3","slave_4","info",20006,"Версия протокола","-",10414,
"2025-04-01T13:56:30.920Z","01.04.2025 16:56:30","INV1","COM3","slave_4","status",25201,"Состояние работы","-",3,
"2025-04-01T13:56:31.217Z","01.04.2025 16:56:31","INV1","COM3","slave_4","status",25205,"Напряжение АКБ","V",548,
"2025-04-01T13:56:31.511Z","01.04.2025 16:56:31","INV1","COM3","slave_4","status",25206,"Выходное напряжение инвертора","V",2194,
"2025-04-01T13:56:31.809Z","01.04.2025 16:56:31","INV1","COM3","slave_4","status",25207,"Сетевое напряжение","V",2204,
"2025-04-01T13:56:32.106Z","01.04.2025 16:56:32","INV1","COM3","slave_4","status",25210,"Ток инвертора","A",4,
"2025-04-01T13:56:32.416Z","01.04.2025 16:56:32","INV1","COM3","slave_4","status",25213,"Мощность инвертора","W",65468,
"2025-04-01T13:56:32.715Z","01.04.2025 16:56:32","INV1","COM3","slave_4","status",25214,"Мощность сети","W",65230,
"2025-04-01T13:56:33.010Z","01.04.2025 16:56:33","INV1","COM3","slave_4","status",25215,"Мощность нагрузки","W",219,
"2025-04-01T13:56:33.309Z","01.04.2025 16:56:33","INV1","COM3","slave_4","status",25216,"Процент нагрузки","%",4,
"2025-04-01T13:56:33.638Z","01.04.2025 16:56:33","INV1","COM3","slave_4","status",25233,"Температура радиатора AC","C",55,
"2025-04-01T13:56:34.079Z","01.04.2025 16:56:34","INV1","COM3","slave_4","status",25234,"Температура трансформатора","C",62,
"2025-04-01T13:56:34.382Z","01.04.2025 16:56:34","INV1","COM3","slave_4","status",25235,"Температура радиатора DC","C",42,
"2025-04-01T13:56:34.680Z","01.04.2025 16:56:34","INV1","COM3","slave_4","energy",25245,"Накопленная зарядная энергия (старший байт)","kWh",0,
"2025-04-01T13:56:34.974Z","01.04.2025 16:56:34","INV1","COM3","slave_4","energy",25246,"Накопленная зарядная энергия (младший байт)","kWh",1069,
"2025-04-01T13:56:35.271Z","01.04.2025 16:56:35","INV1","COM3","slave_4","energy",25247,"Накопленная разрядная энергия (старший байт)","kWh",0,
"2025-04-01T13:56:35.565Z","01.04.2025 16:56:35","INV1","COM3","slave_4","energy",25248,"Накопленная разрядная энергия (младший байт)","kWh",44,
"2025-04-01T13:56:35.880Z","01.04.2025 16:56:35","INV1","COM3","slave_4","energy",25253,"Накопленная нагрузочная энергия (старший байт)","kWh",0,
"2025-04-01T13:56:36.265Z","01.04.2025 16:56:36","INV1","COM3","slave_4","energy",25254,"Накопленная нагрузочная энергия (младший байт)","kWh",3803,
"2025-04-01T13:56:36.570Z","01.04.2025 16:56:36","INV1","COM3","slave_4","error",25261,"Сообщение об ошибке 1","-",0,
"2025-04-01T13:56:36.868Z","01.04.2025 16:56:36","INV1","COM3","slave_4","error",25262,"Сообщение об ошибке 2","-",0,
"2025-04-01T13:56:37.178Z","01.04.2025 16:56:37","INV1","COM3","slave_4","error",25265,"Сообщение о предупреждении 1","-",0,
"2025-04-01T13:56:37.474Z","01.04.2025 16:56:37","INV1","COM3","slave_4","error",25266,"Сообщение о предупреждении 2","-",0,
"2025-04-01T13:56:38.795Z","01.04.2025 16:56:38","INV2","COM4","slave_4","info",20000,"Тип устройства (старший байт)","-",20566,
"2025-04-01T13:56:39.275Z","01.04.2025 16:56:39","INV2","COM4","slave_4","info",20001,"Тип устройства (младший байт)","-",1800,
"2025-04-01T13:56:39.590Z","01.04.2025 16:56:39","INV2","COM4","slave_4","info",20002,"Серийный номер (старший байт)","-",65535,
"2025-04-01T13:56:39.887Z","01.04.2025 16:56:39","INV2","COM4","slave_4","info",20003,"Серийный номер (младший байт)","-",65535,
"2025-04-01T13:56:40.203Z","01.04.2025 16:56:40","INV2","COM4","slave_4","info",20004,"Версия оборудования","-",10101,
"2025-04-01T13:56:40.509Z","01.04.2025 16:56:40","INV2","COM4","slave_4","info",20005,"Версия программного обеспечения","-",21706,
"2025-04-01T13:56:40.819Z","01.04.2025 16:56:40","INV2","COM4","slave_4","info",20006,"Версия протокола","-",10414,
"2025-04-01T13:56:41.129Z","01.04.2025 16:56:41","INV2","COM4","slave_4","status",25201,"Состояние работы","-",3,
"2025-04-01T13:56:41.486Z","01.04.2025 16:56:41","INV2","COM4","slave_4","status",25205,"Напряжение АКБ","V",548,
"2025-04-01T13:56:41.793Z","01.04.2025 16:56:41","INV2","COM4","slave_4","status",25206,"Выходное напряжение инвертора","V",2221,
"2025-04-01T13:56:42.089Z","01.04.2025 16:56:42","INV2","COM4","slave_4","status",25207,"Сетевое напряжение","V",2233,
"2025-04-01T13:56:42.397Z","01.04.2025 16:56:42","INV2","COM4","slave_4","status",25210,"Ток инвертора","A",4,
"2025-04-01T13:56:42.709Z","01.04.2025 16:56:42","INV2","COM4","slave_4","status",25213,"Мощность инвертора","W",65466,
"2025-04-01T13:56:43.004Z","01.04.2025 16:56:43","INV2","COM4","slave_4","status",25214,"Мощность сети","W",65119,
"2025-04-01T13:56:43.300Z","01.04.2025 16:56:43","INV2","COM4","slave_4","status",25215,"Мощность нагрузки","W",328,
"2025-04-01T13:56:43.601Z","01.04.2025 16:56:43","INV2","COM4","slave_4","status",25216,"Процент нагрузки","%",6,
"2025-04-01T13:56:43.900Z","01.04.2025 16:56:43","INV2","COM4","slave_4","status",25233,"Температура радиатора AC","C",48,
"2025-04-01T13:56:44.193Z","01.04.2025 16:56:44","INV2","COM4","slave_4","status",25234,"Температура трансформатора","C",63,
"2025-04-01T13:56:44.567Z","01.04.2025 16:56:44","INV2","COM4","slave_4","status",25235,"Температура радиатора DC","C",43,
"2025-04-01T13:56:44.921Z","01.04.2025 16:56:44","INV2","COM4","slave_4","energy",25245,"Накопленная зарядная энергия (старший байт)","kWh",0,
"2025-04-01T13:56:45.232Z","01.04.2025 16:56:45","INV2","COM4","slave_4","energy",25246,"Накопленная зарядная энергия (младший байт)","kWh",1085,
"2025-04-01T13:56:45.539Z","01.04.2025 16:56:45","INV2","COM4","slave_4","energy",25247,"Накопленная разрядная энергия (старший байт)","kWh",0,
"2025-04-01T13:56:45.841Z","01.04.2025 16:56:45","INV2","COM4","slave_4","energy",25248,"Накопленная разрядная энергия (младший байт)","kWh",43,
"2025-04-01T13:56:46.152Z","01.04.2025 16:56:46","INV2","COM4","slave_4","energy",25253,"Накопленная нагрузочная энергия (старший байт)","kWh",0,
"2025-04-01T13:56:46.445Z","01.04.2025 16:56:46","INV2","COM4","slave_4","energy",25254,"Накопленная нагрузочная энергия (младший байт)","kWh",7514,
"2025-04-01T13:56:46.741Z","01.04.2025 16:56:46","INV2","COM4","slave_4","error",25261,"Сообщение об ошибке 1","-",0,
"2025-04-01T13:56:47.087Z","01.04.2025 16:56:47","INV2","COM4","slave_4","error",25262,"Сообщение об ошибке 2","-",0,
"2025-04-01T13:56:47.399Z","01.04.2025 16:56:47","INV2","COM4","slave_4","error",25265,"Сообщение о предупреждении 1","-",0,
"2025-04-01T13:56:47.711Z","01.04.2025 16:56:47","INV2","COM4","slave_4","error",25266,"Сообщение о предупреждении 2","-",0,
"2025-04-01T13:56:49.028Z","01.04.2025 16:56:49","INV3","COM5","slave_4","info",20000,"Тип устройства (старший байт)","-",20566,
"2025-04-01T13:56:49.325Z","01.04.2025 16:56:49","INV3","COM5","slave_4","info",20001,"Тип устройства (младший байт)","-",1800,
"2025-04-01T13:56:49.635Z","01.04.2025 16:56:49","INV3","COM5","slave_4","info",20002,"Серийный номер (старший байт)","-",65535,
"2025-04-01T13:56:50.079Z","01.04.2025 16:56:50","INV3","COM5","slave_4","info",20003,"Серийный номер (младший байт)","-",65535,
"2025-04-01T13:56:50.387Z","01.04.2025 16:56:50","INV3","COM5","slave_4","info",20004,"Версия оборудования","-",10101,
"2025-04-01T13:56:50.683Z","01.04.2025 16:56:50","INV3","COM5","slave_4","info",20005,"Версия программного обеспечения","-",21706,
"2025-04-01T13:56:50.980Z","01.04.2025 16:56:50","INV3","COM5","slave_4","info",20006,"Версия протокола","-",10414,
"2025-04-01T13:56:51.323Z","01.04.2025 16:56:51","INV3","COM5","slave_4","status",25201,"Состояние работы","-",3,
"2025-04-01T13:56:51.636Z","01.04.2025 16:56:51","INV3","COM5","slave_4","status",25205,"Напряжение АКБ","V",548,
"2025-04-01T13:56:51.944Z","01.04.2025 16:56:51","INV3","COM5","slave_4","status",25206,"Выходное напряжение инвертора","V",2189,
"2025-04-01T13:56:52.244Z","01.04.2025 16:56:52","INV3","COM5","slave_4","status",25207,"Сетевое напряжение","V",2202,
"2025-04-01T13:56:52.656Z","01.04.2025 16:56:52","INV3","COM5","slave_4","status",25210,"Ток инвертора","A",3,
"2025-04-01T13:56:52.959Z","01.04.2025 16:56:52","INV3","COM5","slave_4","status",25213,"Мощность инвертора","W",65467,
"2025-04-01T13:56:53.257Z","01.04.2025 16:56:53","INV3","COM5","slave_4","status",25214,"Мощность сети","W",65028,
"2025-04-01T13:56:53.549Z","01.04.2025 16:56:53","INV3","COM5","slave_4","status",25215,"Мощность нагрузки","W",408,
"2025-04-01T13:56:53.849Z","01.04.2025 16:56:53","INV3","COM5","slave_4","status",25216,"Процент нагрузки","%",8,
"2025-04-01T13:56:54.158Z","01.04.2025 16:56:54","INV3","COM5","slave_4","status",25233,"Температура радиатора AC","C",52,
"2025-04-01T13:56:54.456Z","01.04.2025 16:56:54","INV3","COM5","slave_4","status",25234,"Температура трансформатора","C",64,
"2025-04-01T13:56:54.765Z","01.04.2025 16:56:54","INV3","COM5","slave_4","status",25235,"Температура радиатора DC","C",47,
"2025-04-01T13:56:55.060Z","01.04.2025 16:56:55","INV3","COM5","slave_4","energy",25245,"Накопленная зарядная энергия (старший байт)","kWh",0,
"2025-04-01T13:56:55.356Z","01.04.2025 16:56:55","INV3","COM5","slave_4","energy",25246,"Накопленная зарядная энергия (младший байт)","kWh",1094,
"2025-04-01T13:56:55.653Z","01.04.2025 16:56:55","INV3","COM5","slave_4","energy",25247,"Накопленная разрядная энергия (старший байт)","kWh",0,
"2025-04-01T13:56:55.948Z","01.04.2025 16:56:55","INV3","COM5","slave_4","energy",25248,"Накопленная разрядная энергия (младший байт)","kWh",44,
"2025-04-01T13:56:56.257Z","01.04.2025 16:56:56","INV3","COM5","slave_4","energy",25253,"Накопленная нагрузочная энергия (старший байт)","kWh",0,
"2025-04-01T13:56:56.555Z","01.04.2025 16:56:56","INV3","COM5","slave_4","energy",25254,"Накопленная нагрузочная энергия (младший байт)","kWh",6272,
"2025-04-01T13:56:56.851Z","01.04.2025 16:56:56","INV3","COM5","slave_4","error",25261,"Сообщение об ошибке 1","-",0,
"2025-04-01T13:56:57.165Z","01.04.2025 16:56:57","INV3","COM5","slave_4","error",25262,"Сообщение об ошибке 2","-",0,
"2025-04-01T13:56:57.519Z","01.04.2025 16:56:57","INV3","COM5","slave_4","error",25265,"Сообщение о предупреждении 1","-",0,
"2025-04-01T13:56:57.827Z","01.04.2025 16:56:57","INV3","COM5","slave_4","error",25266,"Сообщение о предупреждении 2","-",0,
"2025-04-01T14:00:00.393Z","01.04.2025 17:00:00","INV1","COM3","slave_4","info",20000,"Тип устройства (старший байт)","-",20566,
"2025-04-01T14:00:00.693Z","01.04.2025 17:00:00","INV1","COM3","slave_4","info",20001,"Тип устройства (младший байт)","-",1800,
"2025-04-01T14:00:00.985Z","01.04.2025 17:00:00","INV1","COM3","slave_4","info",20002,"Серийный номер (старший байт)","-",65535,
"2025-04-01T14:00:01.284Z","01.04.2025 17:00:01","INV1","COM3","slave_4","info",20003,"Серийный номер (младший байт)","-",65535,
"2025-04-01T14:00:01.615Z","01.04.2025 17:00:01","INV1","COM3","slave_4","info",20004,"Версия оборудования","-",10101,
"2025-04-01T14:00:01.919Z","01.04.2025 17:00:01","INV1","COM3","slave_4","info",20005,"Версия программного обеспечения","-",21706,
"2025-04-01T14:00:02.216Z","01.04.2025 17:00:02","INV1","COM3","slave_4","info",20006,"Версия протокола","-",10414,
"2025-04-01T14:00:02.514Z","01.04.2025 17:00:02","INV1","COM3","slave_4","status",25201,"Состояние работы","-",3,
"2025-04-01T14:00:02.810Z","01.04.2025 17:00:02","INV1","COM3","slave_4","status",25205,"Напряжение АКБ","V",548,
"2025-04-01T14:00:03.106Z","01.04.2025 17:00:03","INV1","COM3","slave_4","status",25206,"Выходное напряжение инвертора","V",2192,
"2025-04-01T14:00:03.406Z","01.04.2025 17:00:03","INV1","COM3","slave_4","status",25207,"Сетевое напряжение","V",2208,
"2025-04-01T14:00:03.703Z","01.04.2025 17:00:03","INV1","COM3","slave_4","status",25210,"Ток инвертора","A",4,
"2025-04-01T14:00:03.999Z","01.04.2025 17:00:03","INV1","COM3","slave_4","status",25213,"Мощность инвертора","W",65469,
"2025-04-01T14:00:04.298Z","01.04.2025 17:00:04","INV1","COM3","slave_4","status",25214,"Мощность сети","W",65232,
"2025-04-01T14:00:04.592Z","01.04.2025 17:00:04","INV1","COM3","slave_4","status",25215,"Мощность нагрузки","W",221,
"2025-04-01T14:00:04.891Z","01.04.2025 17:00:04","INV1","COM3","slave_4","status",25216,"Процент нагрузки","%",4,
"2025-04-01T14:00:05.185Z","01.04.2025 17:00:05","INV1","COM3","slave_4","status",25233,"Температура радиатора AC","C",55,
"2025-04-01T14:00:05.489Z","01.04.2025 17:00:05","INV1","COM3","slave_4","status",25234,"Температура трансформатора","C",62,
"2025-04-01T14:00:05.794Z","01.04.2025 17:00:05","INV1","COM3","slave_4","status",25235,"Температура радиатора DC","C",42,
"2025-04-01T14:00:06.092Z","01.04.2025 17:00:06","INV1","COM3","slave_4","energy",25245,"Накопленная зарядная энергия (старший байт)","kWh",0,
"2025-04-01T14:00:06.390Z","01.04.2025 17:00:06","INV1","COM3","slave_4","energy",25246,"Накопленная зарядная энергия (младший байт)","kWh",1069,
"2025-04-01T14:00:06.687Z","01.04.2025 17:00:06","INV1","COM3","slave_4","energy",25247,"Накопленная разрядная энергия (старший байт)","kWh",0,
"2025-04-01T14:00:06.987Z","01.04.2025 17:00:06","INV1","COM3","slave_4","energy",25248,"Накопленная разрядная энергия (младший байт)","kWh",44,
"2025-04-01T14:00:07.282Z","01.04.2025 17:00:07","INV1","COM3","slave_4","energy",25253,"Накопленная нагрузочная энергия (старший байт)","kWh",0,
"2025-04-01T14:00:07.577Z","01.04.2025 17:00:07","INV1","COM3","slave_4","energy",25254,"Накопленная нагрузочная энергия (младший байт)","kWh",3803,
"2025-04-01T14:00:07.943Z","01.04.2025 17:00:07","INV1","COM3","slave_4","error",25261,"Сообщение об ошибке 1","-",0,
"2025-04-01T14:00:08.251Z","01.04.2025 17:00:08","INV1","COM3","slave_4","error",25262,"Сообщение об ошибке 2","-",0,
"2025-04-01T14:00:08.547Z","01.04.2025 17:00:08","INV1","COM3","slave_4","error",25265,"Сообщение о предупреждении 1","-",0,
"2025-04-01T14:00:08.843Z","01.04.2025 17:00:08","INV1","COM3","slave_4","error",25266,"Сообщение о предупреждении 2","-",0,
"2025-04-01T14:00:09.150Z","01.04.2025 17:00:09","INV2","COM4","slave_4","info",20000,"Тип устройства (старший байт)","-",20566,
"2025-04-01T14:00:09.449Z","01.04.2025 17:00:09","INV2","COM4","slave_4","info",20001,"Тип устройства (младший байт)","-",1800,
"2025-04-01T14:00:09.824Z","01.04.2025 17:00:09","INV2","COM4","slave_4","info",20002,"Серийный номер (старший байт)","-",65535,
"2025-04-01T14:00:10.152Z","01.04.2025 17:00:10","INV2","COM4","slave_4","info",20003,"Серийный номер (младший байт)","-",65535,
"2025-04-01T14:00:10.451Z","01.04.2025 17:00:10","INV2","COM4","slave_4","info",20004,"Версия оборудования","-",10101,
"2025-04-01T14:00:10.748Z","01.04.2025 17:00:10","INV2","COM4","slave_4","info",20005,"Версия программного обеспечения","-",21706,
"2025-04-01T14:00:11.047Z","01.04.2025 17:00:11","INV2","COM4","slave_4","info",20006,"Версия протокола","-",10414,
"2025-04-01T14:00:11.345Z","01.04.2025 17:00:11","INV2","COM4","slave_4","status",25201,"Состояние работы","-",3,
"2025-04-01T14:00:11.642Z","01.04.2025 17:00:11","INV2","COM4","slave_4","status",25205,"Напряжение АКБ","V",548,
"2025-04-01T14:00:11.934Z","01.04.2025 17:00:11","INV2","COM4","slave_4","status",25206,"Выходное напряжение инвертора","V",2221,
"2025-04-01T14:00:12.230Z","01.04.2025 17:00:12","INV2","COM4","slave_4","status",25207,"Сетевое напряжение","V",2233,
"2025-04-01T14:00:12.546Z","01.04.2025 17:00:12","INV2","COM4","slave_4","status",25210,"Ток инвертора","A",4,
"2025-04-01T14:00:12.854Z","01.04.2025 17:00:12","INV2","COM4","slave_4","status",25213,"Мощность инвертора","W",65466,
"2025-04-01T14:00:13.164Z","01.04.2025 17:00:13","INV2","COM4","slave_4","status",25214,"Мощность сети","W",65110,
"2025-04-01T14:00:13.463Z","01.04.2025 17:00:13","INV2","COM4","slave_4","status",25215,"Мощность нагрузки","W",336,
"2025-04-01T14:00:13.763Z","01.04.2025 17:00:13","INV2","COM4","slave_4","status",25216,"Процент нагрузки","%",6,
"2025-04-01T14:00:14.061Z","01.04.2025 17:00:14","INV2","COM4","slave_4","status",25233,"Температура радиатора AC","C",49,
"2025-04-01T14:00:14.359Z","01.04.2025 17:00:14","INV2","COM4","slave_4","status",25234,"Температура трансформатора","C",63,
"2025-04-01T14:00:14.656Z","01.04.2025 17:00:14","INV2","COM4","slave_4","status",25235,"Температура радиатора DC","C",43,
"2025-04-01T14:00:14.951Z","01.04.2025 17:00:14","INV2","COM4","slave_4","energy",25245,"Накопленная зарядная энергия (старший байт)","kWh",0,
"2025-04-01T14:00:15.250Z","01.04.2025 17:00:15","INV2","COM4","slave_4","energy",25246,"Накопленная зарядная энергия (младший байт)","kWh",1085,
"2025-04-01T14:00:15.554Z","01.04.2025 17:00:15","INV2","COM4","slave_4","energy",25247,"Накопленная разрядная энергия (старший байт)","kWh",0,
"2025-04-01T14:00:15.872Z","01.04.2025 17:00:15","INV2","COM4","slave_4","energy",25248,"Накопленная разрядная энергия (младший байт)","kWh",43,
"2025-04-01T14:00:16.184Z","01.04.2025 17:00:16","INV2","COM4","slave_4","energy",25253,"Накопленная нагрузочная энергия (старший байт)","kWh",0,
"2025-04-01T14:00:16.549Z","01.04.2025 17:00:16","INV2","COM4","slave_4","energy",25254,"Накопленная нагрузочная энергия (младший байт)","kWh",7514,
"2025-04-01T14:00:16.847Z","01.04.2025 17:00:16","INV2","COM4","slave_4","error",25261,"Сообщение об ошибке 1","-",0,
"2025-04-01T14:00:17.157Z","01.04.2025 17:00:17","INV2","COM4","slave_4","error",25262,"Сообщение об ошибке 2","-",0,
"2025-04-01T14:00:17.455Z","01.04.2025 17:00:17","INV2","COM4","slave_4","error",25265,"Сообщение о предупреждении 1","-",0,
"2025-04-01T14:00:17.753Z","01.04.2025 17:00:17","INV2","COM4","slave_4","error",25266,"Сообщение о предупреждении 2","-",0,
"2025-04-01T14:00:18.062Z","01.04.2025 17:00:18","INV3","COM5","slave_4","info",20000,"Тип устройства (старший байт)","-",20566,
"2025-04-01T14:00:18.410Z","01.04.2025 17:00:18","INV3","COM5","slave_4","info",20001,"Тип устройства (младший байт)","-",1800,
"2025-04-01T14:00:18.725Z","01.04.2025 17:00:18","INV3","COM5","slave_4","info",20002,"Серийный номер (старший байт)","-",65535,
"2025-04-01T14:00:19.020Z","01.04.2025 17:00:19","INV3","COM5","slave_4","info",20003,"Серийный номер (младший байт)","-",65535,
"2025-04-01T14:00:19.321Z","01.04.2025 17:00:19","INV3","COM5","slave_4","info",20004,"Версия оборудования","-",10101,
"2025-04-01T14:00:19.617Z","01.04.2025 17:00:19","INV3","COM5","slave_4","info",20005,"Версия программного обеспечения","-",21706,
"2025-04-01T14:00:19.912Z","01.04.2025 17:00:19","INV3","COM5","slave_4","info",20006,"Версия протокола","-",10414,
"2025-04-01T14:00:20.207Z","01.04.2025 17:00:20","INV3","COM5","slave_4","status",25201,"Состояние работы","-",3,
"2025-04-01T14:00:20.553Z","01.04.2025 17:00:20","INV3","COM5","slave_4","status",25205,"Напряжение АКБ","V",548,
"2025-04-01T14:00:20.851Z","01.04.2025 17:00:20","INV3","COM5","slave_4","status",25206,"Выходное напряжение инвертора","V",2189,
"2025-04-01T14:00:21.150Z","01.04.2025 17:00:21","INV3","COM5","slave_4","status",25207,"Сетевое напряжение","V",2202,
"2025-04-01T14:00:21.444Z","01.04.2025 17:00:21","INV3","COM5","slave_4","status",25210,"Ток инвертора","A",4,
"2025-04-01T14:00:21.743Z","01.04.2025 17:00:21","INV3","COM5","slave_4","status",25213,"Мощность инвертора","W",65464,
"2025-04-01T14:00:22.040Z","01.04.2025 17:00:22","INV3","COM5","slave_4","status",25214,"Мощность сети","W",65084,
"2025-04-01T14:00:22.336Z","01.04.2025 17:00:22","INV3","COM5","slave_4","status",25215,"Мощность нагрузки","W",357,
"2025-04-01T14:00:22.646Z","01.04.2025 17:00:22","INV3","COM5","slave_4","status",25216,"Процент нагрузки","%",7,
"2025-04-01T14:00:22.949Z","01.04.2025 17:00:22","INV3","COM5","slave_4","status",25233,"Температура радиатора AC","C",52,
"2025-04-01T14:00:23.247Z","01.04.2025 17:00:23","INV3","COM5","slave_4","status",25234,"Температура трансформатора","C",64,
"2025-04-01T14:00:23.583Z","01.04.2025 17:00:23","INV3","COM5","slave_4","status",25235,"Температура радиатора DC","C",47,
"2025-04-01T14:00:23.888Z","01.04.2025 17:00:23","INV3","COM5","slave_4","energy",25245,"Накопленная зарядная энергия (старший байт)","kWh",0,
"2025-04-01T14:00:24.184Z","01.04.2025 17:00:24","INV3","COM5","slave_4","energy",25246,"Накопленная зарядная энергия (младший байт)","kWh",1094,
"2025-04-01T14:00:24.478Z","01.04.2025 17:00:24","INV3","COM5","slave_4","energy",25247,"Накопленная разрядная энергия (старший байт)","kWh",0,
"2025-04-01T14:00:24.779Z","01.04.2025 17:00:24","INV3","COM5","slave_4","energy",25248,"Накопленная разрядная энергия (младший байт)","kWh",44,
"2025-04-01T14:00:25.088Z","01.04.2025 17:00:25","INV3","COM5","slave_4","energy",25253,"Накопленная нагрузочная энергия (старший байт)","kWh",0,
"2025-04-01T14:00:25.386Z","01.04.2025 17:00:25","INV3","COM5","slave_4","energy",25254,"Накопленная нагрузочная энергия (младший байт)","kWh",6272,
"2025-04-01T14:00:25.694Z","01.04.2025 17:00:25","INV3","COM5","slave_4","error",25261,"Сообщение об ошибке 1","-",0,
"2025-04-01T14:00:25.993Z","01.04.2025 17:00:25","INV3","COM5","slave_4","error",25262,"Сообщение об ошибке 2","-",0,
"2025-04-01T14:00:26.289Z","01.04.2025 17:00:26","INV3","COM5","slave_4","error",25265,"Сообщение о предупреждении 1","-",0,
"2025-04-01T14:00:26.583Z","01.04.2025 17:00:26","INV3","COM5","slave_4","error",25266,"Сообщение о предупреждении 2","-",0,
"2025-04-01T14:05:40.476Z","01.04.2025 17:05:40","INV1","COM3","slave_4","info",20000,"Тип устройства (старший байт)","-",20566,
"2025-04-01T14:05:40.896Z","01.04.2025 17:05:40","INV1","COM3","slave_4","info",20001,"Тип устройства (младший байт)","-",1800,
"2025-04-01T14:05:41.261Z","01.04.2025 17:05:41","INV1","COM3","slave_4","info",20002,"Серийный номер (старший байт)","-",65535,
"2025-04-01T14:05:41.565Z","01.04.2025 17:05:41","INV1","COM3","slave_4","info",20003,"Серийный номер (младший байт)","-",65535,
"2025-04-01T14:05:41.862Z","01.04.2025 17:05:41","INV1","COM3","slave_4","info",20004,"Версия оборудования","-",10101,
"2025-04-01T14:05:42.159Z","01.04.2025 17:05:42","INV1","COM3","slave_4","info",20005,"Версия программного обеспечения","-",21706,
"2025-04-01T14:05:42.457Z","01.04.2025 17:05:42","INV1","COM3","slave_4","info",20006,"Версия протокола","-",10414,
"2025-04-01T14:05:42.756Z","01.04.2025 17:05:42","INV1","COM3","slave_4","status",25201,"Состояние работы","-",3,
"2025-04-01T14:05:43.048Z","01.04.2025 17:05:43","INV1","COM3","slave_4","status",25205,"Напряжение АКБ","V",548,
"2025-04-01T14:05:43.356Z","01.04.2025 17:05:43","INV1","COM3","slave_4","status",25206,"Выходное напряжение инвертора","V",2193,
"2025-04-01T14:05:43.668Z","01.04.2025 17:05:43","INV1","COM3","slave_4","status",25207,"Сетевое напряжение","V",2204,
"2025-04-01T14:05:43.964Z","01.04.2025 17:05:43","INV1","COM3","slave_4","status",25210,"Ток инвертора","A",4,
"2025-04-01T14:05:44.667Z","01.04.2025 17:05:44","INV1","COM3","slave_4","status",25213,"Мощность инвертора","W",65470,
"2025-04-01T14:05:45.051Z","01.04.2025 17:05:45","INV1","COM3","slave_4","status",25214,"Мощность сети","W",65229,
"2025-04-01T14:05:45.350Z","01.04.2025 17:05:45","INV1","COM3","slave_4","status",25215,"Мощность нагрузки","W",233,
"2025-04-01T14:05:45.663Z","01.04.2025 17:05:45","INV1","COM3","slave_4","status",25216,"Процент нагрузки","%",4,
"2025-04-01T14:05:45.971Z","01.04.2025 17:05:45","INV1","COM3","slave_4","status",25233,"Температура радиатора AC","C",55,
"2025-04-01T14:05:46.284Z","01.04.2025 17:05:46","INV1","COM3","slave_4","status",25234,"Температура трансформатора","C",62,
"2025-04-01T14:05:46.601Z","01.04.2025 17:05:46","INV1","COM3","slave_4","status",25235,"Температура радиатора DC","C",42,
"2025-04-01T14:05:46.902Z","01.04.2025 17:05:46","INV1","COM3","slave_4","energy",25245,"Накопленная зарядная энергия (старший байт)","kWh",0,
"2025-04-01T14:05:47.311Z","01.04.2025 17:05:47","INV1","COM3","slave_4","energy",25246,"Накопленная зарядная энергия (младший байт)","kWh",1069,
"2025-04-01T14:05:47.658Z","01.04.2025 17:05:47","INV1","COM3","slave_4","energy",25247,"Накопленная разрядная энергия (старший байт)","kWh",0,
"2025-04-01T14:05:47.967Z","01.04.2025 17:05:47","INV1","COM3","slave_4","energy",25248,"Накопленная разрядная энергия (младший байт)","kWh",44,
"2025-04-01T14:05:48.279Z","01.04.2025 17:05:48","INV1","COM3","slave_4","energy",25253,"Накопленная нагрузочная энергия (старший байт)","kWh",0,
"2025-04-01T14:05:48.590Z","01.04.2025 17:05:48","INV1","COM3","slave_4","energy",25254,"Накопленная нагрузочная энергия (младший байт)","kWh",3804,
"2025-04-01T14:05:48.889Z","01.04.2025 17:05:48","INV1","COM3","slave_4","error",25261,"Сообщение об ошибке 1","-",0,
"2025-04-01T14:05:49.220Z","01.04.2025 17:05:49","INV1","COM3","slave_4","error",25262,"Сообщение об ошибке 2","-",0,
"2025-04-01T14:05:49.528Z","01.04.2025 17:05:49","INV1","COM3","slave_4","error",25265,"Сообщение о предупреждении 1","-",0,
"2025-04-01T14:05:49.828Z","01.04.2025 17:05:49","INV1","COM3","slave_4","error",25266,"Сообщение о предупреждении 2","-",0,
"2025-04-01T14:05:51.151Z","01.04.2025 17:05:51","INV2","COM4","slave_4","info",20000,"Тип устройства (старший байт)","-",20566,
"2025-04-01T14:05:51.449Z","01.04.2025 17:05:51","INV2","COM4","slave_4","info",20001,"Тип устройства (младший байт)","-",1800,
"2025-04-01T14:05:51.759Z","01.04.2025 17:05:51","INV2","COM4","slave_4","info",20002,"Серийный номер (старший байт)","-",65535,
"2025-04-01T14:05:52.091Z","01.04.2025 17:05:52","INV2","COM4","slave_4","info",20003,"Серийный номер (младший байт)","-",65535,
"2025-04-01T14:05:52.400Z","01.04.2025 17:05:52","INV2","COM4","slave_4","info",20004,"Версия оборудования","-",10101,
"2025-04-01T14:05:52.697Z","01.04.2025 17:05:52","INV2","COM4","slave_4","info",20005,"Версия программного обеспечения","-",21706,
"2025-04-01T14:05:52.997Z","01.04.2025 17:05:52","INV2","COM4","slave_4","info",20006,"Версия протокола","-",10414,
"2025-04-01T14:05:53.293Z","01.04.2025 17:05:53","INV2","COM4","slave_4","status",25201,"Состояние работы","-",3,
"2025-04-01T14:05:53.591Z","01.04.2025 17:05:53","INV2","COM4","slave_4","status",25205,"Напряжение АКБ","V",547,
"2025-04-01T14:05:53.978Z","01.04.2025 17:05:53","INV2","COM4","slave_4","status",25206,"Выходное напряжение инвертора","V",2220,
"2025-04-01T14:05:54.282Z","01.04.2025 17:05:54","INV2","COM4","slave_4","status",25207,"Сетевое напряжение","V",2232,
"2025-04-01T14:05:54.578Z","01.04.2025 17:05:54","INV2","COM4","slave_4","status",25210,"Ток инвертора","A",4,
"2025-04-01T14:05:54.875Z","01.04.2025 17:05:54","INV2","COM4","slave_4","status",25213,"Мощность инвертора","W",65464,
"2025-04-01T14:05:55.221Z","01.04.2025 17:05:55","INV2","COM4","slave_4","status",25214,"Мощность сети","W",65097,
"2025-04-01T14:05:55.518Z","01.04.2025 17:05:55","INV2","COM4","slave_4","status",25215,"Мощность нагрузки","W",350,
"2025-04-01T14:05:55.820Z","01.04.2025 17:05:55","INV2","COM4","slave_4","status",25216,"Процент нагрузки","%",6,
"2025-04-01T14:05:56.130Z","01.04.2025 17:05:56","INV2","COM4","slave_4","status",25233,"Температура радиатора AC","C",49,
"2025-04-01T14:05:56.556Z","01.04.2025 17:05:56","INV2","COM4","slave_4","status",25234,"Температура трансформатора","C",63,
"2025-04-01T14:05:56.943Z","01.04.2025 17:05:56","INV2","COM4","slave_4","status",25235,"Температура радиатора DC","C",43,
"2025-04-01T14:05:57.252Z","01.04.2025 17:05:57","INV2","COM4","slave_4","energy",25245,"Накопленная зарядная энергия (старший байт)","kWh",0,
"2025-04-01T14:05:57.546Z","01.04.2025 17:05:57","INV2","COM4","slave_4","energy",25246,"Накопленная зарядная энергия (младший байт)","kWh",1085,
"2025-04-01T14:05:57.857Z","01.04.2025 17:05:57","INV2","COM4","slave_4","energy",25247,"Накопленная разрядная энергия (старший байт)","kWh",0,
"2025-04-01T14:05:58.165Z","01.04.2025 17:05:58","INV2","COM4","slave_4","energy",25248,"Накопленная разрядная энергия (младший байт)","kWh",43,
"2025-04-01T14:05:58.460Z","01.04.2025 17:05:58","INV2","COM4","slave_4","energy",25253,"Накопленная нагрузочная энергия (старший байт)","kWh",0,
"2025-04-01T14:05:58.757Z","01.04.2025 17:05:58","INV2","COM4","slave_4","energy",25254,"Накопленная нагрузочная энергия (младший байт)","kWh",7515,
"2025-04-01T14:05:59.085Z","01.04.2025 17:05:59","INV2","COM4","slave_4","error",25261,"Сообщение об ошибке 1","-",0,
"2025-04-01T14:05:59.395Z","01.04.2025 17:05:59","INV2","COM4","slave_4","error",25262,"Сообщение об ошибке 2","-",0,
"2025-04-01T14:05:59.706Z","01.04.2025 17:05:59","INV2","COM4","slave_4","error",25265,"Сообщение о предупреждении 1","-",0,
"2025-04-01T14:06:00.000Z","01.04.2025 17:06:00","INV2","COM4","slave_4","error",25266,"Сообщение о предупреждении 2","-",0,
"2025-04-01T14:06:01.347Z","01.04.2025 17:06:01","INV3","COM5","slave_4","info",20000,"Тип устройства (старший байт)","-",20566,
"2025-04-01T14:06:01.662Z","01.04.2025 17:06:01","INV3","COM5","slave_4","info",20001,"Тип устройства (младший байт)","-",1800,
"2025-04-01T14:06:01.959Z","01.04.2025 17:06:01","INV3","COM5","slave_4","info",20002,"Серийный номер (старший байт)","-",65535,
"2025-04-01T14:06:02.312Z","01.04.2025 17:06:02","INV3","COM5","slave_4","info",20003,"Серийный номер (младший байт)","-",65535,
"2025-04-01T14:06:02.609Z","01.04.2025 17:06:02","INV3","COM5","slave_4","info",20004,"Версия оборудования","-",10101,
"2025-04-01T14:06:02.905Z","01.04.2025 17:06:02","INV3","COM5","slave_4","info",20005,"Версия программного обеспечения","-",21706,
"2025-04-01T14:06:03.200Z","01.04.2025 17:06:03","INV3","COM5","slave_4","info",20006,"Версия протокола","-",10414,
"2025-04-01T14:06:03.509Z","01.04.2025 17:06:03","INV3","COM5","slave_4","status",25201,"Состояние работы","-",3,
"2025-04-01T14:06:03.806Z","01.04.2025 17:06:03","INV3","COM5","slave_4","status",25205,"Напряжение АКБ","V",548,
"2025-04-01T14:06:04.102Z","01.04.2025 17:06:04","INV3","COM5","slave_4","status",25206,"Выходное напряжение инвертора","V",2189,
"2025-04-01T14:06:04.400Z","01.04.2025 17:06:04","INV3","COM5","slave_4","status",25207,"Сетевое напряжение","V",2200,
"2025-04-01T14:06:04.696Z","01.04.2025 17:06:04","INV3","COM5","slave_4","status",25210,"Ток инвертора","A",4,
"2025-04-01T14:06:05.066Z","01.04.2025 17:06:05","INV3","COM5","slave_4","status",25213,"Мощность инвертора","W",65458,
"2025-04-01T14:06:05.364Z","01.04.2025 17:06:05","INV3","COM5","slave_4","status",25214,"Мощность сети","W",65014,
"2025-04-01T14:06:05.673Z","01.04.2025 17:06:05","INV3","COM5","slave_4","status",25215,"Мощность нагрузки","W",429,
"2025-04-01T14:06:05.973Z","01.04.2025 17:06:05","INV3","COM5","slave_4","status",25216,"Процент нагрузки","%",8,
"2025-04-01T14:06:06.419Z","01.04.2025 17:06:06","INV3","COM5","slave_4","status",25233,"Температура радиатора AC","C",52,
"2025-04-01T14:06:06.731Z","01.04.2025 17:06:06","INV3","COM5","slave_4","status",25234,"Температура трансформатора","C",64,
"2025-04-01T14:06:07.027Z","01.04.2025 17:06:07","INV3","COM5","slave_4","status",25235,"Температура радиатора DC","C",47,
"2025-04-01T14:06:07.323Z","01.04.2025 17:06:07","INV3","COM5","slave_4","energy",25245,"Накопленная зарядная энергия (старший байт)","kWh",0,
"2025-04-01T14:06:07.617Z","01.04.2025 17:06:07","INV3","COM5","slave_4","energy",25246,"Накопленная зарядная энергия (младший байт)","kWh",1094,
"2025-04-01T14:06:07.912Z","01.04.2025 17:06:07","INV3","COM5","slave_4","energy",25247,"Накопленная разрядная энергия (старший байт)","kWh",0,
"2025-04-01T14:06:08.208Z","01.04.2025 17:06:08","INV3","COM5","slave_4","energy",25248,"Накопленная разрядная энергия (младший байт)","kWh",44,
"2025-04-01T14:06:08.507Z","01.04.2025 17:06:08","INV3","COM5","slave_4","energy",25253,"Накопленная нагрузочная энергия (старший байт)","kWh",0,
"2025-04-01T14:06:08.952Z","01.04.2025 17:06:08","INV3","COM5","slave_4","energy",25254,"Накопленная нагрузочная энергия (младший байт)","kWh",6273,
"2025-04-01T14:06:09.247Z","01.04.2025 17:06:09","INV3","COM5","slave_4","error",25261,"Сообщение об ошибке 1","-",0,
"2025-04-01T14:06:09.547Z","01.04.2025 17:06:09","INV3","COM5","slave_4","error",25262,"Сообщение об ошибке 2","-",0,
"2025-04-01T14:06:09.945Z","01.04.2025 17:06:09","INV3","COM5","slave_4","error",25265,"Сообщение о предупреждении 1","-",0,
"2025-04-01T14:06:10.389Z","01.04.2025 17:06:10","INV3","COM5","slave_4","error",25266,"Сообщение о предупреждении 2","-",0,
"2025-04-01T14:07:44.196Z","01.04.2025 17:07:44","INV1","COM3","slave_4","info",20000,"Тип устройства (старший байт)","-",20566,
"2025-04-01T14:07:44.521Z","01.04.2025 17:07:44","INV1","COM3","slave_4","info",20001,"Тип устройства (младший байт)","-",1800,
"2025-04-01T14:07:44.818Z","01.04.2025 17:07:44","INV1","COM3","slave_4","info",20002,"Серийный номер (старший байт)","-",65535,
"2025-04-01T14:07:45.115Z","01.04.2025 17:07:45","INV1","COM3","slave_4","info",20003,"Серийный номер (младший байт)","-",65535,
"2025-04-01T14:07:45.412Z","01.04.2025 17:07:45","INV1","COM3","slave_4","info",20004,"Версия оборудования","-",10101,
"2025-04-01T14:07:45.705Z","01.04.2025 17:07:45","INV1","COM3","slave_4","info",20005,"Версия программного обеспечения","-",21706,
"2025-04-01T14:07:46.003Z","01.04.2025 17:07:46","INV1","COM3","slave_4","info",20006,"Версия протокола","-",10414,
"2025-04-01T14:07:46.296Z","01.04.2025 17:07:46","INV1","COM3","slave_4","status",25201,"Состояние работы","-",3,
"2025-04-01T14:07:46.593Z","01.04.2025 17:07:46","INV1","COM3","slave_4","status",25205,"Напряжение АКБ","V",548,
"2025-04-01T14:07:46.889Z","01.04.2025 17:07:46","INV1","COM3","slave_4","status",25206,"Выходное напряжение инвертора","V",2192,
"2025-04-01T14:07:47.185Z","01.04.2025 17:07:47","INV1","COM3","slave_4","status",25207,"Сетевое напряжение","V",2201,
"2025-04-01T14:07:47.479Z","01.04.2025 17:07:47","INV1","COM3","slave_4","status",25210,"Ток инвертора","A",4,
"2025-04-01T14:07:47.774Z","01.04.2025 17:07:47","INV1","COM3","slave_4","status",25213,"Мощность инвертора","W",65468,
"2025-04-01T14:07:48.069Z","01.04.2025 17:07:48","INV1","COM3","slave_4","status",25214,"Мощность сети","W",65199,
"2025-04-01T14:07:48.362Z","01.04.2025 17:07:48","INV1","COM3","slave_4","status",25215,"Мощность нагрузки","W",256,
"2025-04-01T14:07:48.660Z","01.04.2025 17:07:48","INV1","COM3","slave_4","status",25216,"Процент нагрузки","%",5,
"2025-04-01T14:07:48.955Z","01.04.2025 17:07:48","INV1","COM3","slave_4","status",25233,"Температура радиатора AC","C",55,
"2025-04-01T14:07:49.249Z","01.04.2025 17:07:49","INV1","COM3","slave_4","status",25234,"Температура трансформатора","C",62,
"2025-04-01T14:07:49.547Z","01.04.2025 17:07:49","INV1","COM3","slave_4","status",25235,"Температура радиатора DC","C",42,
"2025-04-01T14:07:49.856Z","01.04.2025 17:07:49","INV1","COM3","slave_4","energy",25245,"Накопленная зарядная энергия (старший байт)","kWh",0,
"2025-04-01T14:07:50.152Z","01.04.2025 17:07:50","INV1","COM3","slave_4","energy",25246,"Накопленная зарядная энергия (младший байт)","kWh",1069,
"2025-04-01T14:07:50.450Z","01.04.2025 17:07:50","INV1","COM3","slave_4","energy",25247,"Накопленная разрядная энергия (старший байт)","kWh",0,
"2025-04-01T14:07:50.745Z","01.04.2025 17:07:50","INV1","COM3","slave_4","energy",25248,"Накопленная разрядная энергия (младший байт)","kWh",44,
"2025-04-01T14:07:51.112Z","01.04.2025 17:07:51","INV1","COM3","slave_4","energy",25253,"Накопленная нагрузочная энергия (старший байт)","kWh",0,
"2025-04-01T14:07:51.435Z","01.04.2025 17:07:51","INV1","COM3","slave_4","energy",25254,"Накопленная нагрузочная энергия (младший байт)","kWh",3804,
"2025-04-01T14:07:51.747Z","01.04.2025 17:07:51","INV1","COM3","slave_4","error",25261,"Сообщение об ошибке 1","-",0,
"2025-04-01T14:07:52.056Z","01.04.2025 17:07:52","INV1","COM3","slave_4","error",25262,"Сообщение об ошибке 2","-",0,
"2025-04-01T14:07:52.352Z","01.04.2025 17:07:52","INV1","COM3","slave_4","error",25265,"Сообщение о предупреждении 1","-",0,
"2025-04-01T14:07:52.650Z","01.04.2025 17:07:52","INV1","COM3","slave_4","error",25266,"Сообщение о предупреждении 2","-",0,
"2025-04-01T14:07:53.974Z","01.04.2025 17:07:53","INV2","COM4","slave_4","info",20000,"Тип устройства (старший байт)","-",20566,
"2025-04-01T14:07:54.282Z","01.04.2025 17:07:54","INV2","COM4","slave_4","info",20001,"Тип устройства (младший байт)","-",1800,
"2025-04-01T14:07:54.579Z","01.04.2025 17:07:54","INV2","COM4","slave_4","info",20002,"Серийный номер (старший байт)","-",65535,
"2025-04-01T14:07:54.872Z","01.04.2025 17:07:54","INV2","COM4","slave_4","info",20003,"Серийный номер (младший байт)","-",65535,
"2025-04-01T14:07:55.167Z","01.04.2025 17:07:55","INV2","COM4","slave_4","info",20004,"Версия оборудования","-",10101,
"2025-04-01T14:07:55.463Z","01.04.2025 17:07:55","INV2","COM4","slave_4","info",20005,"Версия программного обеспечения","-",21706,
"2025-04-01T14:07:55.758Z","01.04.2025 17:07:55","INV2","COM4","slave_4","info",20006,"Версия протокола","-",10414,
"2025-04-01T14:07:56.051Z","01.04.2025 17:07:56","INV2","COM4","slave_4","status",25201,"Состояние работы","-",3,
"2025-04-01T14:07:56.349Z","01.04.2025 17:07:56","INV2","COM4","slave_4","status",25205,"Напряжение АКБ","V",548,
"2025-04-01T14:07:56.644Z","01.04.2025 17:07:56","INV2","COM4","slave_4","status",25206,"Выходное напряжение инвертора","V",2220,
"2025-04-01T14:07:56.940Z","01.04.2025 17:07:56","INV2","COM4","slave_4","status",25207,"Сетевое напряжение","V",2232,
"2025-04-01T14:07:57.234Z","01.04.2025 17:07:57","INV2","COM4","slave_4","status",25210,"Ток инвертора","A",4,
"2025-04-01T14:07:57.527Z","01.04.2025 17:07:57","INV2","COM4","slave_4","status",25213,"Мощность инвертора","W",65463,
"2025-04-01T14:07:57.825Z","01.04.2025 17:07:57","INV2","COM4","slave_4","status",25214,"Мощность сети","W",65116,
"2025-04-01T14:07:58.121Z","01.04.2025 17:07:58","INV2","COM4","slave_4","status",25215,"Мощность нагрузки","W",327,
"2025-04-01T14:07:58.418Z","01.04.2025 17:07:58","INV2","COM4","slave_4","status",25216,"Процент нагрузки","%",6,
"2025-04-01T14:07:58.725Z","01.04.2025 17:07:58","INV2","COM4","slave_4","status",25233,"Температура радиатора AC","C",49,
"2025-04-01T14:07:59.083Z","01.04.2025 17:07:59","INV2","COM4","slave_4","status",25234,"Температура трансформатора","C",63,
"2025-04-01T14:07:59.391Z","01.04.2025 17:07:59","INV2","COM4","slave_4","status",25235,"Температура радиатора DC","C",43,
"2025-04-01T14:07:59.686Z","01.04.2025 17:07:59","INV2","COM4","slave_4","energy",25245,"Накопленная зарядная энергия (старший байт)","kWh",0,
"2025-04-01T14:07:59.994Z","01.04.2025 17:07:59","INV2","COM4","slave_4","energy",25246,"Накопленная зарядная энергия (младший байт)","kWh",1085,
"2025-04-01T14:08:00.293Z","01.04.2025 17:08:00","INV2","COM4","slave_4","energy",25247,"Накопленная разрядная энергия (старший байт)","kWh",0,
"2025-04-01T14:08:00.591Z","01.04.2025 17:08:00","INV2","COM4","slave_4","energy",25248,"Накопленная разрядная энергия (младший байт)","kWh",43,
"2025-04-01T14:08:00.927Z","01.04.2025 17:08:00","INV2","COM4","slave_4","energy",25253,"Накопленная нагрузочная энергия (старший байт)","kWh",0,
"2025-04-01T14:08:01.227Z","01.04.2025 17:08:01","INV2","COM4","slave_4","energy",25254,"Накопленная нагрузочная энергия (младший байт)","kWh",7515,
"2025-04-01T14:08:01.523Z","01.04.2025 17:08:01","INV2","COM4","slave_4","error",25261,"Сообщение об ошибке 1","-",0,
"2025-04-01T14:08:01.818Z","01.04.2025 17:08:01","INV2","COM4","slave_4","error",25262,"Сообщение об ошибке 2","-",0,
"2025-04-01T14:08:02.114Z","01.04.2025 17:08:02","INV2","COM4","slave_4","error",25265,"Сообщение о предупреждении 1","-",0,
"2025-04-01T14:08:02.412Z","01.04.2025 17:08:02","INV2","COM4","slave_4","error",25266,"Сообщение о предупреждении 2","-",0,
"2025-04-01T14:08:03.732Z","01.04.2025 17:08:03","INV3","COM5","slave_4","info",20000,"Тип устройства (старший байт)","-",20566,
"2025-04-01T14:08:04.030Z","01.04.2025 17:08:04","INV3","COM5","slave_4","info",20001,"Тип устройства (младший байт)","-",1800,
"2025-04-01T14:08:04.327Z","01.04.2025 17:08:04","INV3","COM5","slave_4","info",20002,"Серийный номер (старший байт)","-",65535,
"2025-04-01T14:08:04.625Z","01.04.2025 17:08:04","INV3","COM5","slave_4","info",20003,"Серийный номер (младший байт)","-",65535,
"2025-04-01T14:08:04.924Z","01.04.2025 17:08:04","INV3","COM5","slave_4","info",20004,"Версия оборудования","-",10101,
"2025-04-01T14:08:05.219Z","01.04.2025 17:08:05","INV3","COM5","slave_4","info",20005,"Версия программного обеспечения","-",21706,
"2025-04-01T14:08:05.516Z","01.04.2025 17:08:05","INV3","COM5","slave_4","info",20006,"Версия протокола","-",10414,
"2025-04-01T14:08:05.813Z","01.04.2025 17:08:05","INV3","COM5","slave_4","status",25201,"Состояние работы","-",3,
"2025-04-01T14:08:06.108Z","01.04.2025 17:08:06","INV3","COM5","slave_4","status",25205,"Напряжение АКБ","V",548,
"2025-04-01T14:08:06.405Z","01.04.2025 17:08:06","INV3","COM5","slave_4","status",25206,"Выходное напряжение инвертора","V",2189,
"2025-04-01T14:08:06.701Z","01.04.2025 17:08:06","INV3","COM5","slave_4","status",25207,"Сетевое напряжение","V",2199,
"2025-04-01T14:08:06.998Z","01.04.2025 17:08:06","INV3","COM5","slave_4","status",25210,"Ток инвертора","A",4,
"2025-04-01T14:08:07.296Z","01.04.2025 17:08:07","INV3","COM5","slave_4","status",25213,"Мощность инвертора","W",65461,
"2025-04-01T14:08:07.592Z","01.04.2025 17:08:07","INV3","COM5","slave_4","status",25214,"Мощность сети","W",65017,
"2025-04-01T14:08:07.888Z","01.04.2025 17:08:07","INV3","COM5","slave_4","status",25215,"Мощность нагрузки","W",428,
"2025-04-01T14:08:08.185Z","01.04.2025 17:08:08","INV3","COM5","slave_4","status",25216,"Процент нагрузки","%",8,
"2025-04-01T14:08:08.481Z","01.04.2025 17:08:08","INV3","COM5","slave_4","status",25233,"Температура радиатора AC","C",52,
"2025-04-01T14:08:08.817Z","01.04.2025 17:08:08","INV3","COM5","slave_4","status",25234,"Температура трансформатора","C",64,
"2025-04-01T14:08:09.121Z","01.04.2025 17:08:09","INV3","COM5","slave_4","status",25235,"Температура радиатора DC","C",47,
"2025-04-01T14:08:09.418Z","01.04.2025 17:08:09","INV3","COM5","slave_4","energy",25245,"Накопленная зарядная энергия (старший байт)","kWh",0,
"2025-04-01T14:08:09.716Z","01.04.2025 17:08:09","INV3","COM5","slave_4","energy",25246,"Накопленная зарядная энергия (младший байт)","kWh",1095,
"2025-04-01T14:08:10.011Z","01.04.2025 17:08:10","INV3","COM5","slave_4","energy",25247,"Накопленная разрядная энергия (старший байт)","kWh",0,
"2025-04-01T14:08:10.308Z","01.04.2025 17:08:10","INV3","COM5","slave_4","energy",25248,"Накопленная разрядная энергия (младший байт)","kWh",44,
"2025-04-01T14:08:10.605Z","01.04.2025 17:08:10","INV3","COM5","slave_4","energy",25253,"Накопленная нагрузочная энергия (старший байт)","kWh",0,
"2025-04-01T14:08:10.902Z","01.04.2025 17:08:10","INV3","COM5","slave_4","energy",25254,"Накопленная нагрузочная энергия (младший байт)","kWh",6273,
"2025-04-01T14:08:11.197Z","01.04.2025 17:08:11","INV3","COM5","slave_4","error",25261,"Сообщение об ошибке 1","-",0,
"2025-04-01T14:08:11.496Z","01.04.2025 17:08:11","INV3","COM5","slave_4","error",25262,"Сообщение об ошибке 2","-",0,
"2025-04-01T14:08:11.789Z","01.04.2025 17:08:11","INV3","COM5","slave_4","error",25265,"Сообщение о предупреждении 1","-",0,
"2025-04-01T14:08:12.087Z","01.04.2025 17:08:12","INV3","COM5","slave_4","error",25266,"Сообщение о предупреждении 2","-",0,
"2025-04-01T14:10:09.074Z","01.04.2025 17:10:09","INV1","COM3","slave_4","info",20000,"Тип устройства (старший байт)","-",20566,
"2025-04-01T14:10:09.398Z","01.04.2025 17:10:09","INV1","COM3","slave_4","info",20001,"Тип устройства (младший байт)","-",1800,
"2025-04-01T14:10:09.695Z","01.04.2025 17:10:09","INV1","COM3","slave_4","info",20002,"Серийный номер (старший байт)","-",65535,
"2025-04-01T14:10:09.992Z","01.04.2025 17:10:09","INV1","COM3","slave_4","info",20003,"Серийный номер (младший байт)","-",65535,
"2025-04-01T14:10:10.288Z","01.04.2025 17:10:10","INV1","COM3","slave_4","info",20004,"Версия оборудования","-",10101,
"2025-04-01T14:10:10.584Z","01.04.2025 17:10:10","INV1","COM3","slave_4","info",20005,"Версия программного обеспечения","-",21706,
"2025-04-01T14:10:10.881Z","01.04.2025 17:10:10","INV1","COM3","slave_4","info",20006,"Версия протокола","-",10414,
"2025-04-01T14:10:11.191Z","01.04.2025 17:10:11","INV1","COM3","slave_4","status",25201,"Состояние работы","-",3,
"2025-04-01T14:10:11.500Z","01.04.2025 17:10:11","INV1","COM3","slave_4","status",25205,"Напряжение АКБ","V",548,
"2025-04-01T14:10:11.956Z","01.04.2025 17:10:11","INV1","COM3","slave_4","status",25206,"Выходное напряжение инвертора","V",2192,
"2025-04-01T14:10:12.333Z","01.04.2025 17:10:12","INV1","COM3","slave_4","status",25207,"Сетевое напряжение","V",2204,
"2025-04-01T14:10:12.629Z","01.04.2025 17:10:12","INV1","COM3","slave_4","status",25210,"Ток инвертора","A",4,
"2025-04-01T14:10:12.937Z","01.04.2025 17:10:12","INV1","COM3","slave_4","status",25213,"Мощность инвертора","W",65463,
"2025-04-01T14:10:13.235Z","01.04.2025 17:10:13","INV1","COM3","slave_4","status",25214,"Мощность сети","W",65186,
"2025-04-01T14:10:13.535Z","01.04.2025 17:10:13","INV1","COM3","slave_4","status",25215,"Мощность нагрузки","W",269,
"2025-04-01T14:10:13.831Z","01.04.2025 17:10:13","INV1","COM3","slave_4","status",25216,"Процент нагрузки","%",5,
"2025-04-01T14:10:14.127Z","01.04.2025 17:10:14","INV1","COM3","slave_4","status",25233,"Температура радиатора AC","C",55,
"2025-04-01T14:10:14.424Z","01.04.2025 17:10:14","INV1","COM3","slave_4","status",25234,"Температура трансформатора","C",62,
"2025-04-01T14:10:14.723Z","01.04.2025 17:10:14","INV1","COM3","slave_4","status",25235,"Температура радиатора DC","C",42,
"2025-04-01T14:10:15.032Z","01.04.2025 17:10:15","INV1","COM3","slave_4","energy",25245,"Накопленная зарядная энергия (старший байт)","kWh",0,
"2025-04-01T14:10:15.329Z","01.04.2025 17:10:15","INV1","COM3","slave_4","energy",25246,"Накопленная зарядная энергия (младший байт)","kWh",1069,
"2025-04-01T14:10:15.629Z","01.04.2025 17:10:15","INV1","COM3","slave_4","energy",25247,"Накопленная разрядная энергия (старший байт)","kWh",0,
"2025-04-01T14:10:15.988Z","01.04.2025 17:10:15","INV1","COM3","slave_4","energy",25248,"Накопленная разрядная энергия (младший байт)","kWh",44,
"2025-04-01T14:10:16.294Z","01.04.2025 17:10:16","INV1","COM3","slave_4","energy",25253,"Накопленная нагрузочная энергия (старший байт)","kWh",0,
"2025-04-01T14:10:16.604Z","01.04.2025 17:10:16","INV1","COM3","slave_4","energy",25254,"Накопленная нагрузочная энергия (младший байт)","kWh",3804,
"2025-04-01T14:10:16.899Z","01.04.2025 17:10:16","INV1","COM3","slave_4","error",25261,"Сообщение об ошибке 1","-",0,
"2025-04-01T14:10:17.308Z","01.04.2025 17:10:17","INV1","COM3","slave_4","error",25262,"Сообщение об ошибке 2","-",0,
"2025-04-01T14:10:17.613Z","01.04.2025 17:10:17","INV1","COM3","slave_4","error",25265,"Сообщение о предупреждении 1","-",0,
"2025-04-01T14:10:17.910Z","01.04.2025 17:10:17","INV1","COM3","slave_4","error",25266,"Сообщение о предупреждении 2","-",0,
"2025-04-01T14:10:19.216Z","01.04.2025 17:10:19","INV2","COM4","slave_4","info",20000,"Тип устройства (старший байт)","-",20566,
"2025-04-01T14:10:19.514Z","01.04.2025 17:10:19","INV2","COM4","slave_4","info",20001,"Тип устройства (младший байт)","-",1800,
"2025-04-01T14:10:19.810Z","01.04.2025 17:10:19","INV2","COM4","slave_4","info",20002,"Серийный номер (старший байт)","-",65535,
"2025-04-01T14:10:20.104Z","01.04.2025 17:10:20","INV2","COM4","slave_4","info",20003,"Серийный номер (младший байт)","-",65535,
"2025-04-01T14:10:20.402Z","01.04.2025 17:10:20","INV2","COM4","slave_4","info",20004,"Версия оборудования","-",10101,
"2025-04-01T14:10:20.739Z","01.04.2025 17:10:20","INV2","COM4","slave_4","info",20005,"Версия программного обеспечения","-",21706,
"2025-04-01T14:10:21.046Z","01.04.2025 17:10:21","INV2","COM4","slave_4","info",20006,"Версия протокола","-",10414,
"2025-04-01T14:10:21.343Z","01.04.2025 17:10:21","INV2","COM4","slave_4","status",25201,"Состояние работы","-",3,
"2025-04-01T14:10:21.642Z","01.04.2025 17:10:21","INV2","COM4","slave_4","status",25205,"Напряжение АКБ","V",548,
"2025-04-01T14:10:21.997Z","01.04.2025 17:10:21","INV2","COM4","slave_4","status",25206,"Выходное напряжение инвертора","V",2221,
"2025-04-01T14:10:22.293Z","01.04.2025 17:10:22","INV2","COM4","slave_4","status",25207,"Сетевое напряжение","V",2232,
"2025-04-01T14:10:22.590Z","01.04.2025 17:10:22","INV2","COM4","slave_4","status",25210,"Ток инвертора","A",4,
"2025-04-01T14:10:22.920Z","01.04.2025 17:10:22","INV2","COM4","slave_4","status",25213,"Мощность инвертора","W",65473,
"2025-04-01T14:10:23.217Z","01.04.2025 17:10:23","INV2","COM4","slave_4","status",25214,"Мощность сети","W",65003,
"2025-04-01T14:10:23.514Z","01.04.2025 17:10:23","INV2","COM4","slave_4","status",25215,"Мощность нагрузки","W",446,
"2025-04-01T14:10:23.879Z","01.04.2025 17:10:23","INV2","COM4","slave_4","status",25216,"Процент нагрузки","%",8,
"2025-04-01T14:10:24.188Z","01.04.2025 17:10:24","INV2","COM4","slave_4","status",25233,"Температура радиатора AC","C",49,
"2025-04-01T14:10:24.491Z","01.04.2025 17:10:24","INV2","COM4","slave_4","status",25234,"Температура трансформатора","C",63,
"2025-04-01T14:10:24.796Z","01.04.2025 17:10:24","INV2","COM4","slave_4","status",25235,"Температура радиатора DC","C",43,
"2025-04-01T14:10:25.090Z","01.04.2025 17:10:25","INV2","COM4","slave_4","energy",25245,"Накопленная зарядная энергия (старший байт)","kWh",0,
"2025-04-01T14:10:25.384Z","01.04.2025 17:10:25","INV2","COM4","slave_4","energy",25246,"Накопленная зарядная энергия (младший байт)","kWh",1086,
"2025-04-01T14:10:25.678Z","01.04.2025 17:10:25","INV2","COM4","slave_4","energy",25247,"Накопленная разрядная энергия (старший байт)","kWh",0,
"2025-04-01T14:10:26.026Z","01.04.2025 17:10:26","INV2","COM4","slave_4","energy",25248,"Накопленная разрядная энергия (младший байт)","kWh",43,
"2025-04-01T14:10:26.334Z","01.04.2025 17:10:26","INV2","COM4","slave_4","energy",25253,"Накопленная нагрузочная энергия (старший байт)","kWh",0,
"2025-04-01T14:10:26.628Z","01.04.2025 17:10:26","INV2","COM4","slave_4","energy",25254,"Накопленная нагрузочная энергия (младший байт)","kWh",7515,
"2025-04-01T14:10:26.937Z","01.04.2025 17:10:26","INV2","COM4","slave_4","error",25261,"Сообщение об ошибке 1","-",0,
"2025-04-01T14:10:32.150Z","01.04.2025 17:10:32","INV2",,,"error",,,,,"Ошибка чтения регистра 25262: [object Object]"
"2025-04-01T14:10:37.364Z","01.04.2025 17:10:37","INV2",,,"error",,,,,"Ошибка чтения регистра 25265: [object Object]"
"2025-04-01T14:10:37.658Z","01.04.2025 17:10:37","INV2","COM4","slave_4","error",25266,"Сообщение о предупреждении 2","-",0,
"2025-04-01T14:10:38.979Z","01.04.2025 17:10:38","INV3","COM5","slave_4","info",20000,"Тип устройства (старший байт)","-",20566,
"2025-04-01T14:10:39.279Z","01.04.2025 17:10:39","INV3","COM5","slave_4","info",20001,"Тип устройства (младший байт)","-",1800,
"2025-04-01T14:10:39.574Z","01.04.2025 17:10:39","INV3","COM5","slave_4","info",20002,"Серийный номер (старший байт)","-",65535,
"2025-04-01T14:10:39.871Z","01.04.2025 17:10:39","INV3","COM5","slave_4","info",20003,"Серийный номер (младший байт)","-",65535,
"2025-04-01T14:10:40.168Z","01.04.2025 17:10:40","INV3","COM5","slave_4","info",20004,"Версия оборудования","-",10101,
"2025-04-01T14:10:40.464Z","01.04.2025 17:10:40","INV3","COM5","slave_4","info",20005,"Версия программного обеспечения","-",21706,
"2025-04-01T14:10:40.763Z","01.04.2025 17:10:40","INV3","COM5","slave_4","info",20006,"Версия протокола","-",10414,
"2025-04-01T14:10:41.070Z","01.04.2025 17:10:41","INV3","COM5","slave_4","status",25201,"Состояние работы","-",3,
"2025-04-01T14:10:41.430Z","01.04.2025 17:10:41","INV3","COM5","slave_4","status",25205,"Напряжение АКБ","V",547,
"2025-04-01T14:10:41.726Z","01.04.2025 17:10:41","INV3","COM5","slave_4","status",25206,"Выходное напряжение инвертора","V",2189,
"2025-04-01T14:10:42.019Z","01.04.2025 17:10:42","INV3","COM5","slave_4","status",25207,"Сетевое напряжение","V",2201,
"2025-04-01T14:10:42.313Z","01.04.2025 17:10:42","INV3","COM5","slave_4","status",25210,"Ток инвертора","A",4,
"2025-04-01T14:10:42.605Z","01.04.2025 17:10:42","INV3","COM5","slave_4","status",25213,"Мощность инвертора","W",65466,
"2025-04-01T14:10:42.904Z","01.04.2025 17:10:42","INV3","COM5","slave_4","status",25214,"Мощность сети","W",64852,
"2025-04-01T14:10:43.197Z","01.04.2025 17:10:43","INV3","COM5","slave_4","status",25215,"Мощность нагрузки","W",589,
"2025-04-01T14:10:43.494Z","01.04.2025 17:10:43","INV3","COM5","slave_4","status",25216,"Процент нагрузки","%",11,
"2025-04-01T14:10:43.846Z","01.04.2025 17:10:43","INV3","COM5","slave_4","status",25233,"Температура радиатора AC","C",52,
"2025-04-01T14:10:44.170Z","01.04.2025 17:10:44","INV3","COM5","slave_4","status",25234,"Температура трансформатора","C",64,
"2025-04-01T14:10:44.480Z","01.04.2025 17:10:44","INV3","COM5","slave_4","status",25235,"Температура радиатора DC","C",47,
"2025-04-01T14:10:44.776Z","01.04.2025 17:10:44","INV3","COM5","slave_4","energy",25245,"Накопленная зарядная энергия (старший байт)","kWh",0,
"2025-04-01T14:10:45.126Z","01.04.2025 17:10:45","INV3","COM5","slave_4","energy",25246,"Накопленная зарядная энергия (младший байт)","kWh",1095,
"2025-04-01T14:10:45.441Z","01.04.2025 17:10:45","INV3","COM5","slave_4","energy",25247,"Накопленная разрядная энергия (старший байт)","kWh",0,
"2025-04-01T14:10:45.736Z","01.04.2025 17:10:45","INV3","COM5","slave_4","energy",25248,"Накопленная разрядная энергия (младший байт)","kWh",44,
"2025-04-01T14:10:46.032Z","01.04.2025 17:10:46","INV3","COM5","slave_4","energy",25253,"Накопленная нагрузочная энергия (старший байт)","kWh",0,
"2025-04-01T14:10:46.339Z","01.04.2025 17:10:46","INV3","COM5","slave_4","energy",25254,"Накопленная нагрузочная энергия (младший байт)","kWh",6273,
"2025-04-01T14:10:46.697Z","01.04.2025 17:10:46","INV3","COM5","slave_4","error",25261,"Сообщение об ошибке 1","-",0,
"2025-04-01T14:10:46.998Z","01.04.2025 17:10:46","INV3","COM5","slave_4","error",25262,"Сообщение об ошибке 2","-",0,
"2025-04-01T14:10:47.293Z","01.04.2025 17:10:47","INV3","COM5","slave_4","error",25265,"Сообщение о предупреждении 1","-",0,
"2025-04-01T14:10:47.589Z","01.04.2025 17:10:47","INV3","COM5","slave_4","error",25266,"Сообщение о предупреждении 2","-",0,
